<?xml version='1.0' encoding='UTF-8'?>
<osm version="0.6" generator="custom python script">
  <node id="10000000" version="1" visible="true" lat="58.39750415728237" lon="26.75536666118619">
    <tag k="ele" v="59.64624786376953" />
  </node>
  <node id="10000001" version="1" visible="true" lat="58.397519534024894" lon="26.75543927190342">
    <tag k="ele" v="59.6662483215332" />
  </node>
  <node id="10000002" version="1" visible="true" lat="58.39753220917842" lon="26.75549528513746">
    <tag k="ele" v="59.66499710083008" />
  </node>
  <node id="10000003" version="1" visible="true" lat="58.39753854235303" lon="26.755519675065642">
    <tag k="ele" v="59.670623779296875" />
  </node>
  <node id="10000004" version="1" visible="true" lat="58.3975472044485" lon="26.755545017210263">
    <tag k="ele" v="59.68499755859375" />
  </node>
  <node id="10000005" version="1" visible="true" lat="58.39755188263394" lon="26.755556384886322">
    <tag k="ele" v="59.69499969482422" />
  </node>
  <node id="10000006" version="1" visible="true" lat="58.39755676244259" lon="26.75556658120909">
    <tag k="ele" v="59.70062255859375" />
  </node>
  <node id="10000007" version="1" visible="true" lat="58.39756465403586" lon="26.755580042743784">
    <tag k="ele" v="59.709373474121094" />
  </node>
  <node id="10000008" version="1" visible="true" lat="58.39757417465113" lon="26.755594608248003">
    <tag k="ele" v="59.7131233215332" />
  </node>
  <node id="10000009" version="1" visible="true" lat="58.39758036614582" lon="26.755602645658836">
    <tag k="ele" v="59.72187423706055" />
  </node>
  <node id="10000010" version="1" visible="true" lat="58.39758663363469" lon="26.755609445547307">
    <tag k="ele" v="59.73125076293945" />
  </node>
  <node id="10000011" version="1" visible="true" lat="58.397595144938016" lon="26.755616878032964">
    <tag k="ele" v="59.748748779296875" />
  </node>
  <node id="10000012" version="1" visible="true" lat="58.397602565422986" lon="26.755622274361258">
    <tag k="ele" v="59.76749801635742" />
  </node>
  <node id="10000013" version="1" visible="true" lat="58.397611487479786" lon="26.75562732091166">
    <tag k="ele" v="59.785621643066406" />
  </node>
  <node id="10000014" version="1" visible="true" lat="58.39762858006995" lon="26.75563493290299">
    <tag k="ele" v="59.808746337890625" />
  </node>
  <node id="10000015" version="1" visible="true" lat="58.39764931678215" lon="26.755640718814465">
    <tag k="ele" v="59.81562423706055" />
  </node>
  <node id="10000016" version="1" visible="true" lat="58.397660848906725" lon="26.755641886704385">
    <tag k="ele" v="59.82875061035156" />
  </node>
  <node id="10000017" version="1" visible="true" lat="58.39767187771469" lon="26.755641862466273">
    <tag k="ele" v="59.858123779296875" />
  </node>
  <node id="10000018" version="1" visible="true" lat="58.39770570023574" lon="26.755638767896137">
    <tag k="ele" v="59.90187454223633" />
  </node>
  <node id="10000019" version="1" visible="true" lat="58.39772693428422" lon="26.75563348593877">
    <tag k="ele" v="59.913124084472656" />
  </node>
  <node id="10000020" version="1" visible="true" lat="58.39775414199442" lon="26.755623850069753">
    <tag k="ele" v="59.951873779296875" />
  </node>
  <node id="10000021" version="1" visible="true" lat="58.397775808035554" lon="26.755614741074996">
    <tag k="ele" v="59.98624801635742" />
  </node>
  <node id="10000022" version="1" visible="true" lat="58.397834781209255" lon="26.755587342885832">
    <tag k="ele" v="60.03125" />
  </node>
  <node id="10000023" version="1" visible="true" lat="58.404903874951664" lon="26.751740724813917">
    <tag k="ele" v="60.127498626708984" />
  </node>
  <node id="10000024" version="1" visible="true" lat="58.40462352423685" lon="26.751648610905214">
    <tag k="ele" v="60.2131233215332" />
  </node>
  <node id="10000025" version="1" visible="true" lat="58.404528686450796" lon="26.751619245467655">
    <tag k="ele" v="60.117496490478516" />
  </node>
  <node id="10000026" version="1" visible="true" lat="58.40445330738917" lon="26.751597387274657">
    <tag k="ele" v="60.04812240600586" />
  </node>
  <node id="10000027" version="1" visible="true" lat="58.40432387721233" lon="26.751562575792963">
    <tag k="ele" v="60.04999923706055" />
  </node>
  <node id="10000028" version="1" visible="true" lat="58.404243402858405" lon="26.751542744238925">
    <tag k="ele" v="60.12687301635742" />
  </node>
  <node id="10000029" version="1" visible="true" lat="58.404177578487285" lon="26.75152906234332">
    <tag k="ele" v="60.223121643066406" />
  </node>
  <node id="10000030" version="1" visible="true" lat="58.404108330389626" lon="26.751518063450234">
    <tag k="ele" v="60.31062316894531" />
  </node>
  <node id="10000031" version="1" visible="true" lat="58.40404958491079" lon="26.75151211774928">
    <tag k="ele" v="60.424373626708984" />
  </node>
  <node id="10000032" version="1" visible="true" lat="58.40398532806934" lon="26.751508547788067">
    <tag k="ele" v="60.49562454223633" />
  </node>
  <node id="10000033" version="1" visible="true" lat="58.40394308401074" lon="26.751509142645396">
    <tag k="ele" v="60.58562469482422" />
  </node>
  <node id="10000034" version="1" visible="true" lat="58.40390375051375" lon="26.75151328299711">
    <tag k="ele" v="60.616249084472656" />
  </node>
  <node id="10000035" version="1" visible="true" lat="58.40387547227682" lon="26.751518127101306">
    <tag k="ele" v="60.65437316894531" />
  </node>
  <node id="10000036" version="1" visible="true" lat="58.403852429838906" lon="26.751523065502607">
    <tag k="ele" v="60.70062255859375" />
  </node>
  <node id="10000037" version="1" visible="true" lat="58.40382981489915" lon="26.751528853237193">
    <tag k="ele" v="60.72437286376953" />
  </node>
  <node id="10000038" version="1" visible="true" lat="58.40380676817821" lon="26.75153602409257">
    <tag k="ele" v="60.791873931884766" />
  </node>
  <node id="10000039" version="1" visible="true" lat="58.40378300324944" lon="26.7515447559952">
    <tag k="ele" v="60.82499694824219" />
  </node>
  <node id="10000040" version="1" visible="true" lat="58.403758520112554" lon="26.7515550489414">
    <tag k="ele" v="60.85249710083008" />
  </node>
  <node id="10000041" version="1" visible="true" lat="58.40371039800811" lon="26.751578649343166">
    <tag k="ele" v="60.92124938964844" />
  </node>
  <node id="10000042" version="1" visible="true" lat="58.40368091378947" lon="26.751594832227454">
    <tag k="ele" v="60.98749923706055" />
  </node>
  <node id="10000043" version="1" visible="true" lat="58.403648992124204" lon="26.75161352262052">
    <tag k="ele" v="61.04874801635742" />
  </node>
  <node id="10000044" version="1" visible="true" lat="58.40358175533169" lon="26.751655892307035">
    <tag k="ele" v="61.17312240600586" />
  </node>
  <node id="10000045" version="1" visible="true" lat="58.40333783108859" lon="26.75181781227543">
    <tag k="ele" v="61.62437438964844" />
  </node>
  <node id="10000046" version="1" visible="true" lat="58.40315760078625" lon="26.751938777402206">
    <tag k="ele" v="62.01124954223633" />
  </node>
  <node id="10000047" version="1" visible="true" lat="58.40274419769492" lon="26.752219818813057">
    <tag k="ele" v="62.93937301635742" />
  </node>
  <node id="10000048" version="1" visible="true" lat="58.40191894494845" lon="26.752786698993948">
    <tag k="ele" v="64.06124877929688" />
  </node>
  <node id="10000049" version="1" visible="true" lat="58.401665339730044" lon="26.752960157931664">
    <tag k="ele" v="64.17749786376953" />
  </node>
  <node id="10000050" version="1" visible="true" lat="58.4011196909087" lon="26.753332039920117">
    <tag k="ele" v="63.98812484741211" />
  </node>
  <node id="10000051" version="1" visible="true" lat="58.40066350972994" lon="26.753640694607604">
    <tag k="ele" v="63.83374786376953" />
  </node>
  <node id="10000052" version="1" visible="true" lat="58.39986253547747" lon="26.754190319140534">
    <tag k="ele" v="63.27499771118164" />
  </node>
  <node id="10000053" version="1" visible="true" lat="58.39910382203117" lon="26.75470472538599">
    <tag k="ele" v="62.53874969482422" />
  </node>
  <node id="10000054" version="1" visible="true" lat="58.3986857516592" lon="26.754982874368952">
    <tag k="ele" v="61.81624984741211" />
  </node>
  <node id="10000055" version="1" visible="true" lat="58.39846094713264" lon="26.75513112211575">
    <tag k="ele" v="61.301246643066406" />
  </node>
  <node id="10000056" version="1" visible="true" lat="58.398292589164924" lon="26.755239455007302">
    <tag k="ele" v="60.924373626708984" />
  </node>
  <node id="10000057" version="1" visible="true" lat="58.39827212291736" lon="26.755251389399916">
    <tag k="ele" v="60.890625" />
  </node>
  <node id="10000058" version="1" visible="true" lat="58.39824536919479" lon="26.755265368623302">
    <tag k="ele" v="60.819374084472656" />
  </node>
  <node id="10000059" version="1" visible="true" lat="58.39821983501906" lon="26.755272016742143">
    <tag k="ele" v="60.76124954223633" />
  </node>
  <node id="10000060" version="1" visible="true" lat="58.3982044423464" lon="26.755273695108617">
    <tag k="ele" v="60.74562454223633" />
  </node>
  <node id="10000061" version="1" visible="true" lat="58.398194181978354" lon="26.75527300556548">
    <tag k="ele" v="60.723121643066406" />
  </node>
  <node id="10000062" version="1" visible="true" lat="58.39817261788877" lon="26.755268230452746">
    <tag k="ele" v="60.67499923706055" />
  </node>
  <node id="10000063" version="1" visible="true" lat="58.398160947262284" lon="26.75526382012182">
    <tag k="ele" v="60.66749954223633" />
  </node>
  <node id="10000064" version="1" visible="true" lat="58.39815487313435" lon="26.755260000557023">
    <tag k="ele" v="60.65937423706055" />
  </node>
  <node id="10000065" version="1" visible="true" lat="58.39814224724868" lon="26.755249132631814">
    <tag k="ele" v="60.64624786376953" />
  </node>
  <node id="10000066" version="1" visible="true" lat="58.39812585022159" lon="26.755231877688765">
    <tag k="ele" v="60.59874725341797" />
  </node>
  <node id="10000067" version="1" visible="true" lat="58.39811687666238" lon="26.755220490697987">
    <tag k="ele" v="60.58374786376953" />
  </node>
  <node id="10000068" version="1" visible="true" lat="58.398104196681665" lon="26.755200975801237">
    <tag k="ele" v="60.541873931884766" />
  </node>
  <node id="10000069" version="1" visible="true" lat="58.398089248361316" lon="26.755174148032257">
    <tag k="ele" v="60.539371490478516" />
  </node>
  <node id="10000070" version="1" visible="true" lat="58.398082396097394" lon="26.755158897344124">
    <tag k="ele" v="60.53062438964844" />
  </node>
  <node id="10000071" version="1" visible="true" lat="58.398075756175615" lon="26.75514100140793">
    <tag k="ele" v="60.51312255859375" />
  </node>
  <node id="10000072" version="1" visible="true" lat="58.398068518526095" lon="26.7551184563154">
    <tag k="ele" v="60.49749755859375" />
  </node>
  <node id="10000073" version="1" visible="true" lat="58.3980457299804" lon="26.755037573582875">
    <tag k="ele" v="60.502498626708984" />
  </node>
  <node id="10000074" version="1" visible="true" lat="58.397944047765755" lon="26.755523479377636">
    <tag k="ele" v="60.19874954223633" />
  </node>
  <node id="10000075" version="1" visible="true" lat="58.3980683963559" lon="26.75544877863468">
    <tag k="ele" v="60.47749710083008" />
  </node>
  <node id="10000076" version="1" visible="true" lat="58.39812940069378" lon="26.755411764181915">
    <tag k="ele" v="60.59000015258789" />
  </node>
  <node id="10000077" version="1" visible="true" lat="58.39820700059206" lon="26.755362501841688">
    <tag k="ele" v="60.73062515258789" />
  </node>
  <node id="10000078" version="1" visible="true" lat="58.398339007767376" lon="26.755277080767396">
    <tag k="ele" v="61.045623779296875" />
  </node>
  <node id="10000079" version="1" visible="true" lat="58.39854380126405" lon="26.755142523849816">
    <tag k="ele" v="61.453121185302734" />
  </node>
  <node id="10000080" version="1" visible="true" lat="58.398709606338734" lon="26.755032495998677">
    <tag k="ele" v="61.82937240600586" />
  </node>
  <node id="10000081" version="1" visible="true" lat="58.398930151934216" lon="26.754884864626085">
    <tag k="ele" v="62.291873931884766" />
  </node>
  <node id="10000082" version="1" visible="true" lat="58.39906387219344" lon="26.754794347556793">
    <tag k="ele" v="62.471248626708984" />
  </node>
  <node id="10000083" version="1" visible="true" lat="58.399691171952206" lon="26.754365885978462">
    <tag k="ele" v="63.0881233215332" />
  </node>
  <node id="10000084" version="1" visible="true" lat="58.40030218666748" lon="26.753946676018604">
    <tag k="ele" v="63.55187225341797" />
  </node>
  <node id="10000085" version="1" visible="true" lat="58.4006873118452" lon="26.75368368708182">
    <tag k="ele" v="63.82499694824219" />
  </node>
  <node id="10000086" version="1" visible="true" lat="58.401606811755336" lon="26.753061751970698">
    <tag k="ele" v="64.14374542236328" />
  </node>
  <node id="10000087" version="1" visible="true" lat="58.40209019293934" lon="26.752729189026255">
    <tag k="ele" v="63.94062423706055" />
  </node>
  <node id="10000088" version="1" visible="true" lat="58.403050708913085" lon="26.752073661614915">
    <tag k="ele" v="62.24187469482422" />
  </node>
  <node id="10000089" version="1" visible="true" lat="58.40362497617884" lon="26.751683473792003">
    <tag k="ele" v="61.08937454223633" />
  </node>
  <node id="10000090" version="1" visible="true" lat="58.403665621694316" lon="26.751656820354672">
    <tag k="ele" v="61.01124954223633" />
  </node>
  <node id="10000091" version="1" visible="true" lat="58.4037368978351" lon="26.751614866589268">
    <tag k="ele" v="60.889373779296875" />
  </node>
  <node id="10000092" version="1" visible="true" lat="58.40376856344321" lon="26.75159992684774">
    <tag k="ele" v="60.850624084472656" />
  </node>
  <node id="10000093" version="1" visible="true" lat="58.40379829073048" lon="26.751588222277597">
    <tag k="ele" v="60.82124710083008" />
  </node>
  <node id="10000094" version="1" visible="true" lat="58.40381586780586" lon="26.751582253500025">
    <tag k="ele" v="60.791873931884766" />
  </node>
  <node id="10000095" version="1" visible="true" lat="58.403851691387096" lon="26.751573001730765">
    <tag k="ele" v="60.72249984741211" />
  </node>
  <node id="10000096" version="1" visible="true" lat="58.40389570777878" lon="26.751565792858578">
    <tag k="ele" v="60.64937210083008" />
  </node>
  <node id="10000097" version="1" visible="true" lat="58.40392623347527" lon="26.751563192485293">
    <tag k="ele" v="60.59874725341797" />
  </node>
  <node id="10000098" version="1" visible="true" lat="58.40397103290787" lon="26.751563360928486">
    <tag k="ele" v="60.524375915527344" />
  </node>
  <node id="10000099" version="1" visible="true" lat="58.404012186491215" lon="26.75156630345334">
    <tag k="ele" v="60.473121643066406" />
  </node>
  <node id="10000100" version="1" visible="true" lat="58.40407685366938" lon="26.751574264823905">
    <tag k="ele" v="60.421875" />
  </node>
  <node id="10000101" version="1" visible="true" lat="58.40413249092103" lon="26.751583857288484">
    <tag k="ele" v="60.26687240600586" />
  </node>
  <node id="10000102" version="1" visible="true" lat="58.40418045017887" lon="26.7515941515329">
    <tag k="ele" v="60.21249771118164" />
  </node>
  <node id="10000103" version="1" visible="true" lat="58.40423279997507" lon="26.75160727028123">
    <tag k="ele" v="60.18499755859375" />
  </node>
  <node id="10000104" version="1" visible="true" lat="58.4043230611332" lon="26.751631875943836">
    <tag k="ele" v="60.05062484741211" />
  </node>
  <node id="10000105" version="1" visible="true" lat="58.40465179701063" lon="26.751725774163948">
    <tag k="ele" v="60.2599983215332" />
  </node>
  <node id="10000106" version="1" visible="true" lat="58.40474257620911" lon="26.751753177582106">
    <tag k="ele" v="60.31624984741211" />
  </node>
  <node id="10000107" version="1" visible="true" lat="58.40489857724875" lon="26.751801841799">
    <tag k="ele" v="60.15812301635742" />
  </node>
  <node id="10000108" version="1" visible="true" lat="58.39719344256875" lon="26.751253215046592">
    <tag k="ele" v="58.90937423706055" />
  </node>
  <node id="10000109" version="1" visible="true" lat="58.39710403762318" lon="26.750848578185558">
    <tag k="ele" v="58.644996643066406" />
  </node>
  <node id="10000110" version="1" visible="true" lat="58.396962754304056" lon="26.752939688895374">
    <tag k="ele" v="58.87312316894531" />
  </node>
  <node id="10000111" version="1" visible="true" lat="58.39696881081933" lon="26.75296891001273">
    <tag k="ele" v="58.87999725341797" />
  </node>
  <node id="10000112" version="1" visible="true" lat="58.39699981892199" lon="26.753114135271268">
    <tag k="ele" v="58.931251525878906" />
  </node>
  <node id="10000113" version="1" visible="true" lat="58.397005757702544" lon="26.753138329129172">
    <tag k="ele" v="58.93437576293945" />
  </node>
  <node id="10000114" version="1" visible="true" lat="58.3970137264878" lon="26.753168263124145">
    <tag k="ele" v="58.94624710083008" />
  </node>
  <node id="10000115" version="1" visible="true" lat="58.39701891935057" lon="26.753182771103145">
    <tag k="ele" v="58.959373474121094" />
  </node>
  <node id="10000116" version="1" visible="true" lat="58.39702117897491" lon="26.753188133025954">
    <tag k="ele" v="58.959373474121094" />
  </node>
  <node id="10000117" version="1" visible="true" lat="58.3970240997945" lon="26.753193286957238">
    <tag k="ele" v="58.96062469482422" />
  </node>
  <node id="10000118" version="1" visible="true" lat="58.39703105337852" lon="26.753201892171212">
    <tag k="ele" v="58.97437286376953" />
  </node>
  <node id="10000119" version="1" visible="true" lat="58.397031393920116" lon="26.753202313599072">
    <tag k="ele" v="58.97437286376953" />
  </node>
  <node id="10000120" version="1" visible="true" lat="58.39703192501949" lon="26.75320297084644">
    <tag k="ele" v="58.97437286376953" />
  </node>
  <node id="10000121" version="1" visible="true" lat="58.39704208008119" lon="26.75321149007077">
    <tag k="ele" v="58.99250030517578" />
  </node>
  <node id="10000122" version="1" visible="true" lat="58.3970536201463" lon="26.753217846525462">
    <tag k="ele" v="59.0256233215332" />
  </node>
  <node id="10000123" version="1" visible="true" lat="58.397066027720236" lon="26.753221701845025">
    <tag k="ele" v="59.0412483215332" />
  </node>
  <node id="10000124" version="1" visible="true" lat="58.39707775031856" lon="26.75322204093407">
    <tag k="ele" v="59.04624938964844" />
  </node>
  <node id="10000125" version="1" visible="true" lat="58.397088683787544" lon="26.75321901903082">
    <tag k="ele" v="59.0625" />
  </node>
  <node id="10000126" version="1" visible="true" lat="58.39709851566578" lon="26.753213101857686">
    <tag k="ele" v="59.076873779296875" />
  </node>
  <node id="10000127" version="1" visible="true" lat="58.39710744827743" lon="26.753204841646795">
    <tag k="ele" v="59.07749938964844" />
  </node>
  <node id="10000128" version="1" visible="true" lat="58.39712029914514" lon="26.75319116444875">
    <tag k="ele" v="59.09000015258789" />
  </node>
  <node id="10000129" version="1" visible="true" lat="58.39712901766223" lon="26.753179342477655">
    <tag k="ele" v="59.09312438964844" />
  </node>
  <node id="10000130" version="1" visible="true" lat="58.39714192814847" lon="26.75315757890698">
    <tag k="ele" v="59.11062240600586" />
  </node>
  <node id="10000131" version="1" visible="true" lat="58.39714742396929" lon="26.753146357989134">
    <tag k="ele" v="59.129371643066406" />
  </node>
  <node id="10000132" version="1" visible="true" lat="58.39715048470584" lon="26.75313838960434">
    <tag k="ele" v="59.129371643066406" />
  </node>
  <node id="10000133" version="1" visible="true" lat="58.39715347573274" lon="26.753130358423782">
    <tag k="ele" v="59.13437271118164" />
  </node>
  <node id="10000134" version="1" visible="true" lat="58.3971578386698" lon="26.753115861884293">
    <tag k="ele" v="59.13749694824219" />
  </node>
  <node id="10000135" version="1" visible="true" lat="58.39716369848184" lon="26.75309363721604">
    <tag k="ele" v="59.14812469482422" />
  </node>
  <node id="10000136" version="1" visible="true" lat="58.39716647538122" lon="26.753081226143934">
    <tag k="ele" v="59.147499084472656" />
  </node>
  <node id="10000137" version="1" visible="true" lat="58.397168617829124" lon="26.753068841504025">
    <tag k="ele" v="59.147499084472656" />
  </node>
  <node id="10000138" version="1" visible="true" lat="58.39717088420623" lon="26.753055740469367">
    <tag k="ele" v="59.147499084472656" />
  </node>
  <node id="10000139" version="1" visible="true" lat="58.39717228038843" lon="26.75304300872352">
    <tag k="ele" v="59.16124725341797" />
  </node>
  <node id="10000140" version="1" visible="true" lat="58.397172972982105" lon="26.753036692976654">
    <tag k="ele" v="59.16124725341797" />
  </node>
  <node id="10000141" version="1" visible="true" lat="58.397174678555544" lon="26.75302113987624">
    <tag k="ele" v="59.16187286376953" />
  </node>
  <node id="10000142" version="1" visible="true" lat="58.39717475851246" lon="26.75302041074971">
    <tag k="ele" v="59.16187286376953" />
  </node>
  <node id="10000143" version="1" visible="true" lat="58.3971761735971" lon="26.752984706579685">
    <tag k="ele" v="59.163124084472656" />
  </node>
  <node id="10000144" version="1" visible="true" lat="58.39717684091583" lon="26.752936381859627">
    <tag k="ele" v="59.146873474121094" />
  </node>
  <node id="10000145" version="1" visible="true" lat="58.397174937845975" lon="26.752902316461213">
    <tag k="ele" v="59.143123626708984" />
  </node>
  <node id="10000146" version="1" visible="true" lat="58.39717000235291" lon="26.752851870610872">
    <tag k="ele" v="59.140625" />
  </node>
  <node id="10000147" version="1" visible="true" lat="58.39716270895023" lon="26.752797727999006">
    <tag k="ele" v="59.11249923706055" />
  </node>
  <node id="10000148" version="1" visible="true" lat="58.39715142254328" lon="26.752729522958216">
    <tag k="ele" v="59.096248626708984" />
  </node>
  <node id="10000149" version="1" visible="true" lat="58.39694189061425" lon="26.75204187805344">
    <tag k="ele" v="58.62187194824219" />
  </node>
  <node id="10000150" version="1" visible="true" lat="58.39690959653829" lon="26.751971936650662">
    <tag k="ele" v="58.553123474121094" />
  </node>
  <node id="10000151" version="1" visible="true" lat="58.396859363567124" lon="26.751863144223606">
    <tag k="ele" v="58.45249938964844" />
  </node>
  <node id="10000152" version="1" visible="true" lat="58.396832083678525" lon="26.75180122610407">
    <tag k="ele" v="58.383121490478516" />
  </node>
  <node id="10000153" version="1" visible="true" lat="58.396831106967305" lon="26.751798472219306">
    <tag k="ele" v="58.383121490478516" />
  </node>
  <node id="10000154" version="1" visible="true" lat="58.39678900825112" lon="26.7507657198885">
    <tag k="ele" v="57.91999816894531" />
  </node>
  <node id="10000155" version="1" visible="true" lat="58.39670490258257" lon="26.7508505969355">
    <tag k="ele" v="57.82187271118164" />
  </node>
  <node id="10000156" version="1" visible="true" lat="58.39665902860422" lon="26.750904261025855">
    <tag k="ele" v="57.77687454223633" />
  </node>
  <node id="10000157" version="1" visible="true" lat="58.39661794719514" lon="26.750973659171063">
    <tag k="ele" v="57.73187255859375" />
  </node>
  <node id="10000158" version="1" visible="true" lat="58.39659160387783" lon="26.751073531988034">
    <tag k="ele" v="57.72374725341797" />
  </node>
  <node id="10000159" version="1" visible="true" lat="58.396591096435884" lon="26.7511991617191">
    <tag k="ele" v="57.789371490478516" />
  </node>
  <node id="10000160" version="1" visible="true" lat="58.39660645659904" lon="26.751317294463984">
    <tag k="ele" v="57.856876373291016" />
  </node>
  <node id="10000161" version="1" visible="true" lat="58.39661251756485" lon="26.751350942577712">
    <tag k="ele" v="57.8849983215332" />
  </node>
  <node id="10000162" version="1" visible="true" lat="58.39710257927493" lon="26.75250144174005">
    <tag k="ele" v="58.98812484741211" />
  </node>
  <node id="10000163" version="1" visible="true" lat="58.39707565176268" lon="26.75239879888001">
    <tag k="ele" v="58.9375" />
  </node>
  <node id="10000164" version="1" visible="true" lat="58.39704393711365" lon="26.752297178176693">
    <tag k="ele" v="58.865623474121094" />
  </node>
  <node id="10000165" version="1" visible="true" lat="58.3970152299564" lon="26.752216839779614">
    <tag k="ele" v="58.79374694824219" />
  </node>
  <node id="10000166" version="1" visible="true" lat="58.396955910299496" lon="26.751172088095135">
    <tag k="ele" v="58.35749816894531" />
  </node>
  <node id="10000167" version="1" visible="true" lat="58.39697701825821" lon="26.75114170809941">
    <tag k="ele" v="58.41437530517578" />
  </node>
  <node id="10000168" version="1" visible="true" lat="58.39698853227243" lon="26.751130433751364">
    <tag k="ele" v="58.44312286376953" />
  </node>
  <node id="10000169" version="1" visible="true" lat="58.39699942419418" lon="26.751122514355046">
    <tag k="ele" v="58.49749755859375" />
  </node>
  <node id="10000170" version="1" visible="true" lat="58.397009381941885" lon="26.751116485540887">
    <tag k="ele" v="58.52687454223633" />
  </node>
  <node id="10000171" version="1" visible="true" lat="58.39702012616822" lon="26.751114358143994">
    <tag k="ele" v="58.56187438964844" />
  </node>
  <node id="10000172" version="1" visible="true" lat="58.39702922827994" lon="26.75111720777103">
    <tag k="ele" v="58.578125" />
  </node>
  <node id="10000173" version="1" visible="true" lat="58.397036838539655" lon="26.75112124985999">
    <tag k="ele" v="58.60312271118164" />
  </node>
  <node id="10000174" version="1" visible="true" lat="58.39704859883374" lon="26.751131507172996">
    <tag k="ele" v="58.62312316894531" />
  </node>
  <node id="10000175" version="1" visible="true" lat="58.39705910536272" lon="26.751142539205823">
    <tag k="ele" v="58.64562225341797" />
  </node>
  <node id="10000176" version="1" visible="true" lat="58.397067480113925" lon="26.75115894635654">
    <tag k="ele" v="58.66374969482422" />
  </node>
  <node id="10000177" version="1" visible="true" lat="58.39707521706317" lon="26.75117731090679">
    <tag k="ele" v="58.68312454223633" />
  </node>
  <node id="10000178" version="1" visible="true" lat="58.3970945675162" lon="26.751231884663024">
    <tag k="ele" v="58.756248474121094" />
  </node>
  <node id="10000179" version="1" visible="true" lat="58.39710303446771" lon="26.751258830552175">
    <tag k="ele" v="58.77000045776367" />
  </node>
  <node id="10000180" version="1" visible="true" lat="58.39717580355747" lon="26.751578420629333">
    <tag k="ele" v="58.948123931884766" />
  </node>
  <node id="10000181" version="1" visible="true" lat="58.39721858303339" lon="26.751758441605833">
    <tag k="ele" v="59.06749725341797" />
  </node>
  <node id="10000182" version="1" visible="true" lat="58.39723801429224" lon="26.75184021108483">
    <tag k="ele" v="59.135623931884766" />
  </node>
  <node id="10000183" version="1" visible="true" lat="58.39725228713596" lon="26.751900456427208">
    <tag k="ele" v="59.20499801635742" />
  </node>
  <node id="10000184" version="1" visible="true" lat="58.39727471873619" lon="26.751999008308342">
    <tag k="ele" v="59.28874969482422" />
  </node>
  <node id="10000185" version="1" visible="true" lat="58.397284321060766" lon="26.752042165183795">
    <tag k="ele" v="59.330623626708984" />
  </node>
  <node id="10000186" version="1" visible="true" lat="58.39729830653757" lon="26.75210978816596">
    <tag k="ele" v="59.37062454223633" />
  </node>
  <node id="10000187" version="1" visible="true" lat="58.397311135854004" lon="26.75218437814769">
    <tag k="ele" v="59.42499923706055" />
  </node>
  <node id="10000188" version="1" visible="true" lat="58.39733090589643" lon="26.752314051766913">
    <tag k="ele" v="59.449371337890625" />
  </node>
  <node id="10000189" version="1" visible="true" lat="58.39733514844784" lon="26.75234746839132">
    <tag k="ele" v="59.47624969482422" />
  </node>
  <node id="10000190" version="1" visible="true" lat="58.39734185494122" lon="26.752415976488034">
    <tag k="ele" v="59.50124740600586" />
  </node>
  <node id="10000191" version="1" visible="true" lat="58.397348697338586" lon="26.752499621991394">
    <tag k="ele" v="59.49562454223633" />
  </node>
  <node id="10000192" version="1" visible="true" lat="58.397351204489325" lon="26.752543011620084">
    <tag k="ele" v="59.49250030517578" />
  </node>
  <node id="10000193" version="1" visible="true" lat="58.39735425468974" lon="26.75262148049781">
    <tag k="ele" v="59.491249084472656" />
  </node>
  <node id="10000194" version="1" visible="true" lat="58.39735556153711" lon="26.752710949823154">
    <tag k="ele" v="59.449371337890625" />
  </node>
  <node id="10000195" version="1" visible="true" lat="58.397355320539496" lon="26.752746566495087">
    <tag k="ele" v="59.42749786376953" />
  </node>
  <node id="10000196" version="1" visible="true" lat="58.39735419253531" lon="26.7527936250116">
    <tag k="ele" v="59.42374801635742" />
  </node>
  <node id="10000197" version="1" visible="true" lat="58.39735335518907" lon="26.752826310827917">
    <tag k="ele" v="59.41124725341797" />
  </node>
  <node id="10000198" version="1" visible="true" lat="58.39735174710427" lon="26.752864623708046">
    <tag k="ele" v="59.390625" />
  </node>
  <node id="10000199" version="1" visible="true" lat="58.39734749368339" lon="26.752934704186867">
    <tag k="ele" v="59.358123779296875" />
  </node>
  <node id="10000200" version="1" visible="true" lat="58.39734132236535" lon="26.753014479696475">
    <tag k="ele" v="59.311248779296875" />
  </node>
  <node id="10000201" version="1" visible="true" lat="58.39733430605094" lon="26.753089522841197">
    <tag k="ele" v="59.307498931884766" />
  </node>
  <node id="10000202" version="1" visible="true" lat="58.3973289475902" lon="26.753137181259294">
    <tag k="ele" v="59.29624938964844" />
  </node>
  <node id="10000203" version="1" visible="true" lat="58.397316902920444" lon="26.753229378536066">
    <tag k="ele" v="59.32187271118164" />
  </node>
  <node id="10000204" version="1" visible="true" lat="58.3973038473659" lon="26.753320712880424">
    <tag k="ele" v="59.314998626708984" />
  </node>
  <node id="10000205" version="1" visible="true" lat="58.39725676452676" lon="26.75361797610677">
    <tag k="ele" v="59.28687286376953" />
  </node>
  <node id="10000206" version="1" visible="true" lat="58.39724312473799" lon="26.753717006860736">
    <tag k="ele" v="59.26499938964844" />
  </node>
  <node id="10000207" version="1" visible="true" lat="58.39723011059115" lon="26.75383607508944">
    <tag k="ele" v="59.24812316894531" />
  </node>
  <node id="10000208" version="1" visible="true" lat="58.39722518161076" lon="26.7539105970842">
    <tag k="ele" v="59.24250030517578" />
  </node>
  <node id="10000209" version="1" visible="true" lat="58.39722625665644" lon="26.75399565609511">
    <tag k="ele" v="59.26250076293945" />
  </node>
  <node id="10000210" version="1" visible="true" lat="58.39722847391931" lon="26.754047931063873">
    <tag k="ele" v="59.25187301635742" />
  </node>
  <node id="10000211" version="1" visible="true" lat="58.397240005281056" lon="26.754134118800703">
    <tag k="ele" v="59.25812530517578" />
  </node>
  <node id="10000212" version="1" visible="true" lat="58.3972725335987" lon="26.754288759289146">
    <tag k="ele" v="59.30875015258789" />
  </node>
  <node id="10000213" version="1" visible="true" lat="58.397366705505995" lon="26.75472341513622">
    <tag k="ele" v="59.42374801635742" />
  </node>
  <node id="10000214" version="1" visible="true" lat="58.39742956307056" lon="26.75501757310879">
    <tag k="ele" v="59.53624725341797" />
  </node>
  <node id="10000215" version="1" visible="true" lat="58.397470322280135" lon="26.755136470948184">
    <tag k="ele" v="59.586875915527344" />
  </node>
  <node id="10000216" version="1" visible="true" lat="58.3974959619314" lon="26.75517129265548">
    <tag k="ele" v="59.63374710083008" />
  </node>
  <node id="10000217" version="1" visible="true" lat="58.39752630846355" lon="26.75519182102994">
    <tag k="ele" v="59.65937423706055" />
  </node>
  <node id="10000218" version="1" visible="true" lat="58.397553692538" lon="26.7551967574771">
    <tag k="ele" v="59.69249725341797" />
  </node>
  <node id="10000219" version="1" visible="true" lat="58.39759168338709" lon="26.75518576783018">
    <tag k="ele" v="59.75312423706055" />
  </node>
  <node id="10000220" version="1" visible="true" lat="58.39760088893859" lon="26.75517837974505">
    <tag k="ele" v="59.76874923706055" />
  </node>
  <node id="10000221" version="1" visible="true" lat="58.39778843338439" lon="26.75436685602914">
    <tag k="ele" v="60.13687515258789" />
  </node>
  <node id="10000222" version="1" visible="true" lat="58.39777213973237" lon="26.754295433840497">
    <tag k="ele" v="60.11249923706055" />
  </node>
  <node id="10000223" version="1" visible="true" lat="58.39771115818082" lon="26.754023497024033">
    <tag k="ele" v="60.00187301635742" />
  </node>
  <node id="10000224" version="1" visible="true" lat="58.39769365688691" lon="26.753966031613075">
    <tag k="ele" v="59.98562240600586" />
  </node>
  <node id="10000225" version="1" visible="true" lat="58.39766824731989" lon="26.75391202850617">
    <tag k="ele" v="59.9318733215332" />
  </node>
  <node id="10000226" version="1" visible="true" lat="58.39763915101771" lon="26.7538675116025">
    <tag k="ele" v="59.86499786376953" />
  </node>
  <node id="10000227" version="1" visible="true" lat="58.39760616340626" lon="26.753799475663865">
    <tag k="ele" v="59.81312561035156" />
  </node>
  <node id="10000228" version="1" visible="true" lat="58.39758091651486" lon="26.753729427312">
    <tag k="ele" v="59.78312301635742" />
  </node>
  <node id="10000229" version="1" visible="true" lat="58.39755888630578" lon="26.753646190701655">
    <tag k="ele" v="59.72749710083008" />
  </node>
  <node id="10000230" version="1" visible="true" lat="58.39747454893104" lon="26.753273744963288">
    <tag k="ele" v="59.60249710083008" />
  </node>
  <node id="10000231" version="1" visible="true" lat="58.397425119891444" lon="26.753055602216584">
    <tag k="ele" v="59.508750915527344" />
  </node>
  <node id="10000232" version="1" visible="true" lat="58.396963866806104" lon="26.750336291902794">
    <tag k="ele" v="58.255001068115234" />
  </node>
  <node id="10000233" version="1" visible="true" lat="58.39696320604517" lon="26.75034406602751">
    <tag k="ele" v="58.255001068115234" />
  </node>
  <node id="10000234" version="1" visible="true" lat="58.396954817603344" lon="26.75044542414093">
    <tag k="ele" v="58.27312469482422" />
  </node>
  <node id="10000235" version="1" visible="true" lat="58.39704255556264" lon="26.752576612221674">
    <tag k="ele" v="58.93437194824219" />
  </node>
  <node id="10000236" version="1" visible="true" lat="58.397043442533736" lon="26.752581418114872">
    <tag k="ele" v="58.930625915527344" />
  </node>
  <node id="10000237" version="1" visible="true" lat="58.39704525316303" lon="26.752590945022536">
    <tag k="ele" v="58.930625915527344" />
  </node>
  <node id="10000238" version="1" visible="true" lat="58.39705212951243" lon="26.75262712604757">
    <tag k="ele" v="58.94312286376953" />
  </node>
  <node id="10000239" version="1" visible="true" lat="58.39707271163217" lon="26.75271146904736">
    <tag k="ele" v="59.006248474121094" />
  </node>
  <node id="10000240" version="1" visible="true" lat="58.3970855688883" lon="26.752753419852837">
    <tag k="ele" v="59.01250076293945" />
  </node>
  <node id="10000241" version="1" visible="true" lat="58.39710957866122" lon="26.75284729333135">
    <tag k="ele" v="59.04624938964844" />
  </node>
  <node id="10000242" version="1" visible="true" lat="58.39711294030188" lon="26.752860436715256">
    <tag k="ele" v="59.05062484741211" />
  </node>
  <node id="10000243" version="1" visible="true" lat="58.39711625737868" lon="26.752873405870517">
    <tag k="ele" v="59.06187438964844" />
  </node>
  <node id="10000244" version="1" visible="true" lat="58.397125001489286" lon="26.752907593758163">
    <tag k="ele" v="59.092498779296875" />
  </node>
  <node id="10000245" version="1" visible="true" lat="58.397130644012535" lon="26.75292965502935">
    <tag k="ele" v="59.09062576293945" />
  </node>
  <node id="10000246" version="1" visible="true" lat="58.39714117317769" lon="26.752970822267844">
    <tag k="ele" v="59.099998474121094" />
  </node>
  <node id="10000247" version="1" visible="true" lat="58.39715550143491" lon="26.75303444744074">
    <tag k="ele" v="59.1412467956543" />
  </node>
  <node id="10000248" version="1" visible="true" lat="58.39715598979149" lon="26.753036512806844">
    <tag k="ele" v="59.1412467956543" />
  </node>
  <node id="10000249" version="1" visible="true" lat="58.39717379727586" lon="26.753111824661712">
    <tag k="ele" v="59.15687561035156" />
  </node>
  <node id="10000250" version="1" visible="true" lat="58.3971907633921" lon="26.75319334044782">
    <tag k="ele" v="59.17374801635742" />
  </node>
  <node id="10000251" version="1" visible="true" lat="58.39724533664067" lon="26.75347056109657">
    <tag k="ele" v="59.271873474121094" />
  </node>
  <node id="10000252" version="1" visible="true" lat="58.39724779419292" lon="26.753483045038276">
    <tag k="ele" v="59.271873474121094" />
  </node>
  <node id="10000253" version="1" visible="true" lat="58.39731357941337" lon="26.753806704634602">
    <tag k="ele" v="59.361873626708984" />
  </node>
  <node id="10000254" version="1" visible="true" lat="58.39733694777911" lon="26.75392115012972">
    <tag k="ele" v="59.396873474121094" />
  </node>
  <node id="10000255" version="1" visible="true" lat="58.397364879890254" lon="26.75405794721611">
    <tag k="ele" v="59.449371337890625" />
  </node>
  <node id="10000256" version="1" visible="true" lat="58.39739318930059" lon="26.754196593073043">
    <tag k="ele" v="59.484375" />
  </node>
  <node id="10000257" version="1" visible="true" lat="58.39750269918438" lon="26.75472212465359">
    <tag k="ele" v="59.61062240600586" />
  </node>
  <node id="10000258" version="1" visible="true" lat="58.397516503675064" lon="26.754788372572136">
    <tag k="ele" v="59.6412467956543" />
  </node>
  <node id="10000259" version="1" visible="true" lat="58.3971031805722" lon="26.75084469930597">
    <tag k="ele" v="58.644996643066406" />
  </node>
  <node id="10000260" version="1" visible="true" lat="58.397095875140046" lon="26.750811636084176">
    <tag k="ele" v="58.62062454223633" />
  </node>
  <node id="10000261" version="1" visible="true" lat="58.39708687993096" lon="26.75077454325896">
    <tag k="ele" v="58.61062240600586" />
  </node>
  <node id="10000262" version="1" visible="true" lat="58.397077956943676" lon="26.750741210880207">
    <tag k="ele" v="58.57937240600586" />
  </node>
  <node id="10000263" version="1" visible="true" lat="58.3970701297292" lon="26.75071701384058">
    <tag k="ele" v="58.55812454223633" />
  </node>
  <node id="10000264" version="1" visible="true" lat="58.39706647240285" lon="26.75070843079333">
    <tag k="ele" v="58.54374694824219" />
  </node>
  <node id="10000265" version="1" visible="true" lat="58.39706071270572" lon="26.750694913889298">
    <tag k="ele" v="58.52499771118164" />
  </node>
  <node id="10000266" version="1" visible="true" lat="58.39705966045961" lon="26.750693006095908">
    <tag k="ele" v="58.52499771118164" />
  </node>
  <node id="10000267" version="1" visible="true" lat="58.397054010133694" lon="26.750682761675524">
    <tag k="ele" v="58.52499771118164" />
  </node>
  <node id="10000268" version="1" visible="true" lat="58.39704914383545" lon="26.75067393875384">
    <tag k="ele" v="58.51124954223633" />
  </node>
  <node id="10000269" version="1" visible="true" lat="58.397036920422224" lon="26.75065660342539">
    <tag k="ele" v="58.4943733215332" />
  </node>
  <node id="10000270" version="1" visible="true" lat="58.397024541568726" lon="26.75064374623009">
    <tag k="ele" v="58.45499801635742" />
  </node>
  <node id="10000271" version="1" visible="true" lat="58.39702007540708" lon="26.750640591533493">
    <tag k="ele" v="58.453121185302734" />
  </node>
  <node id="10000272" version="1" visible="true" lat="58.39701103539293" lon="26.750634206074913">
    <tag k="ele" v="58.426876068115234" />
  </node>
  <node id="10000273" version="1" visible="true" lat="58.39699607793444" lon="26.750627595927597">
    <tag k="ele" v="58.394996643066406" />
  </node>
  <node id="10000274" version="1" visible="true" lat="58.39698834984755" lon="26.750625962763205">
    <tag k="ele" v="58.38437271118164" />
  </node>
  <node id="10000275" version="1" visible="true" lat="58.39697953851213" lon="26.750625420694487">
    <tag k="ele" v="58.37624740600586" />
  </node>
  <node id="10000276" version="1" visible="true" lat="58.3969706592294" lon="26.750626184282556">
    <tag k="ele" v="58.3599967956543" />
  </node>
  <node id="10000277" version="1" visible="true" lat="58.39695213355055" lon="26.75063104697985">
    <tag k="ele" v="58.32500076293945" />
  </node>
  <node id="10000278" version="1" visible="true" lat="58.39693379046612" lon="26.750639378677842">
    <tag k="ele" v="58.29624938964844" />
  </node>
  <node id="10000279" version="1" visible="true" lat="58.39691591644175" lon="26.750650673005488">
    <tag k="ele" v="58.23999786376953" />
  </node>
  <node id="10000280" version="1" visible="true" lat="58.396897427223124" lon="26.750665138425568">
    <tag k="ele" v="58.18000030517578" />
  </node>
  <node id="10000281" version="1" visible="true" lat="58.396879934347304" lon="26.75068068648585">
    <tag k="ele" v="58.11124801635742" />
  </node>
  <node id="10000282" version="1" visible="true" lat="58.39687686571558" lon="26.750683538292794">
    <tag k="ele" v="58.11062240600586" />
  </node>
  <node id="10000283" version="1" visible="true" lat="58.39680623509862" lon="26.75074917810546">
    <tag k="ele" v="57.93874740600586" />
  </node>
  <node id="10000284" version="1" visible="true" lat="58.39710648746134" lon="26.751269819638196">
    <tag k="ele" v="58.770626068115234" />
  </node>
  <node id="10000285" version="1" visible="true" lat="58.39711633474337" lon="26.751310385311573">
    <tag k="ele" v="58.79374694824219" />
  </node>
  <node id="10000286" version="1" visible="true" lat="58.3971345430462" lon="26.75139244780358">
    <tag k="ele" v="58.85124969482422" />
  </node>
  <node id="10000287" version="1" visible="true" lat="58.3976297293919" lon="26.75515523328008">
    <tag k="ele" v="59.82187271118164" />
  </node>
  <node id="10000288" version="1" visible="true" lat="58.39779244033206" lon="26.755022093829645">
    <tag k="ele" v="59.96062469482422" />
  </node>
  <node id="10000289" version="1" visible="true" lat="58.39779730150732" lon="26.755017390282596">
    <tag k="ele" v="59.97749710083008" />
  </node>
  <node id="10000290" version="1" visible="true" lat="58.397823859138185" lon="26.75499169378204">
    <tag k="ele" v="60.06624984741211" />
  </node>
  <node id="10000291" version="1" visible="true" lat="58.39783599724798" lon="26.754972745525194">
    <tag k="ele" v="60.09687423706055" />
  </node>
  <node id="10000292" version="1" visible="true" lat="58.3978465338132" lon="26.75495157732194">
    <tag k="ele" v="60.124996185302734" />
  </node>
  <node id="10000293" version="1" visible="true" lat="58.397859735840285" lon="26.75492154127796">
    <tag k="ele" v="60.16999816894531" />
  </node>
  <node id="10000294" version="1" visible="true" lat="58.39787023854811" lon="26.75488919935124">
    <tag k="ele" v="60.2037467956543" />
  </node>
  <node id="10000295" version="1" visible="true" lat="58.397874257369956" lon="26.754843084267932">
    <tag k="ele" v="60.22437286376953" />
  </node>
  <node id="10000296" version="1" visible="true" lat="58.397876088154646" lon="26.75479644881687">
    <tag k="ele" v="60.22437286376953" />
  </node>
  <node id="10000297" version="1" visible="true" lat="58.39787163808354" lon="26.75475211451279">
    <tag k="ele" v="60.218746185302734" />
  </node>
  <node id="10000298" version="1" visible="true" lat="58.39786384190722" lon="26.754703833428948">
    <tag k="ele" v="60.207496643066406" />
  </node>
  <node id="10000299" version="1" visible="true" lat="58.397862045655415" lon="26.75469270940723">
    <tag k="ele" v="60.21437454223633" />
  </node>
  <node id="10000300" version="1" visible="true" lat="58.39783025647679" lon="26.754553361641854">
    <tag k="ele" v="60.165000915527344" />
  </node>
  <node id="10000301" version="1" visible="true" lat="58.39681965813242" lon="26.751766191696433">
    <tag k="ele" v="58.318748474121094" />
  </node>
  <node id="10000302" version="1" visible="true" lat="58.39681500664146" lon="26.751750497023835">
    <tag k="ele" v="58.314998626708984" />
  </node>
  <node id="10000303" version="1" visible="true" lat="58.396811678628694" lon="26.751737160914015">
    <tag k="ele" v="58.28874969482422" />
  </node>
  <node id="10000304" version="1" visible="true" lat="58.39680849959147" lon="26.751724421790982">
    <tag k="ele" v="58.28874969482422" />
  </node>
  <node id="10000305" version="1" visible="true" lat="58.39680236647863" lon="26.751688414927695">
    <tag k="ele" v="58.279998779296875" />
  </node>
  <node id="10000306" version="1" visible="true" lat="58.39679566303487" lon="26.751641008552514">
    <tag k="ele" v="58.23999786376953" />
  </node>
  <node id="10000307" version="1" visible="true" lat="58.39679377029707" lon="26.751622648871233">
    <tag k="ele" v="58.24250030517578" />
  </node>
  <node id="10000308" version="1" visible="true" lat="58.39679302696459" lon="26.751609493848893">
    <tag k="ele" v="58.23875045776367" />
  </node>
  <node id="10000309" version="1" visible="true" lat="58.3967924244649" lon="26.751580726681084">
    <tag k="ele" v="58.22749710083008" />
  </node>
  <node id="10000310" version="1" visible="true" lat="58.396792818511734" lon="26.751557334394395">
    <tag k="ele" v="58.22687530517578" />
  </node>
  <node id="10000311" version="1" visible="true" lat="58.396794381112954" lon="26.75153587285008">
    <tag k="ele" v="58.22437286376953" />
  </node>
  <node id="10000312" version="1" visible="true" lat="58.39679622930271" lon="26.751519168890784">
    <tag k="ele" v="58.21562194824219" />
  </node>
  <node id="10000313" version="1" visible="true" lat="58.3968019169901" lon="26.751482269877886">
    <tag k="ele" v="58.21187210083008" />
  </node>
  <node id="10000314" version="1" visible="true" lat="58.396805243840575" lon="26.751467145451446">
    <tag k="ele" v="58.21249771118164" />
  </node>
  <node id="10000315" version="1" visible="true" lat="58.39680877007242" lon="26.751454752035627">
    <tag k="ele" v="58.198123931884766" />
  </node>
  <node id="10000316" version="1" visible="true" lat="58.39681005768036" lon="26.751450871641513">
    <tag k="ele" v="58.198123931884766" />
  </node>
  <node id="10000317" version="1" visible="true" lat="58.39682393772332" lon="26.751409042069383">
    <tag k="ele" v="58.205623626708984" />
  </node>
  <node id="10000318" version="1" visible="true" lat="58.396832712860416" lon="26.75138706165034">
    <tag k="ele" v="58.21437454223633" />
  </node>
  <node id="10000319" version="1" visible="true" lat="58.39683905466053" lon="26.751372602661572">
    <tag k="ele" v="58.207496643066406" />
  </node>
  <node id="10000320" version="1" visible="true" lat="58.39684450558682" lon="26.7513626719012">
    <tag k="ele" v="58.209999084472656" />
  </node>
  <node id="10000321" version="1" visible="true" lat="58.396850025642365" lon="26.751352623539418">
    <tag k="ele" v="58.22624969482422" />
  </node>
  <node id="10000322" version="1" visible="true" lat="58.39685048277789" lon="26.75135179139844">
    <tag k="ele" v="58.22624969482422" />
  </node>
  <node id="10000323" version="1" visible="true" lat="58.396876239962104" lon="26.751306499747553">
    <tag k="ele" v="58.2287483215332" />
  </node>
  <node id="10000324" version="1" visible="true" lat="58.39690586740575" lon="26.751255648895583">
    <tag k="ele" v="58.26124954223633" />
  </node>
  <node id="10000325" version="1" visible="true" lat="58.396940278656" lon="26.751198189591555">
    <tag k="ele" v="58.29499816894531" />
  </node>
  <node id="10000326" version="1" visible="true" lat="58.396953453670584" lon="26.750461904536934">
    <tag k="ele" v="58.28624725341797" />
  </node>
  <node id="10000327" version="1" visible="true" lat="58.39695218887938" lon="26.750492851092677">
    <tag k="ele" v="58.301246643066406" />
  </node>
  <node id="10000328" version="1" visible="true" lat="58.396952358117126" lon="26.75050428928723">
    <tag k="ele" v="58.30562210083008" />
  </node>
  <node id="10000329" version="1" visible="true" lat="58.396952680338345" lon="26.75052606729792">
    <tag k="ele" v="58.31374740600586" />
  </node>
  <node id="10000330" version="1" visible="true" lat="58.39695438127842" lon="26.750556142788717">
    <tag k="ele" v="58.31562423706055" />
  </node>
  <node id="10000331" version="1" visible="true" lat="58.396958960144566" lon="26.750613054349195">
    <tag k="ele" v="58.34000015258789" />
  </node>
  <node id="10000332" version="1" visible="true" lat="58.396962609999605" lon="26.750658419297963">
    <tag k="ele" v="58.34749984741211" />
  </node>
  <node id="10000333" version="1" visible="true" lat="58.39696460532805" lon="26.750687653548265">
    <tag k="ele" v="58.36437225341797" />
  </node>
  <node id="10000334" version="1" visible="true" lat="58.39696558413882" lon="26.7507271878526">
    <tag k="ele" v="58.386871337890625" />
  </node>
  <node id="10000335" version="1" visible="true" lat="58.396965172073585" lon="26.750767939256793">
    <tag k="ele" v="58.38624954223633" />
  </node>
  <node id="10000336" version="1" visible="true" lat="58.396962219145145" lon="26.75080299723465">
    <tag k="ele" v="58.378746032714844" />
  </node>
  <node id="10000337" version="1" visible="true" lat="58.396956027789656" lon="26.750876502318533">
    <tag k="ele" v="58.3599967956543" />
  </node>
  <node id="10000338" version="1" visible="true" lat="58.396952911237165" lon="26.750913502489976">
    <tag k="ele" v="58.3537483215332" />
  </node>
  <node id="10000339" version="1" visible="true" lat="58.39693711264481" lon="26.751133328364745">
    <tag k="ele" v="58.29312515258789" />
  </node>
  <node id="10000340" version="1" visible="true" lat="58.39693483300084" lon="26.75117000537625">
    <tag k="ele" v="58.29499816894531" />
  </node>
  <node id="10000341" version="1" visible="true" lat="58.39693462814472" lon="26.751173301281572">
    <tag k="ele" v="58.29499816894531" />
  </node>
  <node id="10000342" version="1" visible="true" lat="58.39693452871143" lon="26.75117490105163">
    <tag k="ele" v="58.29499816894531" />
  </node>
  <node id="10000343" version="1" visible="true" lat="58.396932335883214" lon="26.751210181104728">
    <tag k="ele" v="58.27937316894531" />
  </node>
  <node id="10000344" version="1" visible="true" lat="58.396932281455996" lon="26.751211566567918">
    <tag k="ele" v="58.27937316894531" />
  </node>
  <node id="10000345" version="1" visible="true" lat="58.39693058839415" lon="26.75125466383488">
    <tag k="ele" v="58.29249954223633" />
  </node>
  <node id="10000346" version="1" visible="true" lat="58.396930086242115" lon="26.751267446154536">
    <tag k="ele" v="58.29249954223633" />
  </node>
  <node id="10000347" version="1" visible="true" lat="58.39692971897627" lon="26.751279818681653">
    <tag k="ele" v="58.30187225341797" />
  </node>
  <node id="10000348" version="1" visible="true" lat="58.39692883746457" lon="26.751309515063067">
    <tag k="ele" v="58.31812286376953" />
  </node>
  <node id="10000349" version="1" visible="true" lat="58.396927966107306" lon="26.751338869131388">
    <tag k="ele" v="58.32999801635742" />
  </node>
  <node id="10000350" version="1" visible="true" lat="58.39692748386859" lon="26.751355114571876">
    <tag k="ele" v="58.33374786376953" />
  </node>
  <node id="10000351" version="1" visible="true" lat="58.396927199864315" lon="26.751380916120763">
    <tag k="ele" v="58.34187316894531" />
  </node>
  <node id="10000352" version="1" visible="true" lat="58.3969271668704" lon="26.751383913559614">
    <tag k="ele" v="58.34187316894531" />
  </node>
  <node id="10000353" version="1" visible="true" lat="58.39692692972649" lon="26.751405457476338">
    <tag k="ele" v="58.346248626708984" />
  </node>
  <node id="10000354" version="1" visible="true" lat="58.3969265198964" lon="26.751442688711737">
    <tag k="ele" v="58.36249923706055" />
  </node>
  <node id="10000355" version="1" visible="true" lat="58.396927878269636" lon="26.751573956218966">
    <tag k="ele" v="58.420623779296875" />
  </node>
  <node id="10000356" version="1" visible="true" lat="58.39692791606727" lon="26.751575617340983">
    <tag k="ele" v="58.420623779296875" />
  </node>
  <node id="10000357" version="1" visible="true" lat="58.39692927362869" lon="26.751635279772657">
    <tag k="ele" v="58.441871643066406" />
  </node>
  <node id="10000358" version="1" visible="true" lat="58.39693331056042" lon="26.751734094529088">
    <tag k="ele" v="58.48500061035156" />
  </node>
  <node id="10000359" version="1" visible="true" lat="58.396933693659285" lon="26.75174347200245">
    <tag k="ele" v="58.48500061035156" />
  </node>
  <node id="10000360" version="1" visible="true" lat="58.39693464443706" lon="26.751761487363126">
    <tag k="ele" v="58.48937225341797" />
  </node>
  <node id="10000361" version="1" visible="true" lat="58.396936631469806" lon="26.751799137866584">
    <tag k="ele" v="58.49374771118164" />
  </node>
  <node id="10000362" version="1" visible="true" lat="58.39693984571475" lon="26.751847455870507">
    <tag k="ele" v="58.54249954223633" />
  </node>
  <node id="10000363" version="1" visible="true" lat="58.39694882892047" lon="26.751951046375787">
    <tag k="ele" v="58.578125" />
  </node>
  <node id="10000364" version="1" visible="true" lat="58.39695010720474" lon="26.751963504801033">
    <tag k="ele" v="58.58687210083008" />
  </node>
  <node id="10000365" version="1" visible="true" lat="58.39696229070873" lon="26.75208224841562">
    <tag k="ele" v="58.65999984741211" />
  </node>
  <node id="10000366" version="1" visible="true" lat="58.39697246973618" lon="26.752167203748755">
    <tag k="ele" v="58.723121643066406" />
  </node>
  <node id="10000367" version="1" visible="true" lat="58.39698344029664" lon="26.75224634683745">
    <tag k="ele" v="58.76937484741211" />
  </node>
  <node id="10000368" version="1" visible="true" lat="58.39700950296686" lon="26.752394621680953">
    <tag k="ele" v="58.8537483215332" />
  </node>
  <node id="10000369" version="1" visible="true" lat="58.397017582556465" lon="26.75243962308242">
    <tag k="ele" v="58.87437438964844" />
  </node>
  <node id="10000370" version="1" visible="true" lat="58.39702184155641" lon="26.75246334474759">
    <tag k="ele" v="58.88062286376953" />
  </node>
  <node id="10000371" version="1" visible="true" lat="58.39702610055191" lon="26.752487066418542">
    <tag k="ele" v="58.88812255859375" />
  </node>
  <node id="10000372" version="1" visible="true" lat="58.39702865854425" lon="26.752501313889404">
    <tag k="ele" v="58.89562225341797" />
  </node>
  <node id="10000373" version="1" visible="true" lat="58.39703845869906" lon="26.752554414119956">
    <tag k="ele" v="58.92374801635742" />
  </node>
  <node id="10000374" version="1" visible="true" lat="58.39769730134994" lon="26.754199271361696">
    <tag k="ele" v="59.971248626708984" />
  </node>
  <node id="10000375" version="1" visible="true" lat="58.39770171457786" lon="26.754255032346908">
    <tag k="ele" v="59.96562194824219" />
  </node>
  <node id="10000376" version="1" visible="true" lat="58.39770323526416" lon="26.754283645938973">
    <tag k="ele" v="59.97812271118164" />
  </node>
  <node id="10000377" version="1" visible="true" lat="58.39770419219542" lon="26.75430165184647">
    <tag k="ele" v="59.976871490478516" />
  </node>
  <node id="10000378" version="1" visible="true" lat="58.397705099925105" lon="26.754362189104977">
    <tag k="ele" v="59.95437240600586" />
  </node>
  <node id="10000379" version="1" visible="true" lat="58.397704647426785" lon="26.754404994717387">
    <tag k="ele" v="59.94687271118164" />
  </node>
  <node id="10000380" version="1" visible="true" lat="58.39770401168006" lon="26.75441632442629">
    <tag k="ele" v="59.93937301635742" />
  </node>
  <node id="10000381" version="1" visible="true" lat="58.397702764542515" lon="26.754438549742236">
    <tag k="ele" v="59.92937469482422" />
  </node>
  <node id="10000382" version="1" visible="true" lat="58.39769997720251" lon="26.75448119674621">
    <tag k="ele" v="59.91187286376953" />
  </node>
  <node id="10000383" version="1" visible="true" lat="58.397696742528126" lon="26.75451619846931">
    <tag k="ele" v="59.858123779296875" />
  </node>
  <node id="10000384" version="1" visible="true" lat="58.397694090405345" lon="26.75453877814542">
    <tag k="ele" v="59.84437561035156" />
  </node>
  <node id="10000385" version="1" visible="true" lat="58.3976934590157" lon="26.75454350611173">
    <tag k="ele" v="59.84437561035156" />
  </node>
  <node id="10000386" version="1" visible="true" lat="58.39768600020928" lon="26.7545993589684">
    <tag k="ele" v="59.85249710083008" />
  </node>
  <node id="10000387" version="1" visible="true" lat="58.3976809670765" lon="26.754628843305156">
    <tag k="ele" v="59.85312271118164" />
  </node>
  <node id="10000388" version="1" visible="true" lat="58.39767667753976" lon="26.754653971581817">
    <tag k="ele" v="59.849998474121094" />
  </node>
  <node id="10000389" version="1" visible="true" lat="58.39766749911536" lon="26.754700674233103">
    <tag k="ele" v="59.85187530517578" />
  </node>
  <node id="10000390" version="1" visible="true" lat="58.397642919146485" lon="26.754818344996323">
    <tag k="ele" v="59.78499984741211" />
  </node>
  <node id="10000391" version="1" visible="true" lat="58.397532802219125" lon="26.75535016106204">
    <tag k="ele" v="59.66124725341797" />
  </node>
  <node id="10000392" version="1" visible="true" lat="58.39750489442347" lon="26.755484941147166">
    <tag k="ele" v="59.63999938964844" />
  </node>
  <node id="10000393" version="1" visible="true" lat="58.3964122639676" lon="26.751724893155433">
    <tag k="ele" v="57.61249923706055" />
  </node>
  <node id="10000394" version="1" visible="true" lat="58.39644959756542" lon="26.75173358069258">
    <tag k="ele" v="57.56374740600586" />
  </node>
  <node id="10000395" version="1" visible="true" lat="58.3965345269549" lon="26.751755630003508">
    <tag k="ele" v="57.858123779296875" />
  </node>
  <node id="10000396" version="1" visible="true" lat="58.39660408974978" lon="26.751777424067498">
    <tag k="ele" v="58.1506233215332" />
  </node>
  <node id="10000397" version="1" visible="true" lat="58.39667394145557" lon="26.75180102634595">
    <tag k="ele" v="58.1256217956543" />
  </node>
  <node id="10000398" version="1" visible="true" lat="58.39671958456689" lon="26.751819696377915">
    <tag k="ele" v="58.191871643066406" />
  </node>
  <node id="10000399" version="1" visible="true" lat="58.39677137534854" lon="26.751840985669006">
    <tag k="ele" v="58.27499771118164" />
  </node>
  <node id="10000400" version="1" visible="true" lat="58.396803042538686" lon="26.75185489120549">
    <tag k="ele" v="58.34000015258789" />
  </node>
  <node id="10000401" version="1" visible="true" lat="58.39636811904991" lon="26.750885389241482">
    <tag k="ele" v="57.451873779296875" />
  </node>
  <node id="10000402" version="1" visible="true" lat="58.39640025952483" lon="26.75091975982296">
    <tag k="ele" v="57.45812225341797" />
  </node>
  <node id="10000403" version="1" visible="true" lat="58.396424997784784" lon="26.750946214627145">
    <tag k="ele" v="57.49749755859375" />
  </node>
  <node id="10000404" version="1" visible="true" lat="58.39650752735408" lon="26.75103447108933">
    <tag k="ele" v="57.60749816894531" />
  </node>
  <node id="10000405" version="1" visible="true" lat="58.39662635271523" lon="26.75116110739594">
    <tag k="ele" v="57.82062530517578" />
  </node>
  <node id="10000406" version="1" visible="true" lat="58.3966831803141" lon="26.7516540973252">
    <tag k="ele" v="58.088748931884766" />
  </node>
  <node id="10000407" version="1" visible="true" lat="58.3965075879611" lon="26.750860767340228">
    <tag k="ele" v="57.5474967956543" />
  </node>
  <node id="10000408" version="1" visible="true" lat="58.3965404502826" lon="26.751014281348873">
    <tag k="ele" v="57.63874816894531" />
  </node>
  <node id="10000409" version="1" visible="true" lat="58.396691914626054" lon="26.751691569250504">
    <tag k="ele" v="58.11687088012695" />
  </node>
  <node id="10000410" version="1" visible="true" lat="58.39682122013198" lon="26.751862873270003">
    <tag k="ele" v="58.38062286376953" />
  </node>
  <node id="10000411" version="1" visible="true" lat="58.396869243933615" lon="26.751886256197725">
    <tag k="ele" v="58.4631233215332" />
  </node>
  <node id="10000412" version="1" visible="true" lat="58.39692899988385" lon="26.751917159030782">
    <tag k="ele" v="58.55062484741211" />
  </node>
  <node id="10000413" version="1" visible="true" lat="58.39698720355111" lon="26.75194782300619">
    <tag k="ele" v="58.62437438964844" />
  </node>
  <node id="10000414" version="1" visible="true" lat="58.397038738732725" lon="26.751976032844475">
    <tag k="ele" v="58.705623626708984" />
  </node>
  <node id="10000415" version="1" visible="true" lat="58.39709984583994" lon="26.752013547772766">
    <tag k="ele" v="58.818748474121094" />
  </node>
  <node id="10000416" version="1" visible="true" lat="58.39715716340523" lon="26.7520528105383">
    <tag k="ele" v="58.97749710083008" />
  </node>
  <node id="10000417" version="1" visible="true" lat="58.39717965708155" lon="26.752070321311646">
    <tag k="ele" v="59.06999969482422" />
  </node>
  <node id="10000418" version="1" visible="true" lat="58.39719703430469" lon="26.752085779529683">
    <tag k="ele" v="59.127498626708984" />
  </node>
  <node id="10000419" version="1" visible="true" lat="58.39721197288386" lon="26.75210050568478">
    <tag k="ele" v="59.18562316894531" />
  </node>
  <node id="10000420" version="1" visible="true" lat="58.39722329168979" lon="26.752111663548636">
    <tag k="ele" v="59.207496643066406" />
  </node>
  <node id="10000421" version="1" visible="true" lat="58.39722571646008" lon="26.752114212884752">
    <tag k="ele" v="59.20874786376953" />
  </node>
  <node id="10000422" version="1" visible="true" lat="58.39723837559618" lon="26.75212752235535">
    <tag k="ele" v="59.25437545776367" />
  </node>
  <node id="10000423" version="1" visible="true" lat="58.3972547819828" lon="26.75214477159941">
    <tag k="ele" v="59.303123474121094" />
  </node>
  <node id="10000424" version="1" visible="true" lat="58.39727560986969" lon="26.752169041973062">
    <tag k="ele" v="59.350624084472656" />
  </node>
  <node id="10000425" version="1" visible="true" lat="58.397294708693224" lon="26.752192776683774">
    <tag k="ele" v="59.389373779296875" />
  </node>
  <node id="10000426" version="1" visible="true" lat="58.39731761952564" lon="26.752223639745537">
    <tag k="ele" v="59.43937301635742" />
  </node>
  <node id="10000427" version="1" visible="true" lat="58.39733239574892" lon="26.752245430751948">
    <tag k="ele" v="59.459999084472656" />
  </node>
  <node id="10000428" version="1" visible="true" lat="58.39735322373627" lon="26.75227839468888">
    <tag k="ele" v="59.50187301635742" />
  </node>
  <node id="10000429" version="1" visible="true" lat="58.39736588143355" lon="26.752299217787385">
    <tag k="ele" v="59.51374816894531" />
  </node>
  <node id="10000430" version="1" visible="true" lat="58.397366107446565" lon="26.75229958960016">
    <tag k="ele" v="59.51374816894531" />
  </node>
  <node id="10000431" version="1" visible="true" lat="58.39737769554387" lon="26.752320436072115">
    <tag k="ele" v="59.5568733215332" />
  </node>
  <node id="10000432" version="1" visible="true" lat="58.39738782325446" lon="26.75234102623552">
    <tag k="ele" v="59.57624816894531" />
  </node>
  <node id="10000433" version="1" visible="true" lat="58.39739815730465" lon="26.75236430527445">
    <tag k="ele" v="59.592498779296875" />
  </node>
  <node id="10000434" version="1" visible="true" lat="58.39740617909738" lon="26.752384158874982">
    <tag k="ele" v="59.60499954223633" />
  </node>
  <node id="10000435" version="1" visible="true" lat="58.39740689713811" lon="26.752386183521914">
    <tag k="ele" v="59.60749816894531" />
  </node>
  <node id="10000436" version="1" visible="true" lat="58.3974154078926" lon="26.75241018116165">
    <tag k="ele" v="59.61249923706055" />
  </node>
  <node id="10000437" version="1" visible="true" lat="58.39741540801149" lon="26.752410181545187">
    <tag k="ele" v="59.61249923706055" />
  </node>
  <node id="10000438" version="1" visible="true" lat="58.39742316683836" lon="26.75243521417925">
    <tag k="ele" v="59.63062286376953" />
  </node>
  <node id="10000439" version="1" visible="true" lat="58.39742360949806" lon="26.752436842487214">
    <tag k="ele" v="59.63062286376953" />
  </node>
  <node id="10000440" version="1" visible="true" lat="58.397430579827315" lon="26.752462482611637">
    <tag k="ele" v="59.63687515258789" />
  </node>
  <node id="10000441" version="1" visible="true" lat="58.39743791307348" lon="26.752496348965806">
    <tag k="ele" v="59.64999771118164" />
  </node>
  <node id="10000442" version="1" visible="true" lat="58.39744525530958" lon="26.75253826741484">
    <tag k="ele" v="59.65437316894531" />
  </node>
  <node id="10000443" version="1" visible="true" lat="58.39744838445102" lon="26.75256059393129">
    <tag k="ele" v="59.640625" />
  </node>
  <node id="10000444" version="1" visible="true" lat="58.39745097049241" lon="26.75258328122656">
    <tag k="ele" v="59.63999938964844" />
  </node>
  <node id="10000445" version="1" visible="true" lat="58.397453013433505" lon="26.752606329299685">
    <tag k="ele" v="59.64875030517578" />
  </node>
  <node id="10000446" version="1" visible="true" lat="58.3974550237817" lon="26.752642682101115">
    <tag k="ele" v="59.64562225341797" />
  </node>
  <node id="10000447" version="1" visible="true" lat="58.39745559457734" lon="26.752653266714038">
    <tag k="ele" v="59.643123626708984" />
  </node>
  <node id="10000448" version="1" visible="true" lat="58.39745621251376" lon="26.752675315424494">
    <tag k="ele" v="59.63999938964844" />
  </node>
  <node id="10000449" version="1" visible="true" lat="58.39745617783261" lon="26.75271923879343">
    <tag k="ele" v="59.63249969482422" />
  </node>
  <node id="10000450" version="1" visible="true" lat="58.39745604140733" lon="26.752724634284856">
    <tag k="ele" v="59.63249969482422" />
  </node>
  <node id="10000451" version="1" visible="true" lat="58.39745499311719" lon="26.752766092874626">
    <tag k="ele" v="59.62624740600586" />
  </node>
  <node id="10000452" version="1" visible="true" lat="58.397452852991925" lon="26.752817405871593">
    <tag k="ele" v="59.623748779296875" />
  </node>
  <node id="10000453" version="1" visible="true" lat="58.39744961296816" lon="26.75286105530998">
    <tag k="ele" v="59.61437225341797" />
  </node>
  <node id="10000454" version="1" visible="true" lat="58.39744893567292" lon="26.75287017977135">
    <tag k="ele" v="59.61437225341797" />
  </node>
  <node id="10000455" version="1" visible="true" lat="58.39744620784296" lon="26.752896739806086">
    <tag k="ele" v="59.61437225341797" />
  </node>
  <node id="10000456" version="1" visible="true" lat="58.39743115962408" lon="26.752992316742514">
    <tag k="ele" v="59.54812240600586" />
  </node>
  <node id="10000457" version="1" visible="true" lat="58.39738731826077" lon="26.75314876123754">
    <tag k="ele" v="59.39437484741211" />
  </node>
  <node id="10000458" version="1" visible="true" lat="58.397384730273984" lon="26.75315799623359">
    <tag k="ele" v="59.36874771118164" />
  </node>
  <node id="10000459" version="1" visible="true" lat="58.39737741423039" lon="26.7531750648693">
    <tag k="ele" v="59.373748779296875" />
  </node>
  <node id="10000460" version="1" visible="true" lat="58.39737555073542" lon="26.75317941247907">
    <tag k="ele" v="59.358123779296875" />
  </node>
  <node id="10000461" version="1" visible="true" lat="58.397367838032764" lon="26.753194811428727">
    <tag k="ele" v="59.36437225341797" />
  </node>
  <node id="10000462" version="1" visible="true" lat="58.39735658525731" lon="26.753217278362317">
    <tag k="ele" v="59.35499954223633" />
  </node>
  <node id="10000463" version="1" visible="true" lat="58.39734742965481" lon="26.753233479395544">
    <tag k="ele" v="59.34937286376953" />
  </node>
  <node id="10000464" version="1" visible="true" lat="58.39733849214435" lon="26.75324785915881">
    <tag k="ele" v="59.3537483215332" />
  </node>
  <node id="10000465" version="1" visible="true" lat="58.3973209795016" lon="26.75327233214366">
    <tag k="ele" v="59.34312438964844" />
  </node>
  <node id="10000466" version="1" visible="true" lat="58.397312112469834" lon="26.75328360262885">
    <tag k="ele" v="59.33749771118164" />
  </node>
  <node id="10000467" version="1" visible="true" lat="58.39729415698632" lon="26.753304211586816">
    <tag k="ele" v="59.30500030517578" />
  </node>
  <node id="10000468" version="1" visible="true" lat="58.39727717006943" lon="26.75332149639028">
    <tag k="ele" v="59.28687286376953" />
  </node>
  <node id="10000469" version="1" visible="true" lat="58.39725355295612" lon="26.75334159877719">
    <tag k="ele" v="59.25562286376953" />
  </node>
  <node id="10000470" version="1" visible="true" lat="58.39724458797274" lon="26.753348065687884">
    <tag k="ele" v="59.25124740600586" />
  </node>
  <node id="10000471" version="1" visible="true" lat="58.39722712158068" lon="26.75336066509843">
    <tag k="ele" v="59.225624084472656" />
  </node>
  <node id="10000472" version="1" visible="true" lat="58.39720341085241" lon="26.753375685490205">
    <tag k="ele" v="59.211246490478516" />
  </node>
  <node id="10000473" version="1" visible="true" lat="58.39717263428155" lon="26.753393832778958">
    <tag k="ele" v="59.16124725341797" />
  </node>
  <node id="10000474" version="1" visible="true" lat="58.397132152962264" lon="26.753416234570416">
    <tag k="ele" v="59.13312530517578" />
  </node>
  <node id="10000475" version="1" visible="true" lat="58.39698110487082" lon="26.753496142359474">
    <tag k="ele" v="58.96125030517578" />
  </node>
  <node id="10000476" version="1" visible="true" lat="58.39689140606688" lon="26.753539276060533">
    <tag k="ele" v="58.799373626708984" />
  </node>
  <node id="10000477" version="1" visible="true" lat="58.396865024987676" lon="26.753550876711177">
    <tag k="ele" v="58.77937316894531" />
  </node>
  <node id="10000478" version="1" visible="true" lat="58.39682534864844" lon="26.753561778686883">
    <tag k="ele" v="58.73124694824219" />
  </node>
  <node id="10000479" version="1" visible="true" lat="58.39680448112719" lon="26.753565614897344">
    <tag k="ele" v="58.70437240600586" />
  </node>
  <node id="10000480" version="1" visible="true" lat="58.39679421564439" lon="26.753567502065287">
    <tag k="ele" v="58.68000030517578" />
  </node>
  <node id="10000481" version="1" visible="true" lat="58.39672752155867" lon="26.753574394081976">
    <tag k="ele" v="58.588748931884766" />
  </node>
  <node id="10000482" version="1" visible="true" lat="58.39671024609702" lon="26.753577048779615">
    <tag k="ele" v="58.54874801635742" />
  </node>
  <node id="10000483" version="1" visible="true" lat="58.39668599081839" lon="26.753582222440404">
    <tag k="ele" v="58.553749084472656" />
  </node>
  <node id="10000484" version="1" visible="true" lat="58.39665814302982" lon="26.753592314085846">
    <tag k="ele" v="58.5256233215332" />
  </node>
  <node id="10000485" version="1" visible="true" lat="58.39661838478418" lon="26.75361239008419">
    <tag k="ele" v="58.448123931884766" />
  </node>
  <node id="10000486" version="1" visible="true" lat="58.39655791379989" lon="26.753643437213203">
    <tag k="ele" v="58.303749084472656" />
  </node>
  <node id="10000487" version="1" visible="true" lat="58.39669956099841" lon="26.751711475701583">
    <tag k="ele" v="58.13874816894531" />
  </node>
  <node id="10000488" version="1" visible="true" lat="58.3967148294085" lon="26.751755606630006">
    <tag k="ele" v="58.17499923706055" />
  </node>
  <node id="10000489" version="1" visible="true" lat="58.396734567745476" lon="26.75179642170448">
    <tag k="ele" v="58.18375015258789" />
  </node>
  <node id="10000490" version="1" visible="true" lat="58.39675298610518" lon="26.751821948493994">
    <tag k="ele" v="58.23124694824219" />
  </node>
  <node id="10000491" version="1" visible="true" lat="58.39677515246246" lon="26.75183939034544">
    <tag k="ele" v="58.27499771118164" />
  </node>
  <node id="10000492" version="1" visible="true" lat="58.39665297800039" lon="26.75118948302101">
    <tag k="ele" v="57.87624740600586" />
  </node>
  <node id="10000493" version="1" visible="true" lat="58.39666933888314" lon="26.751206919488997">
    <tag k="ele" v="57.901248931884766" />
  </node>
  <node id="10000494" version="1" visible="true" lat="58.39666944062751" lon="26.751207027922213">
    <tag k="ele" v="57.901248931884766" />
  </node>
  <node id="10000495" version="1" visible="true" lat="58.39669712830983" lon="26.751236308518326">
    <tag k="ele" v="57.94249725341797" />
  </node>
  <node id="10000496" version="1" visible="true" lat="58.39678069989903" lon="26.751324688428678">
    <tag k="ele" v="58.10624694824219" />
  </node>
  <node id="10000497" version="1" visible="true" lat="58.39687096498913" lon="26.751422083265602">
    <tag k="ele" v="58.28687286376953" />
  </node>
  <node id="10000498" version="1" visible="true" lat="58.39691196527722" lon="26.751466322225095">
    <tag k="ele" v="58.351871490478516" />
  </node>
  <node id="10000499" version="1" visible="true" lat="58.396942137911864" lon="26.751498965045876">
    <tag k="ele" v="58.39875030517578" />
  </node>
  <node id="10000500" version="1" visible="true" lat="58.396990755196946" lon="26.751553392513788">
    <tag k="ele" v="58.50062561035156" />
  </node>
  <node id="10000501" version="1" visible="true" lat="58.39701186691427" lon="26.751577474632604">
    <tag k="ele" v="58.5412483215332" />
  </node>
  <node id="10000502" version="1" visible="true" lat="58.39704409039194" lon="26.751616399811333">
    <tag k="ele" v="58.63249969482422" />
  </node>
  <node id="10000503" version="1" visible="true" lat="58.397077535813736" lon="26.75166225107703">
    <tag k="ele" v="58.733123779296875" />
  </node>
  <node id="10000504" version="1" visible="true" lat="58.39709165445772" lon="26.751683028741333">
    <tag k="ele" v="58.76124954223633" />
  </node>
  <node id="10000505" version="1" visible="true" lat="58.39709170425575" lon="26.751683102026522">
    <tag k="ele" v="58.76124954223633" />
  </node>
  <node id="10000506" version="1" visible="true" lat="58.39713363355869" lon="26.751744807299946">
    <tag k="ele" v="58.88999938964844" />
  </node>
  <node id="10000507" version="1" visible="true" lat="58.3971474014503" lon="26.751767038594576">
    <tag k="ele" v="58.9375" />
  </node>
  <node id="10000508" version="1" visible="true" lat="58.39717401871428" lon="26.751814851046987">
    <tag k="ele" v="59.00312423706055" />
  </node>
  <node id="10000509" version="1" visible="true" lat="58.39720542999332" lon="26.75187473918558">
    <tag k="ele" v="59.09499740600586" />
  </node>
  <node id="10000510" version="1" visible="true" lat="58.39722088211384" lon="26.751906975239425">
    <tag k="ele" v="59.14437484741211" />
  </node>
  <node id="10000511" version="1" visible="true" lat="58.39724762809623" lon="26.75196693924616">
    <tag k="ele" v="59.23062515258789" />
  </node>
  <node id="10000512" version="1" visible="true" lat="58.39727636982763" lon="26.752037746957026">
    <tag k="ele" v="59.30624771118164" />
  </node>
  <node id="10000513" version="1" visible="true" lat="58.397287196627495" lon="26.75206678933886">
    <tag k="ele" v="59.33187484741211" />
  </node>
  <node id="10000514" version="1" visible="true" lat="58.397300847535796" lon="26.7521060705351">
    <tag k="ele" v="59.38749694824219" />
  </node>
  <node id="10000515" version="1" visible="true" lat="58.39731028565128" lon="26.752133414872173">
    <tag k="ele" v="59.40937423706055" />
  </node>
  <node id="10000516" version="1" visible="true" lat="58.39732084243069" lon="26.752166170199125">
    <tag k="ele" v="59.43562316894531" />
  </node>
  <node id="10000517" version="1" visible="true" lat="58.39733909266182" lon="26.75222755803021">
    <tag k="ele" v="59.471248626708984" />
  </node>
  <node id="10000518" version="1" visible="true" lat="58.39735879368879" lon="26.75229893102467">
    <tag k="ele" v="59.51374816894531" />
  </node>
  <node id="10000519" version="1" visible="true" lat="58.39737634770029" lon="26.752367429869484">
    <tag k="ele" v="59.554996490478516" />
  </node>
  <node id="10000520" version="1" visible="true" lat="58.397386766822144" lon="26.752411945465177">
    <tag k="ele" v="59.569374084472656" />
  </node>
  <node id="10000521" version="1" visible="true" lat="58.397405567153314" lon="26.752499947372915">
    <tag k="ele" v="59.592498779296875" />
  </node>
  <node id="10000522" version="1" visible="true" lat="58.39740907658141" lon="26.752517466026422">
    <tag k="ele" v="59.6099967956543" />
  </node>
  <node id="10000523" version="1" visible="true" lat="58.39740908945102" lon="26.752517530269902">
    <tag k="ele" v="59.6099967956543" />
  </node>
  <node id="10000524" version="1" visible="true" lat="58.39742328385169" lon="26.752588387211446">
    <tag k="ele" v="59.609371185302734" />
  </node>
  <node id="10000525" version="1" visible="true" lat="58.397449187802955" lon="26.752729060570687">
    <tag k="ele" v="59.63249969482422" />
  </node>
  <node id="10000526" version="1" visible="true" lat="58.39750980319723" lon="26.753058241133505">
    <tag k="ele" v="59.68562316894531" />
  </node>
  <node id="10000527" version="1" visible="true" lat="58.39758525498998" lon="26.753474759623007">
    <tag k="ele" v="59.82500076293945" />
  </node>
  <node id="10000528" version="1" visible="true" lat="58.397608616557584" lon="26.753601512867778">
    <tag k="ele" v="59.85312271118164" />
  </node>
  <node id="10000529" version="1" visible="true" lat="58.39763390823741" lon="26.75374555342339">
    <tag k="ele" v="59.881874084472656" />
  </node>
  <node id="10000530" version="1" visible="true" lat="58.39763641726114" lon="26.753759842815494">
    <tag k="ele" v="59.886871337890625" />
  </node>
  <node id="10000531" version="1" visible="true" lat="58.39765918421973" lon="26.753897011721016">
    <tag k="ele" v="59.91999816894531" />
  </node>
  <node id="10000532" version="1" visible="true" lat="58.39767124158232" lon="26.753976581667086">
    <tag k="ele" v="59.91124725341797" />
  </node>
  <node id="10000533" version="1" visible="true" lat="58.397680025388844" lon="26.754042871823756">
    <tag k="ele" v="59.9375" />
  </node>
  <node id="10000534" version="1" visible="true" lat="58.39768292966713" lon="26.754067156994598">
    <tag k="ele" v="59.96062469482422" />
  </node>
  <node id="10000535" version="1" visible="true" lat="58.397690523222536" lon="26.75413065344913">
    <tag k="ele" v="59.96562194824219" />
  </node>
  <node id="10000536" version="1" visible="true" lat="58.39769684527132" lon="26.75419350884187">
    <tag k="ele" v="59.971248626708984" />
  </node>
  <node id="10000537" version="1" visible="true" lat="58.3965731379544" lon="26.751084764641988">
    <tag k="ele" v="57.707496643066406" />
  </node>
  <node id="10000538" version="1" visible="true" lat="58.39048031388433" lon="26.729909141323688">
    <tag k="ele" v="51.522499084472656" />
  </node>
  <node id="10000539" version="1" visible="true" lat="58.39034567451861" lon="26.730289940932934">
    <tag k="ele" v="51.71187210083008" />
  </node>
  <node id="10000540" version="1" visible="true" lat="58.39022122282679" lon="26.73064239212418">
    <tag k="ele" v="51.764373779296875" />
  </node>
  <node id="10000541" version="1" visible="true" lat="58.39000428807902" lon="26.731253101618744">
    <tag k="ele" v="51.57562255859375" />
  </node>
  <node id="10000542" version="1" visible="true" lat="58.389781315123564" lon="26.73187363565521">
    <tag k="ele" v="51.288124084472656" />
  </node>
  <node id="10000543" version="1" visible="true" lat="58.38948341717729" lon="26.73270940744344">
    <tag k="ele" v="50.61000061035156" />
  </node>
  <node id="10000544" version="1" visible="true" lat="58.38926191197507" lon="26.733322980917062">
    <tag k="ele" v="50.09874725341797" />
  </node>
  <node id="10000545" version="1" visible="true" lat="58.38836428928386" lon="26.73235552917259">
    <tag k="ele" v="50.55062484741211" />
  </node>
  <node id="10000546" version="1" visible="true" lat="58.38874414224191" lon="26.732881001436112">
    <tag k="ele" v="50.02874755859375" />
  </node>
  <node id="10000547" version="1" visible="true" lat="58.38912564792294" lon="26.733395991409886">
    <tag k="ele" v="49.89624786376953" />
  </node>
  <node id="10000548" version="1" visible="true" lat="58.38919305362458" lon="26.736246734812095">
    <tag k="ele" v="47.510623931884766" />
  </node>
  <node id="10000549" version="1" visible="true" lat="58.38945068451533" lon="26.735563166660558">
    <tag k="ele" v="49.88312530517578" />
  </node>
  <node id="10000550" version="1" visible="true" lat="58.38968517935595" lon="26.734906377510807">
    <tag k="ele" v="51.873748779296875" />
  </node>
  <node id="10000551" version="1" visible="true" lat="58.38982523763077" lon="26.734500276071657">
    <tag k="ele" v="52.41749954223633" />
  </node>
  <node id="10000552" version="1" visible="true" lat="58.39098460027819" lon="26.731187981914413">
    <tag k="ele" v="52.82937240600586" />
  </node>
  <node id="10000553" version="1" visible="true" lat="58.39072100130187" lon="26.73192199657059">
    <tag k="ele" v="52.877498626708984" />
  </node>
  <node id="10000554" version="1" visible="true" lat="58.39032105584636" lon="26.733035115291482">
    <tag k="ele" v="53.48124694824219" />
  </node>
  <node id="10000555" version="1" visible="true" lat="58.3899384610104" lon="26.73411469391694">
    <tag k="ele" v="52.70124816894531" />
  </node>
  <node id="10000556" version="1" visible="true" lat="58.38990606276953" lon="26.73420631797276">
    <tag k="ele" v="52.57374954223633" />
  </node>
  <node id="10000557" version="1" visible="true" lat="58.392330202837215" lon="26.732278266175115">
    <tag k="ele" v="52.849998474121094" />
  </node>
  <node id="10000558" version="1" visible="true" lat="58.391951354182964" lon="26.733066605754146">
    <tag k="ele" v="52.90937423706055" />
  </node>
  <node id="10000559" version="1" visible="true" lat="58.39161430752279" lon="26.73376784368134">
    <tag k="ele" v="52.95874786376953" />
  </node>
  <node id="10000560" version="1" visible="true" lat="58.3911711278594" lon="26.73468427312418">
    <tag k="ele" v="53.25937271118164" />
  </node>
  <node id="10000561" version="1" visible="true" lat="58.390843413894466" lon="26.735376697540666">
    <tag k="ele" v="53.707496643066406" />
  </node>
  <node id="10000562" version="1" visible="true" lat="58.39082344027812" lon="26.735418557652856">
    <tag k="ele" v="53.714996337890625" />
  </node>
  <node id="10000563" version="1" visible="true" lat="58.389544227524155" lon="26.738647934299323">
    <tag k="ele" v="53.46437454223633" />
  </node>
  <node id="10000564" version="1" visible="true" lat="58.38963588745132" lon="26.73825414110534">
    <tag k="ele" v="54.05500030517578" />
  </node>
  <node id="10000565" version="1" visible="true" lat="58.38970196073525" lon="26.738005731422692">
    <tag k="ele" v="54.26687240600586" />
  </node>
  <node id="10000566" version="1" visible="true" lat="58.3897971609561" lon="26.737718384214254">
    <tag k="ele" v="54.2974967956543" />
  </node>
  <node id="10000567" version="1" visible="true" lat="58.389911365921975" lon="26.73743726740308">
    <tag k="ele" v="54.13062286376953" />
  </node>
  <node id="10000568" version="1" visible="true" lat="58.3900235695924" lon="26.737171840165068">
    <tag k="ele" v="53.83187484741211" />
  </node>
  <node id="10000569" version="1" visible="true" lat="58.390308196112265" lon="26.73654899497136">
    <tag k="ele" v="53.445621490478516" />
  </node>
  <node id="10000570" version="1" visible="true" lat="58.39057740856665" lon="26.735985161305354">
    <tag k="ele" v="53.508750915527344" />
  </node>
  <node id="10000571" version="1" visible="true" lat="58.39070595762308" lon="26.735714643642602">
    <tag k="ele" v="53.63249969482422" />
  </node>
  <node id="10000572" version="1" visible="true" lat="58.38916996367713" lon="26.7336610540703">
    <tag k="ele" v="49.49937438964844" />
  </node>
  <node id="10000573" version="1" visible="true" lat="58.38920414672795" lon="26.7335687970979">
    <tag k="ele" v="49.859375" />
  </node>
  <node id="10000574" version="1" visible="true" lat="58.389260269578834" lon="26.73341548158298">
    <tag k="ele" v="50.01250076293945" />
  </node>
  <node id="10000575" version="1" visible="true" lat="58.38928276553547" lon="26.73335099451427">
    <tag k="ele" v="50.05875015258789" />
  </node>
  <node id="10000576" version="1" visible="true" lat="58.38913988803573" lon="26.73341524646724">
    <tag k="ele" v="49.9162483215332" />
  </node>
  <node id="10000577" version="1" visible="true" lat="58.38913574124105" lon="26.73336666671355">
    <tag k="ele" v="49.97374725341797" />
  </node>
  <node id="10000578" version="1" visible="true" lat="58.388827557806216" lon="26.732949277788872">
    <tag k="ele" v="50.021873474121094" />
  </node>
  <node id="10000579" version="1" visible="true" lat="58.38837735996902" lon="26.73232802052798">
    <tag k="ele" v="50.56749725341797" />
  </node>
  <node id="10000580" version="1" visible="true" lat="58.38924370453351" lon="26.733372994306926">
    <tag k="ele" v="50.05249786376953" />
  </node>
  <node id="10000581" version="1" visible="true" lat="58.38923994039776" lon="26.73338423051269">
    <tag k="ele" v="50.05249786376953" />
  </node>
  <node id="10000582" version="1" visible="true" lat="58.38923994039737" lon="26.73338423051389">
    <tag k="ele" v="50.05249786376953" />
  </node>
  <node id="10000583" version="1" visible="true" lat="58.389239919904476" lon="26.733384291686573">
    <tag k="ele" v="50.05249786376953" />
  </node>
  <node id="10000584" version="1" visible="true" lat="58.38923991990409" lon="26.733384291687692">
    <tag k="ele" v="50.05249786376953" />
  </node>
  <node id="10000585" version="1" visible="true" lat="58.38923974055057" lon="26.733384827070264">
    <tag k="ele" v="50.03249740600586" />
  </node>
  <node id="10000586" version="1" visible="true" lat="58.389153845108204" lon="26.73364122944975">
    <tag k="ele" v="49.522499084472656" />
  </node>
  <node id="10000587" version="1" visible="true" lat="58.38937863428492" lon="26.73307565011035">
    <tag k="ele" v="50.256248474121094" />
  </node>
  <node id="10000588" version="1" visible="true" lat="58.389553823703" lon="26.732588495377524">
    <tag k="ele" v="50.67124938964844" />
  </node>
  <node id="10000589" version="1" visible="true" lat="58.389734300453284" lon="26.732087484188998">
    <tag k="ele" v="51.10124969482422" />
  </node>
  <node id="10000590" version="1" visible="true" lat="58.390055766032454" lon="26.7311806342141">
    <tag k="ele" v="51.543121337890625" />
  </node>
  <node id="10000591" version="1" visible="true" lat="58.39050033940002" lon="26.729928456443755">
    <tag k="ele" v="51.47999954223633" />
  </node>
  <node id="10000592" version="1" visible="true" lat="58.389289711121414" lon="26.73357556495643">
    <tag k="ele" v="50.102500915527344" />
  </node>
  <node id="10000593" version="1" visible="true" lat="58.38915088086724" lon="26.733387207261202">
    <tag k="ele" v="49.98062515258789" />
  </node>
  <node id="10000594" version="1" visible="true" lat="58.38915087667647" lon="26.733387201575415">
    <tag k="ele" v="49.98062515258789" />
  </node>
  <node id="10000595" version="1" visible="true" lat="58.389150535760116" lon="26.733386739040057">
    <tag k="ele" v="49.98062515258789" />
  </node>
  <node id="10000596" version="1" visible="true" lat="58.389278848959826" lon="26.733603146323723">
    <tag k="ele" v="50.051246643066406" />
  </node>
  <node id="10000597" version="1" visible="true" lat="58.389783087163295" lon="26.734281027102142">
    <tag k="ele" v="52.223121643066406" />
  </node>
  <node id="10000598" version="1" visible="true" lat="58.39069169337534" lon="26.73569466698952">
    <tag k="ele" v="53.66187286376953" />
  </node>
  <node id="10000599" version="1" visible="true" lat="58.39052464782267" lon="26.73603969520359">
    <tag k="ele" v="53.50749969482422" />
  </node>
  <node id="10000600" version="1" visible="true" lat="58.39016418798177" lon="26.73682304654175">
    <tag k="ele" v="53.564998626708984" />
  </node>
  <node id="10000601" version="1" visible="true" lat="58.39001500799628" lon="26.737144234650184">
    <tag k="ele" v="53.87062454223633" />
  </node>
  <node id="10000602" version="1" visible="true" lat="58.38983015492366" lon="26.737576743575627">
    <tag k="ele" v="54.30812454223633" />
  </node>
  <node id="10000603" version="1" visible="true" lat="58.38973207308845" lon="26.737843266419347">
    <tag k="ele" v="54.342498779296875" />
  </node>
  <node id="10000604" version="1" visible="true" lat="58.38967666514685" lon="26.738021195500657">
    <tag k="ele" v="54.3131217956543" />
  </node>
  <node id="10000605" version="1" visible="true" lat="58.38960682773207" lon="26.73828991300091">
    <tag k="ele" v="54.03687286376953" />
  </node>
  <node id="10000606" version="1" visible="true" lat="58.38952871485523" lon="26.738634050097303">
    <tag k="ele" v="53.48562240600586" />
  </node>
  <node id="10000607" version="1" visible="true" lat="58.39073862288316" lon="26.735645881889834">
    <tag k="ele" v="53.73500061035156" />
  </node>
  <node id="10000608" version="1" visible="true" lat="58.390837702717306" lon="26.735441703740083">
    <tag k="ele" v="53.72062301635742" />
  </node>
  <node id="10000609" version="1" visible="true" lat="58.38992082069151" lon="26.73422592107973">
    <tag k="ele" v="52.561248779296875" />
  </node>
  <node id="10000610" version="1" visible="true" lat="58.3899208514222" lon="26.734225832338094">
    <tag k="ele" v="52.561248779296875" />
  </node>
  <node id="10000611" version="1" visible="true" lat="58.38992090285025" lon="26.73422568382828">
    <tag k="ele" v="52.561248779296875" />
  </node>
  <node id="10000612" version="1" visible="true" lat="58.38994329369804" lon="26.734161025237853">
    <tag k="ele" v="52.6506233215332" />
  </node>
  <node id="10000613" version="1" visible="true" lat="58.39025066913974" lon="26.73329112651293">
    <tag k="ele" v="53.373748779296875" />
  </node>
  <node id="10000614" version="1" visible="true" lat="58.39052503232046" lon="26.732524826468573">
    <tag k="ele" v="53.16374969482422" />
  </node>
  <node id="10000615" version="1" visible="true" lat="58.390693964267705" lon="26.732057769036345">
    <tag k="ele" v="52.88749694824219" />
  </node>
  <node id="10000616" version="1" visible="true" lat="58.39099977108589" lon="26.731207773975594">
    <tag k="ele" v="52.80937194824219" />
  </node>
  <node id="10000617" version="1" visible="true" lat="58.3909997761986" lon="26.73120775976453">
    <tag k="ele" v="52.80937194824219" />
  </node>
  <node id="10000618" version="1" visible="true" lat="58.389808480437935" lon="26.73448134481437">
    <tag k="ele" v="52.36375045776367" />
  </node>
  <node id="10000619" version="1" visible="true" lat="58.389250627726824" lon="26.733355704459708">
    <tag k="ele" v="50.05812454223633" />
  </node>
  <node id="10000620" version="1" visible="true" lat="58.389241066942375" lon="26.733386191256248">
    <tag k="ele" v="50.03249740600586" />
  </node>
  <node id="10000621" version="1" visible="true" lat="58.38924080360236" lon="26.733387030976914">
    <tag k="ele" v="50.03249740600586" />
  </node>
  <node id="10000622" version="1" visible="true" lat="58.38924007778282" lon="26.733389904998464">
    <tag k="ele" v="50.03249740600586" />
  </node>
  <node id="10000623" version="1" visible="true" lat="58.38923182514773" lon="26.733422582862456">
    <tag k="ele" v="50.00312423706055" />
  </node>
  <node id="10000624" version="1" visible="true" lat="58.38922911927834" lon="26.733440868673185">
    <tag k="ele" v="50.00374984741211" />
  </node>
  <node id="10000625" version="1" visible="true" lat="58.38922746883205" lon="26.73346087060783">
    <tag k="ele" v="50.00937271118164" />
  </node>
  <node id="10000626" version="1" visible="true" lat="58.38922681648559" lon="26.733477978810225">
    <tag k="ele" v="50.01250076293945" />
  </node>
  <node id="10000627" version="1" visible="true" lat="58.389226853912035" lon="26.733493234031858">
    <tag k="ele" v="49.98937225341797" />
  </node>
  <node id="10000628" version="1" visible="true" lat="58.38922882675838" lon="26.73350918426062">
    <tag k="ele" v="49.96812438964844" />
  </node>
  <node id="10000629" version="1" visible="true" lat="58.38923145227614" lon="26.73352258534331">
    <tag k="ele" v="49.94499969482422" />
  </node>
  <node id="10000630" version="1" visible="true" lat="58.38923361855448" lon="26.733528894095205">
    <tag k="ele" v="49.94499969482422" />
  </node>
  <node id="10000631" version="1" visible="true" lat="58.38923597714404" lon="26.733534722575442">
    <tag k="ele" v="49.97624969482422" />
  </node>
  <node id="10000632" version="1" visible="true" lat="58.389241233149434" lon="26.733546718500822">
    <tag k="ele" v="49.961875915527344" />
  </node>
  <node id="10000633" version="1" visible="true" lat="58.389252959417234" lon="26.733567437252326">
    <tag k="ele" v="49.991249084472656" />
  </node>
  <node id="10000634" version="1" visible="true" lat="58.38928963852553" lon="26.733575463050443">
    <tag k="ele" v="50.102500915527344" />
  </node>
  <node id="10000635" version="1" visible="true" lat="58.389289570834066" lon="26.73357536802902">
    <tag k="ele" v="50.102500915527344" />
  </node>
  <node id="10000636" version="1" visible="true" lat="58.38927443774218" lon="26.733554125064416">
    <tag k="ele" v="50.0568733215332" />
  </node>
  <node id="10000637" version="1" visible="true" lat="58.38926463218029" lon="26.733539646474103">
    <tag k="ele" v="50.035621643066406" />
  </node>
  <node id="10000638" version="1" visible="true" lat="58.38925907260939" lon="26.73352846881983">
    <tag k="ele" v="50.01374816894531" />
  </node>
  <node id="10000639" version="1" visible="true" lat="58.389255670463164" lon="26.73351854814143">
    <tag k="ele" v="50.02124786376953" />
  </node>
  <node id="10000640" version="1" visible="true" lat="58.389252354057376" lon="26.733504622958716">
    <tag k="ele" v="50.00812530517578" />
  </node>
  <node id="10000641" version="1" visible="true" lat="58.389250896803986" lon="26.733492525835572">
    <tag k="ele" v="50.00812530517578" />
  </node>
  <node id="10000642" version="1" visible="true" lat="58.38925064010086" lon="26.73348022480964">
    <tag k="ele" v="49.994998931884766" />
  </node>
  <node id="10000643" version="1" visible="true" lat="58.38925078762893" lon="26.73346726188372">
    <tag k="ele" v="49.98937225341797" />
  </node>
  <node id="10000644" version="1" visible="true" lat="58.38925179548741" lon="26.733450552677876">
    <tag k="ele" v="49.993125915527344" />
  </node>
  <node id="10000645" version="1" visible="true" lat="58.38925363208461" lon="26.733438859873516">
    <tag k="ele" v="49.993125915527344" />
  </node>
  <node id="10000646" version="1" visible="true" lat="58.38925644884301" lon="26.733427540296578">
    <tag k="ele" v="49.98812484741211" />
  </node>
  <node id="10000647" version="1" visible="true" lat="58.389133287495504" lon="26.733404755442105">
    <tag k="ele" v="49.91062545776367" />
  </node>
  <node id="10000648" version="1" visible="true" lat="58.38914019503321" lon="26.73341378253681">
    <tag k="ele" v="49.9162483215332" />
  </node>
  <node id="10000649" version="1" visible="true" lat="58.38915939321138" lon="26.733438871640754">
    <tag k="ele" v="49.91875076293945" />
  </node>
  <node id="10000650" version="1" visible="true" lat="58.38917583479493" lon="26.733457975616982">
    <tag k="ele" v="49.92250061035156" />
  </node>
  <node id="10000651" version="1" visible="true" lat="58.389189936558545" lon="26.73346976698615">
    <tag k="ele" v="49.94124984741211" />
  </node>
  <node id="10000652" version="1" visible="true" lat="58.38920045238225" lon="26.73347414897962">
    <tag k="ele" v="49.96125030517578" />
  </node>
  <node id="10000653" version="1" visible="true" lat="58.389211841294696" lon="26.73347661794913">
    <tag k="ele" v="49.98187255859375" />
  </node>
  <node id="10000654" version="1" visible="true" lat="58.38922188648434" lon="26.733473832452308">
    <tag k="ele" v="49.99687194824219" />
  </node>
  <node id="10000655" version="1" visible="true" lat="58.38923222404245" lon="26.733467108014423">
    <tag k="ele" v="50.00937271118164" />
  </node>
  <node id="10000656" version="1" visible="true" lat="58.38924037019245" lon="26.73345585561119">
    <tag k="ele" v="50.00812530517578" />
  </node>
  <node id="10000657" version="1" visible="true" lat="58.38924827255552" lon="26.733441414959536">
    <tag k="ele" v="49.993125915527344" />
  </node>
  <node id="10000658" version="1" visible="true" lat="58.38925920309369" lon="26.733416711069957">
    <tag k="ele" v="50.01250076293945" />
  </node>
  <node id="10000659" version="1" visible="true" lat="58.3892439947541" lon="26.733367940987065">
    <tag k="ele" v="50.05249786376953" />
  </node>
  <node id="10000660" version="1" visible="true" lat="58.38923886593607" lon="26.73337873506295">
    <tag k="ele" v="50.05249786376953" />
  </node>
  <node id="10000661" version="1" visible="true" lat="58.389925318233075" lon="26.7344368571221">
    <tag k="ele" v="52.643123626708984" />
  </node>
  <node id="10000662" version="1" visible="true" lat="58.38979397234384" lon="26.734259055615734">
    <tag k="ele" v="52.27812194824219" />
  </node>
  <node id="10000663" version="1" visible="true" lat="58.389916162694" lon="26.734461270931813">
    <tag k="ele" v="52.61750030517578" />
  </node>
  <node id="10000664" version="1" visible="true" lat="58.390179625147475" lon="26.734821184273002">
    <tag k="ele" v="52.82749938964844" />
  </node>
  <node id="10000665" version="1" visible="true" lat="58.39066731451243" lon="26.73547754153369">
    <tag k="ele" v="53.631874084472656" />
  </node>
  <node id="10000666" version="1" visible="true" lat="58.38966741126989" lon="26.734881226971872">
    <tag k="ele" v="51.83187484741211" />
  </node>
  <node id="10000667" version="1" visible="true" lat="58.3894356121882" lon="26.735528717419506">
    <tag k="ele" v="49.96875" />
  </node>
  <node id="10000668" version="1" visible="true" lat="58.38917850706811" lon="26.736226588291185">
    <tag k="ele" v="47.50937271118164" />
  </node>
  <node id="10000669" version="1" visible="true" lat="58.38932488588789" lon="26.7336233353071">
    <tag k="ele" v="50.21562576293945" />
  </node>
  <node id="10000670" version="1" visible="true" lat="58.389807458560355" lon="26.734314762282885">
    <tag k="ele" v="52.303749084472656" />
  </node>
  <node id="10000671" version="1" visible="true" lat="58.38981804446709" lon="26.73433044092168">
    <tag k="ele" v="52.330623626708984" />
  </node>
  <node id="10000672" version="1" visible="true" lat="58.38982532534468" lon="26.73434259444769">
    <tag k="ele" v="52.3537483215332" />
  </node>
  <node id="10000673" version="1" visible="true" lat="58.38982953962546" lon="26.734352231802607">
    <tag k="ele" v="52.38687515258789" />
  </node>
  <node id="10000674" version="1" visible="true" lat="58.38983238699897" lon="26.73436255532948">
    <tag k="ele" v="52.38624954223633" />
  </node>
  <node id="10000675" version="1" visible="true" lat="58.38983368628699" lon="26.734374739467714">
    <tag k="ele" v="52.39875030517578" />
  </node>
  <node id="10000676" version="1" visible="true" lat="58.38983372251062" lon="26.734387617841517">
    <tag k="ele" v="52.39875030517578" />
  </node>
  <node id="10000677" version="1" visible="true" lat="58.38983280822214" lon="26.73439873865769">
    <tag k="ele" v="52.39500045776367" />
  </node>
  <node id="10000678" version="1" visible="true" lat="58.389829780039435" lon="26.734413855072805">
    <tag k="ele" v="52.38999938964844" />
  </node>
  <node id="10000679" version="1" visible="true" lat="58.3898206391094" lon="26.73444483872685">
    <tag k="ele" v="52.381248474121094" />
  </node>
  <node id="10000680" version="1" visible="true" lat="58.38980864771075" lon="26.73448084258256">
    <tag k="ele" v="52.36375045776367" />
  </node>
  <node id="10000681" version="1" visible="true" lat="58.38980860521575" lon="26.734480970172605">
    <tag k="ele" v="52.36375045776367" />
  </node>
  <node id="10000682" version="1" visible="true" lat="58.38981895568738" lon="26.734326748074967">
    <tag k="ele" v="52.330623626708984" />
  </node>
  <node id="10000683" version="1" visible="true" lat="58.38982301201072" lon="26.734331619105745">
    <tag k="ele" v="52.361873626708984" />
  </node>
  <node id="10000684" version="1" visible="true" lat="58.38983465956928" lon="26.734341437652258">
    <tag k="ele" v="52.38687515258789" />
  </node>
  <node id="10000685" version="1" visible="true" lat="58.3898436346527" lon="26.734344907972076">
    <tag k="ele" v="52.42124938964844" />
  </node>
  <node id="10000686" version="1" visible="true" lat="58.38985008565238" lon="26.73434481478432">
    <tag k="ele" v="52.443748474121094" />
  </node>
  <node id="10000687" version="1" visible="true" lat="58.38985532017874" lon="26.734343240509666">
    <tag k="ele" v="52.459373474121094" />
  </node>
  <node id="10000688" version="1" visible="true" lat="58.38986928163829" lon="26.734332439795264">
    <tag k="ele" v="52.50437545776367" />
  </node>
  <node id="10000689" version="1" visible="true" lat="58.389881450152025" lon="26.734317934265334">
    <tag k="ele" v="52.51312255859375" />
  </node>
  <node id="10000690" version="1" visible="true" lat="58.38988778444893" lon="26.734308720059452">
    <tag k="ele" v="52.51687240600586" />
  </node>
  <node id="10000691" version="1" visible="true" lat="58.38989461035541" lon="26.73429597848884">
    <tag k="ele" v="52.538124084472656" />
  </node>
  <node id="10000692" version="1" visible="true" lat="58.38991004632653" lon="26.734255183206077">
    <tag k="ele" v="52.55062484741211" />
  </node>
  <node id="10000693" version="1" visible="true" lat="58.38988735559262" lon="26.73426074997813">
    <tag k="ele" v="52.52499771118164" />
  </node>
  <node id="10000694" version="1" visible="true" lat="58.3898784128184" lon="26.734289768252935">
    <tag k="ele" v="52.50312423706055" />
  </node>
  <node id="10000695" version="1" visible="true" lat="58.38987259789392" lon="26.734308729002052">
    <tag k="ele" v="52.50437545776367" />
  </node>
  <node id="10000696" version="1" visible="true" lat="58.38986903568077" lon="26.73432449726172">
    <tag k="ele" v="52.50437545776367" />
  </node>
  <node id="10000697" version="1" visible="true" lat="58.3898665945664" lon="26.73434134302607">
    <tag k="ele" v="52.498748779296875" />
  </node>
  <node id="10000698" version="1" visible="true" lat="58.38986651847904" lon="26.734354608859476">
    <tag k="ele" v="52.498748779296875" />
  </node>
  <node id="10000699" version="1" visible="true" lat="58.38986753274642" lon="26.734367959384922">
    <tag k="ele" v="52.49187469482422" />
  </node>
  <node id="10000700" version="1" visible="true" lat="58.38986964686135" lon="26.73437852309772">
    <tag k="ele" v="52.48999786376953" />
  </node>
  <node id="10000701" version="1" visible="true" lat="58.389872633566895" lon="26.73438841176821">
    <tag k="ele" v="52.51250076293945" />
  </node>
  <node id="10000702" version="1" visible="true" lat="58.38988056671019" lon="26.734405320527966">
    <tag k="ele" v="52.53687286376953" />
  </node>
  <node id="10000703" version="1" visible="true" lat="58.38989607472464" lon="26.734431582977603">
    <tag k="ele" v="52.53499984741211" />
  </node>
  <node id="10000704" version="1" visible="true" lat="58.38989634020335" lon="26.734230992116508">
    <tag k="ele" v="52.54062271118164" />
  </node>
  <node id="10000705" version="1" visible="true" lat="58.38988599860772" lon="26.73425247353997">
    <tag k="ele" v="52.53499984741211" />
  </node>
  <node id="10000706" version="1" visible="true" lat="58.389878385409126" lon="26.734265550137433">
    <tag k="ele" v="52.51499938964844" />
  </node>
  <node id="10000707" version="1" visible="true" lat="58.38987050303213" lon="26.734276624964572">
    <tag k="ele" v="52.48875045776367" />
  </node>
  <node id="10000708" version="1" visible="true" lat="58.38986284842012" lon="26.73428435002088">
    <tag k="ele" v="52.47999954223633" />
  </node>
  <node id="10000709" version="1" visible="true" lat="58.389854812316656" lon="26.73429046075763">
    <tag k="ele" v="52.44999694824219" />
  </node>
  <node id="10000710" version="1" visible="true" lat="58.38984806147259" lon="26.734292412479274">
    <tag k="ele" v="52.44999694824219" />
  </node>
  <node id="10000711" version="1" visible="true" lat="58.38984062184256" lon="26.734292527930915">
    <tag k="ele" v="52.40625" />
  </node>
  <node id="10000712" version="1" visible="true" lat="58.38983009757674" lon="26.734288541126563">
    <tag k="ele" v="52.377498626708984" />
  </node>
  <node id="10000713" version="1" visible="true" lat="58.389820268420785" lon="26.7342842740455">
    <tag k="ele" v="52.36499786376953" />
  </node>
  <node id="10000714" version="1" visible="true" lat="58.38980962117435" lon="26.73427631598603">
    <tag k="ele" v="52.30812454223633" />
  </node>
  <node id="10000715" version="1" visible="true" lat="58.38980259997743" lon="26.734269035740343">
    <tag k="ele" v="52.30812454223633" />
  </node>
  <node id="10000716" version="1" visible="true" lat="58.38984658924495" lon="26.734438250083684">
    <tag k="ele" v="52.44874954223633" />
  </node>
  <node id="10000717" version="1" visible="true" lat="58.38985378109137" lon="26.734413887063802">
    <tag k="ele" v="52.464996337890625" />
  </node>
  <node id="10000718" version="1" visible="true" lat="58.38985637264934" lon="26.734394874053137">
    <tag k="ele" v="52.4631233215332" />
  </node>
  <node id="10000719" version="1" visible="true" lat="58.38985641470877" lon="26.734373484067824">
    <tag k="ele" v="52.46624755859375" />
  </node>
  <node id="10000720" version="1" visible="true" lat="58.38985428671599" lon="26.73435628341197">
    <tag k="ele" v="52.443748474121094" />
  </node>
  <node id="10000721" version="1" visible="true" lat="58.389850230243" lon="26.734341706166465">
    <tag k="ele" v="52.443748474121094" />
  </node>
  <node id="10000722" version="1" visible="true" lat="58.38984534097905" lon="26.73433201637943">
    <tag k="ele" v="52.4006233215332" />
  </node>
  <node id="10000723" version="1" visible="true" lat="58.38983864716029" lon="26.7343215921743">
    <tag k="ele" v="52.4006233215332" />
  </node>
  <node id="10000724" version="1" visible="true" lat="58.389809005593634" lon="26.73428016797934">
    <tag k="ele" v="52.30812454223633" />
  </node>
  <node id="10000725" version="1" visible="true" lat="58.38983785944714" lon="26.734469463767567">
    <tag k="ele" v="52.432498931884766" />
  </node>
  <node id="10000726" version="1" visible="true" lat="58.38984737040316" lon="26.734452771011398">
    <tag k="ele" v="52.443748474121094" />
  </node>
  <node id="10000727" version="1" visible="true" lat="58.38985577310734" lon="26.734444113674705">
    <tag k="ele" v="52.47187423706055" />
  </node>
  <node id="10000728" version="1" visible="true" lat="58.389863675725685" lon="26.73443937920373">
    <tag k="ele" v="52.49625015258789" />
  </node>
  <node id="10000729" version="1" visible="true" lat="58.38987039794591" lon="26.73443633581419">
    <tag k="ele" v="52.49625015258789" />
  </node>
  <node id="10000730" version="1" visible="true" lat="58.38987664549435" lon="26.734436028754086">
    <tag k="ele" v="52.508750915527344" />
  </node>
  <node id="10000731" version="1" visible="true" lat="58.38988373226138" lon="26.73443539070916">
    <tag k="ele" v="52.522499084472656" />
  </node>
  <node id="10000732" version="1" visible="true" lat="58.38989138279102" lon="26.73443756965686">
    <tag k="ele" v="52.53499984741211" />
  </node>
  <node id="10000733" version="1" visible="true" lat="58.38990201308498" lon="26.734446318811262">
    <tag k="ele" v="52.54874801635742" />
  </node>
  <node id="10000734" version="1" visible="true" lat="58.38990734357475" lon="26.734413553464492">
    <tag k="ele" v="52.59437561035156" />
  </node>
  <node id="10000735" version="1" visible="true" lat="58.389897173125284" lon="26.73440276013525">
    <tag k="ele" v="52.564998626708984" />
  </node>
  <node id="10000736" version="1" visible="true" lat="58.38988319011622" lon="26.73439028407287">
    <tag k="ele" v="52.53874969482422" />
  </node>
  <node id="10000737" version="1" visible="true" lat="58.38987372970083" lon="26.73438519135352">
    <tag k="ele" v="52.51250076293945" />
  </node>
  <node id="10000738" version="1" visible="true" lat="58.38986353186635" lon="26.734385389672678">
    <tag k="ele" v="52.48999786376953" />
  </node>
  <node id="10000739" version="1" visible="true" lat="58.38985409701142" lon="26.734388816626105">
    <tag k="ele" v="52.4631233215332" />
  </node>
  <node id="10000740" version="1" visible="true" lat="58.38984850859913" lon="26.734392344262357">
    <tag k="ele" v="52.448123931884766" />
  </node>
  <node id="10000741" version="1" visible="true" lat="58.38984329320538" lon="26.734397881727507">
    <tag k="ele" v="52.41374969482422" />
  </node>
  <node id="10000742" version="1" visible="true" lat="58.38983734462707" lon="26.73440851246579">
    <tag k="ele" v="52.428123474121094" />
  </node>
  <node id="10000743" version="1" visible="true" lat="58.38983176906615" lon="26.734421153030098">
    <tag k="ele" v="52.38999938964844" />
  </node>
  <node id="10000744" version="1" visible="true" lat="58.38982142327445" lon="26.734447685214636">
    <tag k="ele" v="52.381248474121094" />
  </node>
  <node id="10000745" version="1" visible="true" lat="58.38990456722352" lon="26.73440477059391">
    <tag k="ele" v="52.59375" />
  </node>
  <node id="10000746" version="1" visible="true" lat="58.38989549866658" lon="26.734386238464523">
    <tag k="ele" v="52.56624984741211" />
  </node>
  <node id="10000747" version="1" visible="true" lat="58.38989125568747" lon="26.734370656282263">
    <tag k="ele" v="52.57749938964844" />
  </node>
  <node id="10000748" version="1" visible="true" lat="58.38988964471868" lon="26.73434874170817">
    <tag k="ele" v="52.54999923706055" />
  </node>
  <node id="10000749" version="1" visible="true" lat="58.389890017435995" lon="26.73433133910331">
    <tag k="ele" v="52.54374694824219" />
  </node>
  <node id="10000750" version="1" visible="true" lat="58.389892409803856" lon="26.734314340976518">
    <tag k="ele" v="52.52124786376953" />
  </node>
  <node id="10000751" version="1" visible="true" lat="58.38989680911633" lon="26.73429834059571">
    <tag k="ele" v="52.538124084472656" />
  </node>
  <node id="10000752" version="1" visible="true" lat="58.389903507728434" lon="26.73427697239517">
    <tag k="ele" v="52.53624725341797" />
  </node>
  <node id="10000753" version="1" visible="true" lat="58.39068139341959" lon="26.73544690344311">
    <tag k="ele" v="53.67499923706055" />
  </node>
  <node id="10000754" version="1" visible="true" lat="58.390524321379345" lon="26.735239387941544">
    <tag k="ele" v="53.076873779296875" />
  </node>
  <node id="10000755" version="1" visible="true" lat="58.39003085062937" lon="26.734579845863014">
    <tag k="ele" v="52.78312301635742" />
  </node>
  <node id="10000756" version="1" visible="true" lat="58.39070522174753" lon="26.73552932222876">
    <tag k="ele" v="53.799373626708984" />
  </node>
  <node id="10000757" version="1" visible="true" lat="58.39071564433905" lon="26.735547762221753">
    <tag k="ele" v="53.81749725341797" />
  </node>
  <node id="10000758" version="1" visible="true" lat="58.39072228828348" lon="26.735562937227897">
    <tag k="ele" v="53.81374740600586" />
  </node>
  <node id="10000759" version="1" visible="true" lat="58.390726391256116" lon="26.735580192823832">
    <tag k="ele" v="53.811248779296875" />
  </node>
  <node id="10000760" version="1" visible="true" lat="58.39072678338057" lon="26.735591019239514">
    <tag k="ele" v="53.795623779296875" />
  </node>
  <node id="10000761" version="1" visible="true" lat="58.39072644648191" lon="26.735601888047913">
    <tag k="ele" v="53.81624984741211" />
  </node>
  <node id="10000762" version="1" visible="true" lat="58.3907235771136" lon="26.735619295138815">
    <tag k="ele" v="53.7974967956543" />
  </node>
  <node id="10000763" version="1" visible="true" lat="58.390719970219514" lon="26.735632286917756">
    <tag k="ele" v="53.77750015258789" />
  </node>
  <node id="10000764" version="1" visible="true" lat="58.390711217820076" lon="26.735652406270614">
    <tag k="ele" v="53.7443733215332" />
  </node>
  <node id="10000765" version="1" visible="true" lat="58.39069203800196" lon="26.73569392104483">
    <tag k="ele" v="53.66187286376953" />
  </node>
  <node id="10000766" version="1" visible="true" lat="58.390691969996055" lon="26.7356940682437">
    <tag k="ele" v="53.66187286376953" />
  </node>
  <node id="10000767" version="1" visible="true" lat="58.39069979640816" lon="26.735520382739274">
    <tag k="ele" v="53.75749969482422" />
  </node>
  <node id="10000768" version="1" visible="true" lat="58.39072066480748" lon="26.7355416153664">
    <tag k="ele" v="53.828125" />
  </node>
  <node id="10000769" version="1" visible="true" lat="58.39073164416869" lon="26.735549847442215">
    <tag k="ele" v="53.82937240600586" />
  </node>
  <node id="10000770" version="1" visible="true" lat="58.39074294881596" lon="26.73555503439368">
    <tag k="ele" v="53.81812286376953" />
  </node>
  <node id="10000771" version="1" visible="true" lat="58.390753673820704" lon="26.735555719260415">
    <tag k="ele" v="53.814998626708984" />
  </node>
  <node id="10000772" version="1" visible="true" lat="58.39076674322386" lon="26.735552574968448">
    <tag k="ele" v="53.82374954223633" />
  </node>
  <node id="10000773" version="1" visible="true" lat="58.39077799853128" lon="26.73554671451895">
    <tag k="ele" v="53.81687545776367" />
  </node>
  <node id="10000774" version="1" visible="true" lat="58.39078881565206" lon="26.735535818215535">
    <tag k="ele" v="53.83250045776367" />
  </node>
  <node id="10000775" version="1" visible="true" lat="58.39080752630921" lon="26.73550240816028">
    <tag k="ele" v="53.82749938964844" />
  </node>
  <node id="10000776" version="1" visible="true" lat="58.39091795988692" lon="26.73527631294255">
    <tag k="ele" v="53.59687423706055" />
  </node>
  <node id="10000777" version="1" visible="true" lat="58.391162753585675" lon="26.73476444453054">
    <tag k="ele" v="53.2974967956543" />
  </node>
  <node id="10000778" version="1" visible="true" lat="58.39149638109739" lon="26.734067713420384">
    <tag k="ele" v="53.01187515258789" />
  </node>
  <node id="10000779" version="1" visible="true" lat="58.391836786269515" lon="26.733365156596506">
    <tag k="ele" v="52.87874984741211" />
  </node>
  <node id="10000780" version="1" visible="true" lat="58.392194310471304" lon="26.732640143617516">
    <tag k="ele" v="52.852500915527344" />
  </node>
  <node id="10000781" version="1" visible="true" lat="58.39227346400645" lon="26.732479885107463">
    <tag k="ele" v="52.85625076293945" />
  </node>
  <node id="10000782" version="1" visible="true" lat="58.392355574063856" lon="26.73230334072469">
    <tag k="ele" v="52.8381233215332" />
  </node>
  <node id="10000783" version="1" visible="true" lat="58.39079607368743" lon="26.735473785446587">
    <tag k="ele" v="53.834373474121094" />
  </node>
  <node id="10000784" version="1" visible="true" lat="58.39078714537349" lon="26.73548755229724">
    <tag k="ele" v="53.86687469482422" />
  </node>
  <node id="10000785" version="1" visible="true" lat="58.39077491473479" lon="26.735501310137597">
    <tag k="ele" v="53.875" />
  </node>
  <node id="10000786" version="1" visible="true" lat="58.39076433441128" lon="26.73550722305269">
    <tag k="ele" v="53.87937545776367" />
  </node>
  <node id="10000787" version="1" visible="true" lat="58.39075610695913" lon="26.73550891128021">
    <tag k="ele" v="53.87937545776367" />
  </node>
  <node id="10000788" version="1" visible="true" lat="58.39074888508641" lon="26.735509786240033">
    <tag k="ele" v="53.88874816894531" />
  </node>
  <node id="10000789" version="1" visible="true" lat="58.39074154346518" lon="26.73550896812241">
    <tag k="ele" v="53.879371643066406" />
  </node>
  <node id="10000790" version="1" visible="true" lat="58.39073378751414" lon="26.735505641674095">
    <tag k="ele" v="53.86312484741211" />
  </node>
  <node id="10000791" version="1" visible="true" lat="58.390726015657755" lon="26.73550063022038">
    <tag k="ele" v="53.86437225341797" />
  </node>
  <node id="10000792" version="1" visible="true" lat="58.39071930553941" lon="26.735494611775557">
    <tag k="ele" v="53.82749938964844" />
  </node>
  <node id="10000793" version="1" visible="true" lat="58.39071268335872" lon="26.735486916396212">
    <tag k="ele" v="53.82749938964844" />
  </node>
  <node id="10000794" version="1" visible="true" lat="58.390689774587344" lon="26.735457750204606">
    <tag k="ele" v="53.69624710083008" />
  </node>
  <node id="10000795" version="1" visible="true" lat="58.390730435770756" lon="26.735662070983338">
    <tag k="ele" v="53.71624755859375" />
  </node>
  <node id="10000796" version="1" visible="true" lat="58.39074021969981" lon="26.735638713763226">
    <tag k="ele" v="53.75374984741211" />
  </node>
  <node id="10000797" version="1" visible="true" lat="58.39074494553889" lon="26.73562204520682">
    <tag k="ele" v="53.76187515258789" />
  </node>
  <node id="10000798" version="1" visible="true" lat="58.390747483786456" lon="26.735606741850255">
    <tag k="ele" v="53.76187515258789" />
  </node>
  <node id="10000799" version="1" visible="true" lat="58.39074850571016" lon="26.73559181588437">
    <tag k="ele" v="53.77937316894531" />
  </node>
  <node id="10000800" version="1" visible="true" lat="58.39074853052683" lon="26.735577307659522">
    <tag k="ele" v="53.80062484741211" />
  </node>
  <node id="10000801" version="1" visible="true" lat="58.390747363261944" lon="26.73556260775305">
    <tag k="ele" v="53.814998626708984" />
  </node>
  <node id="10000802" version="1" visible="true" lat="58.39074498272886" lon="26.735548704974104">
    <tag k="ele" v="53.83250045776367" />
  </node>
  <node id="10000803" version="1" visible="true" lat="58.39073987788757" lon="26.735533302904102">
    <tag k="ele" v="53.85187530517578" />
  </node>
  <node id="10000804" version="1" visible="true" lat="58.39073374627857" lon="26.735519702912253">
    <tag k="ele" v="53.86312484741211" />
  </node>
  <node id="10000805" version="1" visible="true" lat="58.39070799342655" lon="26.735482491096334">
    <tag k="ele" v="53.771873474121094" />
  </node>
  <node id="10000806" version="1" visible="true" lat="58.38913988803589" lon="26.73341524646745">
    <tag k="ele" v="49.9162483215332" />
  </node>
  <node id="10000807" version="1" visible="true" lat="58.39101954951483" lon="26.731152798458286">
    <tag k="ele" v="52.81437301635742" />
  </node>
  <node id="10000808" version="1" visible="true" lat="58.3911403712609" lon="26.730827065521968">
    <tag k="ele" v="52.67250061035156" />
  </node>
  <node id="10000809" version="1" visible="true" lat="58.38923863914519" lon="26.73337921236538">
    <tag k="ele" v="50.05249786376953" />
  </node>
  <node id="10000810" version="1" visible="true" lat="58.38923092384581" lon="26.733395449922586">
    <tag k="ele" v="50.02499771118164" />
  </node>
  <node id="10000811" version="1" visible="true" lat="58.38922382037015" lon="26.733406585212844">
    <tag k="ele" v="50.00437545776367" />
  </node>
  <node id="10000812" version="1" visible="true" lat="58.38921635232747" lon="26.733415315208326">
    <tag k="ele" v="50.01187515258789" />
  </node>
  <node id="10000813" version="1" visible="true" lat="58.389209185119206" lon="26.7334197107565">
    <tag k="ele" v="49.98374938964844" />
  </node>
  <node id="10000814" version="1" visible="true" lat="58.38920122103485" lon="26.733422459774115">
    <tag k="ele" v="49.98374938964844" />
  </node>
  <node id="10000815" version="1" visible="true" lat="58.38919331622648" lon="26.733422440247466">
    <tag k="ele" v="49.96062469482422" />
  </node>
  <node id="10000816" version="1" visible="true" lat="58.38918545375815" lon="26.73342044319054">
    <tag k="ele" v="49.973121643066406" />
  </node>
  <node id="10000817" version="1" visible="true" lat="58.38917949222781" lon="26.73341710812025">
    <tag k="ele" v="49.955623626708984" />
  </node>
  <node id="10000818" version="1" visible="true" lat="58.38917375955439" lon="26.73341280041216">
    <tag k="ele" v="49.97812271118164" />
  </node>
  <node id="10000819" version="1" visible="true" lat="58.38916770153433" lon="26.73340668470885">
    <tag k="ele" v="49.97812271118164" />
  </node>
  <node id="10000820" version="1" visible="true" lat="58.38916135315334" lon="26.733399556054458">
    <tag k="ele" v="49.96500015258789" />
  </node>
  <node id="10000821" version="1" visible="true" lat="58.38915062089083" lon="26.733385774294643">
    <tag k="ele" v="49.98062515258789" />
  </node>
  <node id="10000822" version="1" visible="true" lat="58.389150595586486" lon="26.733385741800273">
    <tag k="ele" v="49.98062515258789" />
  </node>
  <node id="10000823" version="1" visible="true" lat="58.389136118348375" lon="26.73336715097261">
    <tag k="ele" v="49.97374725341797" />
  </node>
  <node id="10000824" version="1" visible="true" lat="58.389135803186655" lon="26.733366746260458">
    <tag k="ele" v="49.97374725341797" />
  </node>
  <node id="10000825" version="1" visible="true" lat="58.39695322545122" lon="26.750333046048485">
    <tag k="ele" v="58.23875045776367" />
  </node>
  <node id="10000826" version="1" visible="true" lat="58.39694407845045" lon="26.750442319160374">
    <tag k="ele" v="58.25" />
  </node>
  <node id="10000827" version="1" visible="true" lat="58.396975500433236" lon="26.750340348032182">
    <tag k="ele" v="58.271873474121094" />
  </node>
  <node id="10000828" version="1" visible="true" lat="58.39696558237842" lon="26.75044855250017">
    <tag k="ele" v="58.29812240600586" />
  </node>
  <node id="10000829" version="1" visible="true" lat="58.398016324913215" lon="26.75465907019353">
    <tag k="ele" v="60.47624969482422" />
  </node>
  <node id="10000830" version="1" visible="true" lat="58.39809685596475" lon="26.755011636262747">
    <tag k="ele" v="60.60187530517578" />
  </node>
  <node id="10000831" version="1" visible="true" lat="58.39755617361845" lon="26.755470149812844">
    <tag k="ele" v="59.691871643066406" />
  </node>
  <node id="10000832" version="1" visible="true" lat="58.398017568488946" lon="26.75509386898881">
    <tag k="ele" v="60.44249725341797" />
  </node>
  <node id="10000833" version="1" visible="true" lat="58.398205936228074" lon="26.755609273743787">
    <tag k="ele" v="60.60624694824219" />
  </node>
  <node id="10000834" version="1" visible="true" lat="58.39841738701519" lon="26.75654995621554">
    <tag k="ele" v="60.865623474121094" />
  </node>
  <node id="10000835" version="1" visible="true" lat="58.397707270194324" lon="26.75601692006187">
    <tag k="ele" v="59.86687469482422" />
  </node>
  <node id="10000836" version="1" visible="true" lat="58.39813431217754" lon="26.754825697386757">
    <tag k="ele" v="60.2912483215332" />
  </node>
  <node id="10000837" version="1" visible="true" lat="58.39797526406022" lon="26.754588483961147">
    <tag k="ele" v="60.401248931884766" />
  </node>
  <node id="10000838" version="1" visible="true" lat="58.397968638963285" lon="26.754559111956695">
    <tag k="ele" v="60.39999771118164" />
  </node>
  <node id="10000839" version="1" visible="true" lat="58.397652145070694" lon="26.753149520119603">
    <tag k="ele" v="59.87624740600586" />
  </node>
  <node id="10000840" version="1" visible="true" lat="58.397209415805875" lon="26.751163986414205">
    <tag k="ele" v="58.885623931884766" />
  </node>
  <node id="10000841" version="1" visible="true" lat="58.397119562490104" lon="26.750765698596997">
    <tag k="ele" v="58.62312316894531" />
  </node>
  <node id="10000842" version="1" visible="true" lat="58.39708474527357" lon="26.750599757299888">
    <tag k="ele" v="58.50124740600586" />
  </node>
  <node id="10000843" version="1" visible="true" lat="58.39592764859355" lon="26.751138860203422">
    <tag k="ele" v="58.21812438964844" />
  </node>
  <node id="10000844" version="1" visible="true" lat="58.39639545254156" lon="26.75079320724165">
    <tag k="ele" v="57.48062515258789" />
  </node>
  <node id="10000845" version="1" visible="true" lat="58.3964465409557" lon="26.75081893413328">
    <tag k="ele" v="57.46187210083008" />
  </node>
  <node id="10000846" version="1" visible="true" lat="58.396972162884175" lon="26.750072331877014">
    <tag k="ele" v="58.058746337890625" />
  </node>
  <node id="10000847" version="1" visible="true" lat="58.39765890965754" lon="26.75676261144181">
    <tag k="ele" v="60.58687210083008" />
  </node>
  <node id="10000848" version="1" visible="true" lat="58.39784235164095" lon="26.756612843523932">
    <tag k="ele" v="59.973121643066406" />
  </node>
  <node id="10000849" version="1" visible="true" lat="58.39599805849016" lon="26.751491354777162">
    <tag k="ele" v="58.34874725341797" />
  </node>
  <node id="10000850" version="1" visible="true" lat="58.3964853179814" lon="26.751129989115924">
    <tag k="ele" v="57.60874938964844" />
  </node>
  <node id="10000851" version="1" visible="true" lat="58.39643379661578" lon="26.754061559650044">
    <tag k="ele" v="58.3125" />
  </node>
  <node id="10000852" version="1" visible="true" lat="58.39643826779855" lon="26.754018441338847">
    <tag k="ele" v="58.20750045776367" />
  </node>
  <node id="10000853" version="1" visible="true" lat="58.39645084265601" lon="26.75398270216213">
    <tag k="ele" v="58.41937255859375" />
  </node>
  <node id="10000854" version="1" visible="true" lat="58.39647988306525" lon="26.75394975021719">
    <tag k="ele" v="58.37624740600586" />
  </node>
  <node id="10000855" version="1" visible="true" lat="58.396508665288536" lon="26.753928769260582">
    <tag k="ele" v="58.26937484741211" />
  </node>
  <node id="10000856" version="1" visible="true" lat="58.39654832251595" lon="26.753932621691877">
    <tag k="ele" v="58.25749969482422" />
  </node>
  <node id="10000857" version="1" visible="true" lat="58.39661493810208" lon="26.753945328592152">
    <tag k="ele" v="58.4631233215332" />
  </node>
  <node id="10000858" version="1" visible="true" lat="58.397033977181756" lon="26.753598888227877">
    <tag k="ele" v="59.0" />
  </node>
  <node id="10000859" version="1" visible="true" lat="58.39747696061419" lon="26.75576939650759">
    <tag k="ele" v="59.66437530517578" />
  </node>
  <node id="10000860" version="1" visible="true" lat="58.39707493816015" lon="26.756096129816438">
    <tag k="ele" v="59.16937255859375" />
  </node>
  <node id="10000861" version="1" visible="true" lat="58.39709935411794" lon="26.75619932076339">
    <tag k="ele" v="59.17499923706055" />
  </node>
  <node id="10000862" version="1" visible="true" lat="58.39749650275" lon="26.755858712650515">
    <tag k="ele" v="59.70687484741211" />
  </node>
  <node id="10000863" version="1" visible="true" lat="58.39651756459184" lon="26.7508530190738">
    <tag k="ele" v="57.54812240600586" />
  </node>
  <node id="10000864" version="1" visible="true" lat="58.3965504252786" lon="26.751006539252064">
    <tag k="ele" v="57.64562225341797" />
  </node>
  <node id="10000865" version="1" visible="true" lat="58.396497611329885" lon="26.750868515602267">
    <tag k="ele" v="57.53312301635742" />
  </node>
  <node id="10000866" version="1" visible="true" lat="58.396530475246976" lon="26.751022027337843">
    <tag k="ele" v="57.62999725341797" />
  </node>
  <node id="10000867" version="1" visible="true" lat="58.39869642105775" lon="26.756328223714085">
    <tag k="ele" v="60.741249084472656" />
  </node>
  <node id="10000868" version="1" visible="true" lat="58.39712077474132" lon="26.750571095560545">
    <tag k="ele" v="58.42749786376953" />
  </node>
  <node id="10000869" version="1" visible="true" lat="58.39658071891456" lon="26.748159872175616">
    <tag k="ele" v="57.02812194824219" />
  </node>
  <node id="10000870" version="1" visible="true" lat="58.3965798387938" lon="26.7480545055085">
    <tag k="ele" v="57.00812530517578" />
  </node>
  <node id="10000871" version="1" visible="true" lat="58.396735525291234" lon="26.74792782473303">
    <tag k="ele" v="56.80937194824219" />
  </node>
  <node id="10000872" version="1" visible="true" lat="58.396647795498865" lon="26.747534070242043">
    <tag k="ele" v="56.758750915527344" />
  </node>
  <node id="10000873" version="1" visible="true" lat="58.39647185646696" lon="26.747673972987233">
    <tag k="ele" v="56.95499801635742" />
  </node>
  <node id="10000874" version="1" visible="true" lat="58.396270273423355" lon="26.74677464096038">
    <tag k="ele" v="56.96687316894531" />
  </node>
  <node id="10000875" version="1" visible="true" lat="58.3964465205305" lon="26.746629512504533">
    <tag k="ele" v="56.699371337890625" />
  </node>
  <node id="10000876" version="1" visible="true" lat="58.39609129291512" lon="26.749423437728687">
    <tag k="ele" v="57.838748931884766" />
  </node>
  <node id="10000877" version="1" visible="true" lat="58.39672747965947" lon="26.752211147337263">
    <tag k="ele" v="58.37874984741211" />
  </node>
  <node id="10000878" version="1" visible="true" lat="58.396957698560016" lon="26.75324966683643">
    <tag k="ele" v="58.869998931884766" />
  </node>
  <node id="10000879" version="1" visible="true" lat="58.3964718195375" lon="26.753648589076754">
    <tag k="ele" v="59.03312301635742" />
  </node>
  <node id="10000880" version="1" visible="true" lat="58.39645548363671" lon="26.75369452645188">
    <tag k="ele" v="59.494998931884766" />
  </node>
  <node id="10000881" version="1" visible="true" lat="58.39645068429759" lon="26.753734621336374">
    <tag k="ele" v="58.162498474121094" />
  </node>
  <node id="10000882" version="1" visible="true" lat="58.396433508788306" lon="26.753764754482827">
    <tag k="ele" v="58.11687469482422" />
  </node>
  <node id="10000883" version="1" visible="true" lat="58.39640850387112" lon="26.753774789307222">
    <tag k="ele" v="58.19687271118164" />
  </node>
  <node id="10000884" version="1" visible="true" lat="58.396383100587244" lon="26.753766806149304">
    <tag k="ele" v="58.0412483215332" />
  </node>
  <node id="10000885" version="1" visible="true" lat="58.39635872494048" lon="26.75374766166307">
    <tag k="ele" v="57.95624923706055" />
  </node>
  <node id="10000886" version="1" visible="true" lat="58.3972339973214" lon="26.754468181523425">
    <tag k="ele" v="59.241249084472656" />
  </node>
  <node id="10000887" version="1" visible="true" lat="58.397451703628604" lon="26.755447543408305">
    <tag k="ele" v="59.62999725341797" />
  </node>
  <node id="10000888" version="1" visible="true" lat="58.39750650972717" lon="26.755692977685047">
    <tag k="ele" v="59.68000030517578" />
  </node>
  <node id="10000889" version="1" visible="true" lat="58.39637339358284" lon="26.750867494919046">
    <tag k="ele" v="57.44999694824219" />
  </node>
  <node id="10000890" version="1" visible="true" lat="58.396631620959695" lon="26.751143206222814">
    <tag k="ele" v="57.826873779296875" />
  </node>
  <node id="10000891" version="1" visible="true" lat="58.39636284451448" lon="26.750903283558554">
    <tag k="ele" v="57.428749084472656" />
  </node>
  <node id="10000892" version="1" visible="true" lat="58.39636284767594" lon="26.750903286936715">
    <tag k="ele" v="57.428749084472656" />
  </node>
  <node id="10000893" version="1" visible="true" lat="58.396623743641555" lon="26.75134219656089">
    <tag k="ele" v="57.8849983215332" />
  </node>
  <node id="10000894" version="1" visible="true" lat="58.39658049024483" lon="26.751069616414462">
    <tag k="ele" v="57.714996337890625" />
  </node>
  <node id="10000895" version="1" visible="true" lat="58.396602345248006" lon="26.75135900900779">
    <tag k="ele" v="57.87125015258789" />
  </node>
  <node id="10000896" version="1" visible="true" lat="58.39653237110362" lon="26.751027875110438">
    <tag k="ele" v="57.62999725341797" />
  </node>
  <node id="10000897" version="1" visible="true" lat="58.3965657835637" lon="26.751099908789858">
    <tag k="ele" v="57.70874786376953" />
  </node>
  <node id="10000898" version="1" visible="true" lat="58.39662100970887" lon="26.75117922750442">
    <tag k="ele" v="57.83250045776367" />
  </node>
  <node id="10000899" version="1" visible="true" lat="58.40490570946851" lon="26.751720500511517">
    <tag k="ele" v="60.125" />
  </node>
  <node id="10000900" version="1" visible="true" lat="58.40462530166794" lon="26.751628364199966">
    <tag k="ele" v="60.23187255859375" />
  </node>
  <node id="10000901" version="1" visible="true" lat="58.40453036013976" lon="26.751598975359023">
    <tag k="ele" v="60.123748779296875" />
  </node>
  <node id="10000902" version="1" visible="true" lat="58.40445487346349" lon="26.75157708274644">
    <tag k="ele" v="60.04249954223633" />
  </node>
  <node id="10000903" version="1" visible="true" lat="58.40432531887381" lon="26.75154223136722">
    <tag k="ele" v="60.04437255859375" />
  </node>
  <node id="10000904" version="1" visible="true" lat="58.404244675490624" lon="26.751522366771436">
    <tag k="ele" v="60.127498626708984" />
  </node>
  <node id="10000905" version="1" visible="true" lat="58.40417861023943" lon="26.75150862397804">
    <tag k="ele" v="60.20124816894531" />
  </node>
  <node id="10000906" version="1" visible="true" lat="58.404109063028244" lon="26.75149758777798">
    <tag k="ele" v="60.30812454223633" />
  </node>
  <node id="10000907" version="1" visible="true" lat="58.40405002841635" lon="26.751491602151066">
    <tag k="ele" v="60.42562484741211" />
  </node>
  <node id="10000908" version="1" visible="true" lat="58.40398544252537" lon="26.75148802431699">
    <tag k="ele" v="60.502498626708984" />
  </node>
  <node id="10000909" version="1" visible="true" lat="58.40394274631089" lon="26.75148862329736">
    <tag k="ele" v="60.57499694824219" />
  </node>
  <node id="10000910" version="1" visible="true" lat="58.40390297419483" lon="26.751492806333">
    <tag k="ele" v="60.60499954223633" />
  </node>
  <node id="10000911" version="1" visible="true" lat="58.4038743830697" lon="26.751497709549156">
    <tag k="ele" v="60.64125061035156" />
  </node>
  <node id="10000912" version="1" visible="true" lat="58.40385111005054" lon="26.751502686202887">
    <tag k="ele" v="60.68874740600586" />
  </node>
  <node id="10000913" version="1" visible="true" lat="58.40382823128066" lon="26.75150854964893">
    <tag k="ele" v="60.72437286376953" />
  </node>
  <node id="10000914" version="1" visible="true" lat="58.403804882010796" lon="26.7515158143292">
    <tag k="ele" v="60.78125" />
  </node>
  <node id="10000915" version="1" visible="true" lat="58.40378082494851" lon="26.751524649999617">
    <tag k="ele" v="60.83250045776367" />
  </node>
  <node id="10000916" version="1" visible="true" lat="58.40375601450288" lon="26.751535087330357">
    <tag k="ele" v="60.86874771118164" />
  </node>
  <node id="10000917" version="1" visible="true" lat="58.403707562599" lon="26.751558843812994">
    <tag k="ele" v="60.957496643066406" />
  </node>
  <node id="10000918" version="1" visible="true" lat="58.403677835927326" lon="26.751575162365896">
    <tag k="ele" v="61.00062561035156" />
  </node>
  <node id="10000919" version="1" visible="true" lat="58.403645719393445" lon="26.75159396463561">
    <tag k="ele" v="61.07187271118164" />
  </node>
  <node id="10000920" version="1" visible="true" lat="58.40357828988315" lon="26.751636454919776">
    <tag k="ele" v="61.178123474121094" />
  </node>
  <node id="10000921" version="1" visible="true" lat="58.40333427255272" lon="26.751798443737083">
    <tag k="ele" v="61.64187240600586" />
  </node>
  <node id="10000922" version="1" visible="true" lat="58.40315400417156" lon="26.75191943380049">
    <tag k="ele" v="62.022499084472656" />
  </node>
  <node id="10000923" version="1" visible="true" lat="58.4027405600696" lon="26.752200497685067">
    <tag k="ele" v="62.957496643066406" />
  </node>
  <node id="10000924" version="1" visible="true" lat="58.40191530115102" lon="26.752767389485747">
    <tag k="ele" v="64.07687377929688" />
  </node>
  <node id="10000925" version="1" visible="true" lat="58.40166170759727" lon="26.75294083633468">
    <tag k="ele" v="64.19437408447266" />
  </node>
  <node id="10000926" version="1" visible="true" lat="58.401116069408374" lon="26.753312702447403">
    <tag k="ele" v="64.00875091552734" />
  </node>
  <node id="10000927" version="1" visible="true" lat="58.40065988200812" lon="26.753621372943236">
    <tag k="ele" v="63.854373931884766" />
  </node>
  <node id="10000928" version="1" visible="true" lat="58.39985889935176" lon="26.754170995139212">
    <tag k="ele" v="63.29249954223633" />
  </node>
  <node id="10000929" version="1" visible="true" lat="58.39910024312166" lon="26.75468537479979">
    <tag k="ele" v="62.55812454223633" />
  </node>
  <node id="10000930" version="1" visible="true" lat="58.398682209448964" lon="26.754963481760853">
    <tag k="ele" v="61.81437301635742" />
  </node>
  <node id="10000931" version="1" visible="true" lat="58.39845746232833" lon="26.755111699867857">
    <tag k="ele" v="61.29999923706055" />
  </node>
  <node id="10000932" version="1" visible="true" lat="58.398289291308956" lon="26.75521991009517">
    <tag k="ele" v="60.924373626708984" />
  </node>
  <node id="10000933" version="1" visible="true" lat="58.398272273256445" lon="26.75522984066292">
    <tag k="ele" v="60.8849983215332" />
  </node>
  <node id="10000934" version="1" visible="true" lat="58.398269124368575" lon="26.75523168239552">
    <tag k="ele" v="60.8849983215332" />
  </node>
  <node id="10000935" version="1" visible="true" lat="58.39824359366532" lon="26.755244429141847">
    <tag k="ele" v="60.81812286376953" />
  </node>
  <node id="10000936" version="1" visible="true" lat="58.39743952213859" lon="26.755009729268988">
    <tag k="ele" v="59.546875" />
  </node>
  <node id="10000937" version="1" visible="true" lat="58.39751365337655" lon="26.755359477258022">
    <tag k="ele" v="59.65812301635742" />
  </node>
  <node id="10000938" version="1" visible="true" lat="58.39694756513235" lon="26.751481233793108">
    <tag k="ele" v="58.40749740600586" />
  </node>
  <node id="10000939" version="1" visible="true" lat="58.397050133645784" lon="26.751599378091623">
    <tag k="ele" v="58.631248474121094" />
  </node>
  <node id="10000940" version="1" visible="true" lat="58.39709742813211" lon="26.751667199622982">
    <tag k="ele" v="58.79624938964844" />
  </node>
  <node id="10000941" version="1" visible="true" lat="58.39714051553376" lon="26.75172898828851">
    <tag k="ele" v="58.915000915527344" />
  </node>
  <node id="10000942" version="1" visible="true" lat="58.39718152175217" lon="26.751800109184792">
    <tag k="ele" v="59.014373779296875" />
  </node>
  <node id="10000943" version="1" visible="true" lat="58.39722886486094" lon="26.751893176371762">
    <tag k="ele" v="59.15937423706055" />
  </node>
  <node id="10000944" version="1" visible="true" lat="58.39725604017232" lon="26.75195410291602">
    <tag k="ele" v="59.23500061035156" />
  </node>
  <node id="10000945" version="1" visible="true" lat="58.39729603563808" lon="26.75205503035241">
    <tag k="ele" v="59.355621337890625" />
  </node>
  <node id="10000946" version="1" visible="true" lat="58.39733011363235" lon="26.752155687780842">
    <tag k="ele" v="59.44312286376953" />
  </node>
  <node id="10000947" version="1" visible="true" lat="58.397368405580345" lon="26.752289640394345">
    <tag k="ele" v="59.534996032714844" />
  </node>
  <node id="10000948" version="1" visible="true" lat="58.397396661597895" lon="26.752403797710333">
    <tag k="ele" v="59.59187316894531" />
  </node>
  <node id="10000949" version="1" visible="true" lat="58.39741875179143" lon="26.752510532166767">
    <tag k="ele" v="59.62812423706055" />
  </node>
  <node id="10000950" version="1" visible="true" lat="58.397433382612085" lon="26.752581225053945">
    <tag k="ele" v="59.6193733215332" />
  </node>
  <node id="10000951" version="1" visible="true" lat="58.39751998117012" lon="26.753051509128984">
    <tag k="ele" v="59.70062255859375" />
  </node>
  <node id="10000952" version="1" visible="true" lat="58.39764666589683" lon="26.753753502353742">
    <tag k="ele" v="59.90250015258789" />
  </node>
  <node id="10000953" version="1" visible="true" lat="58.397681643301595" lon="26.753971193959455">
    <tag k="ele" v="59.94312286376953" />
  </node>
  <node id="10000954" version="1" visible="true" lat="58.39770106365703" lon="26.75412637415549">
    <tag k="ele" v="59.99187469482422" />
  </node>
  <node id="10000955" version="1" visible="true" lat="58.397707889638085" lon="26.75419547650894">
    <tag k="ele" v="60.00499725341797" />
  </node>
  <node id="10000956" version="1" visible="true" lat="58.39770795505049" lon="26.754196212034902">
    <tag k="ele" v="60.00499725341797" />
  </node>
  <node id="10000957" version="1" visible="true" lat="58.3974195851079" lon="26.755025302257316">
    <tag k="ele" v="59.53874969482422" />
  </node>
  <node id="10000958" version="1" visible="true" lat="58.39749416808489" lon="26.755374341252857">
    <tag k="ele" v="59.631248474121094" />
  </node>
  <node id="10000959" version="1" visible="true" lat="58.39688284644765" lon="26.75145911484403">
    <tag k="ele" v="58.323123931884766" />
  </node>
  <node id="10000960" version="1" visible="true" lat="58.3970380569749" lon="26.751633979354306">
    <tag k="ele" v="58.59687423706055" />
  </node>
  <node id="10000961" version="1" visible="true" lat="58.39707094921531" lon="26.751679072264402">
    <tag k="ele" v="58.707496643066406" />
  </node>
  <node id="10000962" version="1" visible="true" lat="58.39708542451846" lon="26.75170037481255">
    <tag k="ele" v="58.75374984741211" />
  </node>
  <node id="10000963" version="1" visible="true" lat="58.397126701192974" lon="26.75176111966511">
    <tag k="ele" v="58.866249084472656" />
  </node>
  <node id="10000964" version="1" visible="true" lat="58.39714005610934" lon="26.751782684126276">
    <tag k="ele" v="58.916873931884766" />
  </node>
  <node id="10000965" version="1" visible="true" lat="58.39716634193864" lon="26.75182990123583">
    <tag k="ele" v="58.98562240600586" />
  </node>
  <node id="10000966" version="1" visible="true" lat="58.397197462294926" lon="26.75188923471966">
    <tag k="ele" v="59.10249710083008" />
  </node>
  <node id="10000967" version="1" visible="true" lat="58.39721261481406" lon="26.75192084575429">
    <tag k="ele" v="59.13062286376953" />
  </node>
  <node id="10000968" version="1" visible="true" lat="58.397239069032764" lon="26.7519801556422">
    <tag k="ele" v="59.21875" />
  </node>
  <node id="10000969" version="1" visible="true" lat="58.39725548000944" lon="26.752020585465925">
    <tag k="ele" v="59.26312255859375" />
  </node>
  <node id="10000970" version="1" visible="true" lat="58.39726751832007" lon="26.752050242902456">
    <tag k="ele" v="59.307498931884766" />
  </node>
  <node id="10000971" version="1" visible="true" lat="58.39727811090718" lon="26.75207865702323">
    <tag k="ele" v="59.323123931884766" />
  </node>
  <node id="10000972" version="1" visible="true" lat="58.39728348732638" lon="26.752094127942307">
    <tag k="ele" v="59.348121643066406" />
  </node>
  <node id="10000973" version="1" visible="true" lat="58.39729165275838" lon="26.752117624406687">
    <tag k="ele" v="59.37062454223633" />
  </node>
  <node id="10000974" version="1" visible="true" lat="58.39730098753518" lon="26.752144669351342">
    <tag k="ele" v="59.394996643066406" />
  </node>
  <node id="10000975" version="1" visible="true" lat="58.39730823672635" lon="26.752167161968842">
    <tag k="ele" v="59.4162483215332" />
  </node>
  <node id="10000976" version="1" visible="true" lat="58.39731135314533" lon="26.752176831525954">
    <tag k="ele" v="59.42499923706055" />
  </node>
  <node id="10000977" version="1" visible="true" lat="58.39732942283002" lon="26.75223761206292">
    <tag k="ele" v="59.449371337890625" />
  </node>
  <node id="10000978" version="1" visible="true" lat="58.397330651580745" lon="26.75224206358203">
    <tag k="ele" v="59.459999084472656" />
  </node>
  <node id="10000979" version="1" visible="true" lat="58.39734329871128" lon="26.752287881666952">
    <tag k="ele" v="59.47999954223633" />
  </node>
  <node id="10000980" version="1" visible="true" lat="58.397348967119356" lon="26.752308417232772">
    <tag k="ele" v="59.477500915527344" />
  </node>
  <node id="10000981" version="1" visible="true" lat="58.397357430991" lon="26.752341444726913">
    <tag k="ele" v="59.5099983215332" />
  </node>
  <node id="10000982" version="1" visible="true" lat="58.39736636485541" lon="26.752376306267735">
    <tag k="ele" v="59.54062271118164" />
  </node>
  <node id="10000983" version="1" visible="true" lat="58.39737663226212" lon="26.752420173664422">
    <tag k="ele" v="59.54874801635742" />
  </node>
  <node id="10000984" version="1" visible="true" lat="58.39739531871329" lon="26.752507642519053">
    <tag k="ele" v="59.58250045776367" />
  </node>
  <node id="10000985" version="1" visible="true" lat="58.39739876787301" lon="26.752524860320516">
    <tag k="ele" v="59.576873779296875" />
  </node>
  <node id="10000986" version="1" visible="true" lat="58.39741293895853" lon="26.752595600877523">
    <tag k="ele" v="59.59499740600586" />
  </node>
  <node id="10000987" version="1" visible="true" lat="58.39743501772519" lon="26.7527155012235">
    <tag k="ele" v="59.613121032714844" />
  </node>
  <node id="10000988" version="1" visible="true" lat="58.39743879335757" lon="26.75273600514565">
    <tag k="ele" v="59.61437225341797" />
  </node>
  <node id="10000989" version="1" visible="true" lat="58.39744472108153" lon="26.75276819624577">
    <tag k="ele" v="59.61812210083008" />
  </node>
  <node id="10000990" version="1" visible="true" lat="58.39745353565786" lon="26.752816064789133">
    <tag k="ele" v="59.623748779296875" />
  </node>
  <node id="10000991" version="1" visible="true" lat="58.3974993994794" lon="26.753065135364352">
    <tag k="ele" v="59.66937255859375" />
  </node>
  <node id="10000992" version="1" visible="true" lat="58.39757484212927" lon="26.753481603397216">
    <tag k="ele" v="59.788124084472656" />
  </node>
  <node id="10000993" version="1" visible="true" lat="58.397574861577205" lon="26.753481709829448">
    <tag k="ele" v="59.788124084472656" />
  </node>
  <node id="10000994" version="1" visible="true" lat="58.39759819602412" lon="26.753608315928986">
    <tag k="ele" v="59.83937454223633" />
  </node>
  <node id="10000995" version="1" visible="true" lat="58.39762346173356" lon="26.75375220858385">
    <tag k="ele" v="59.85312271118164" />
  </node>
  <node id="10000996" version="1" visible="true" lat="58.397625941843856" lon="26.75376633330863">
    <tag k="ele" v="59.86687469482422" />
  </node>
  <node id="10000997" version="1" visible="true" lat="58.397643081115135" lon="26.753869595802314">
    <tag k="ele" v="59.889373779296875" />
  </node>
  <node id="10000998" version="1" visible="true" lat="58.39764863946303" lon="26.753903084453952">
    <tag k="ele" v="59.90312576293945" />
  </node>
  <node id="10000999" version="1" visible="true" lat="58.397648827887615" lon="26.753904327918193">
    <tag k="ele" v="59.90312576293945" />
  </node>
  <node id="10001000" version="1" visible="true" lat="58.397654524980034" lon="26.753941924599236">
    <tag k="ele" v="59.88687515258789" />
  </node>
  <node id="10001001" version="1" visible="true" lat="58.39766060673966" lon="26.753982059899066">
    <tag k="ele" v="59.894996643066406" />
  </node>
  <node id="10001002" version="1" visible="true" lat="58.39766934502784" lon="26.754048006537168">
    <tag k="ele" v="59.91374969482422" />
  </node>
  <node id="10001003" version="1" visible="true" lat="58.397686631190496" lon="26.754202105891313">
    <tag k="ele" v="59.948123931884766" />
  </node>
  <node id="10001004" version="1" visible="true" lat="58.396693235865705" lon="26.751645617812702">
    <tag k="ele" v="58.09874725341797" />
  </node>
  <node id="10001005" version="1" visible="true" lat="58.39670881229223" lon="26.751700904942247">
    <tag k="ele" v="58.1506233215332" />
  </node>
  <node id="10001006" version="1" visible="true" lat="58.39672334454048" lon="26.751742931179724">
    <tag k="ele" v="58.171875" />
  </node>
  <node id="10001007" version="1" visible="true" lat="58.39674177173655" lon="26.751781017211556">
    <tag k="ele" v="58.1875" />
  </node>
  <node id="10001008" version="1" visible="true" lat="58.3967582888545" lon="26.751803908981184">
    <tag k="ele" v="58.223121643066406" />
  </node>
  <node id="10001009" version="1" visible="true" lat="58.39677872654272" lon="26.751820004161466">
    <tag k="ele" v="58.27124786376953" />
  </node>
  <node id="10001010" version="1" visible="true" lat="58.39680534682219" lon="26.751834836918444">
    <tag k="ele" v="58.33250045776367" />
  </node>
  <node id="10001011" version="1" visible="true" lat="58.3966733299078" lon="26.751662392747676">
    <tag k="ele" v="58.08374786376953" />
  </node>
  <node id="10001012" version="1" visible="true" lat="58.3966903131411" lon="26.75172203460065">
    <tag k="ele" v="58.13687515258789" />
  </node>
  <node id="10001013" version="1" visible="true" lat="58.39670631793661" lon="26.751768283788017">
    <tag k="ele" v="58.17312240600586" />
  </node>
  <node id="10001014" version="1" visible="true" lat="58.39672736855627" lon="26.75181181241855">
    <tag k="ele" v="58.189998626708984" />
  </node>
  <node id="10001015" version="1" visible="true" lat="58.3967476898037" lon="26.75183998237686">
    <tag k="ele" v="58.21999740600586" />
  </node>
  <node id="10001016" version="1" visible="true" lat="58.39677157382978" lon="26.751858777503426">
    <tag k="ele" v="58.2818717956543" />
  </node>
  <node id="10001017" version="1" visible="true" lat="58.39680002405642" lon="26.751874592050175">
    <tag k="ele" v="58.32562255859375" />
  </node>
  <node id="10001018" version="1" visible="true" lat="58.39680073546447" lon="26.751874938645436">
    <tag k="ele" v="58.32562255859375" />
  </node>
  <node id="10001019" version="1" visible="true" lat="58.39641357051783" lon="26.75170452289376">
    <tag k="ele" v="57.71562194824219" />
  </node>
  <node id="10001020" version="1" visible="true" lat="58.39653610607666" lon="26.75173532699285">
    <tag k="ele" v="57.90562438964844" />
  </node>
  <node id="10001021" version="1" visible="true" lat="58.39660590501614" lon="26.751757198232383">
    <tag k="ele" v="58.17312240600586" />
  </node>
  <node id="10001022" version="1" visible="true" lat="58.39667603309261" lon="26.751780892467824">
    <tag k="ele" v="58.128746032714844" />
  </node>
  <node id="10001023" version="1" visible="true" lat="58.39641090578599" lon="26.751745250919317">
    <tag k="ele" v="57.471248626708984" />
  </node>
  <node id="10001024" version="1" visible="true" lat="58.39653294852977" lon="26.751775935753543">
    <tag k="ele" v="57.86437225341797" />
  </node>
  <node id="10001025" version="1" visible="true" lat="58.39660227458477" lon="26.751797650288466">
    <tag k="ele" v="58.117496490478516" />
  </node>
  <node id="10001026" version="1" visible="true" lat="58.39667184940678" lon="26.7518211644186">
    <tag k="ele" v="58.14125061035156" />
  </node>
  <node id="10001027" version="1" visible="true" lat="58.39687198935764" lon="26.751866406162517">
    <tag k="ele" v="58.46687316894531" />
  </node>
  <node id="10001028" version="1" visible="true" lat="58.39704183538251" lon="26.751956366274904">
    <tag k="ele" v="58.70812225341797" />
  </node>
  <node id="10001029" version="1" visible="true" lat="58.39710332140295" lon="26.751994122495162">
    <tag k="ele" v="58.814998626708984" />
  </node>
  <node id="10001030" version="1" visible="true" lat="58.397161137524094" lon="26.75203371429847">
    <tag k="ele" v="59.01124954223633" />
  </node>
  <node id="10001031" version="1" visible="true" lat="58.39720173145778" lon="26.752067286840294">
    <tag k="ele" v="59.13062286376953" />
  </node>
  <node id="10001032" version="1" visible="true" lat="58.397260209647925" lon="26.752127025118902">
    <tag k="ele" v="59.2974967956543" />
  </node>
  <node id="10001033" version="1" visible="true" lat="58.39730070263765" lon="26.752175703634023">
    <tag k="ele" v="59.397499084472656" />
  </node>
  <node id="10001034" version="1" visible="true" lat="58.397324122749524" lon="26.752207265986186">
    <tag k="ele" v="59.43437194824219" />
  </node>
  <node id="10001035" version="1" visible="true" lat="58.39736033112101" lon="26.752262952521633">
    <tag k="ele" v="59.515625" />
  </node>
  <node id="10001036" version="1" visible="true" lat="58.39739575574461" lon="26.752327067575216">
    <tag k="ele" v="59.584999084472656" />
  </node>
  <node id="10001037" version="1" visible="true" lat="58.39741484539779" lon="26.752371933174494">
    <tag k="ele" v="59.62812423706055" />
  </node>
  <node id="10001038" version="1" visible="true" lat="58.397424604149336" lon="26.752399449155707">
    <tag k="ele" v="59.646873474121094" />
  </node>
  <node id="10001039" version="1" visible="true" lat="58.397440404625854" lon="26.752453916613824">
    <tag k="ele" v="59.66812515258789" />
  </node>
  <node id="10001040" version="1" visible="true" lat="58.3974556222067" lon="26.75253250681536">
    <tag k="ele" v="59.678749084472656" />
  </node>
  <node id="10001041" version="1" visible="true" lat="58.397463685779115" lon="26.752603228895797">
    <tag k="ele" v="59.64374923706055" />
  </node>
  <node id="10001042" version="1" visible="true" lat="58.3974669853172" lon="26.752674434227956">
    <tag k="ele" v="59.64562225341797" />
  </node>
  <node id="10001043" version="1" visible="true" lat="58.39746694855073" lon="26.752719909500332">
    <tag k="ele" v="59.643123626708984" />
  </node>
  <node id="10001044" version="1" visible="true" lat="58.39746357545441" lon="26.75281969075546">
    <tag k="ele" v="59.6349983215332" />
  </node>
  <node id="10001045" version="1" visible="true" lat="58.397456738374494" lon="26.75290133158188">
    <tag k="ele" v="59.62437438964844" />
  </node>
  <node id="10001046" version="1" visible="true" lat="58.397441173389986" lon="26.753000176261917">
    <tag k="ele" v="59.56687545776367" />
  </node>
  <node id="10001047" version="1" visible="true" lat="58.39739374473777" lon="26.753169426793697">
    <tag k="ele" v="59.399375915527344" />
  </node>
  <node id="10001048" version="1" visible="true" lat="58.3973835731426" lon="26.753193158800496">
    <tag k="ele" v="59.374996185302734" />
  </node>
  <node id="10001049" version="1" visible="true" lat="58.397354577748295" lon="26.75324889776323">
    <tag k="ele" v="59.36812210083008" />
  </node>
  <node id="10001050" version="1" visible="true" lat="58.39732713726714" lon="26.753289199567135">
    <tag k="ele" v="59.34000015258789" />
  </node>
  <node id="10001051" version="1" visible="true" lat="58.39729936893212" lon="26.75332220124347">
    <tag k="ele" v="59.299373626708984" />
  </node>
  <node id="10001052" version="1" visible="true" lat="58.397257718724305" lon="26.753360552599364">
    <tag k="ele" v="59.288124084472656" />
  </node>
  <node id="10001053" version="1" visible="true" lat="58.397206767054094" lon="26.753395197974985">
    <tag k="ele" v="59.21249771118164" />
  </node>
  <node id="10001054" version="1" visible="true" lat="58.397135132518585" lon="26.753435961709656">
    <tag k="ele" v="59.1256217956543" />
  </node>
  <node id="10001055" version="1" visible="true" lat="58.39698384432411" lon="26.753515988392326">
    <tag k="ele" v="58.97187423706055" />
  </node>
  <node id="10001056" version="1" visible="true" lat="58.39686698843336" lon="26.753571100023006">
    <tag k="ele" v="58.79374694824219" />
  </node>
  <node id="10001057" version="1" visible="true" lat="58.39679516849909" lon="26.75358795452101">
    <tag k="ele" v="58.69874954223633" />
  </node>
  <node id="10001058" version="1" visible="true" lat="58.39672834360635" lon="26.75359486167757">
    <tag k="ele" v="58.57374954223633" />
  </node>
  <node id="10001059" version="1" visible="true" lat="58.396687534140675" lon="26.753602554683063">
    <tag k="ele" v="58.554996490478516" />
  </node>
  <node id="10001060" version="1" visible="true" lat="58.396660544943764" lon="26.753612338757453">
    <tag k="ele" v="58.52937316894531" />
  </node>
  <node id="10001061" version="1" visible="true" lat="58.39656070012249" lon="26.753663252027437">
    <tag k="ele" v="58.30937194824219" />
  </node>
  <node id="10001062" version="1" visible="true" lat="58.396866497240644" lon="26.75190609677606">
    <tag k="ele" v="58.467498779296875" />
  </node>
  <node id="10001063" version="1" visible="true" lat="58.39703564116903" lon="26.75199569407993">
    <tag k="ele" v="58.71624755859375" />
  </node>
  <node id="10001064" version="1" visible="true" lat="58.39709637349388" lon="26.752032980641996">
    <tag k="ele" v="58.82437515258789" />
  </node>
  <node id="10001065" version="1" visible="true" lat="58.397153188786255" lon="26.75207189517717">
    <tag k="ele" v="58.96812438964844" />
  </node>
  <node id="10001066" version="1" visible="true" lat="58.39719233505987" lon="26.752104259119516">
    <tag k="ele" v="59.131874084472656" />
  </node>
  <node id="10001067" version="1" visible="true" lat="58.397249353534" lon="26.75216251400125">
    <tag k="ele" v="59.27874755859375" />
  </node>
  <node id="10001068" version="1" visible="true" lat="58.39728871652375" lon="26.7522098375765">
    <tag k="ele" v="59.37437438964844" />
  </node>
  <node id="10001069" version="1" visible="true" lat="58.397311115027826" lon="26.752240019216273">
    <tag k="ele" v="59.42625045776367" />
  </node>
  <node id="10001070" version="1" visible="true" lat="58.39734611437159" lon="26.752293848241845">
    <tag k="ele" v="59.47999954223633" />
  </node>
  <node id="10001071" version="1" visible="true" lat="58.39737989602533" lon="26.752354976394944">
    <tag k="ele" v="59.5568733215332" />
  </node>
  <node id="10001072" version="1" visible="true" lat="58.39739751450323" lon="26.752396389257576">
    <tag k="ele" v="59.59499740600586" />
  </node>
  <node id="10001073" version="1" visible="true" lat="58.39740621450675" lon="26.752420912659673">
    <tag k="ele" v="59.59874725341797" />
  </node>
  <node id="10001074" version="1" visible="true" lat="58.39742075135114" lon="26.752471053543765">
    <tag k="ele" v="59.6256217956543" />
  </node>
  <node id="10001075" version="1" visible="true" lat="58.3974348857984" lon="26.752544030424048">
    <tag k="ele" v="59.6412467956543" />
  </node>
  <node id="10001076" version="1" visible="true" lat="58.397442336542426" lon="26.752609415588065">
    <tag k="ele" v="59.63874816894531" />
  </node>
  <node id="10001077" version="1" visible="true" lat="58.397445434704366" lon="26.752676206228195">
    <tag k="ele" v="59.627498626708984" />
  </node>
  <node id="10001078" version="1" visible="true" lat="58.39744540218155" lon="26.752718566630453">
    <tag k="ele" v="59.62437438964844" />
  </node>
  <node id="10001079" version="1" visible="true" lat="58.3974421345908" lon="26.752815121088197">
    <tag k="ele" v="59.6099967956543" />
  </node>
  <node id="10001080" version="1" visible="true" lat="58.39743568441078" lon="26.75289215360004">
    <tag k="ele" v="59.57749938964844" />
  </node>
  <node id="10001081" version="1" visible="true" lat="58.3974211501134" lon="26.75298445482417">
    <tag k="ele" v="59.52375030517578" />
  </node>
  <node id="10001082" version="1" visible="true" lat="58.397375717447794" lon="26.753146569865617">
    <tag k="ele" v="59.34687423706055" />
  </node>
  <node id="10001083" version="1" visible="true" lat="58.39736753288964" lon="26.75316566473642">
    <tag k="ele" v="59.35687255859375" />
  </node>
  <node id="10001084" version="1" visible="true" lat="58.39734028087342" lon="26.753218065465873">
    <tag k="ele" v="59.34937286376953" />
  </node>
  <node id="10001085" version="1" visible="true" lat="58.3973148261105" lon="26.753255458799764">
    <tag k="ele" v="59.334373474121094" />
  </node>
  <node id="10001086" version="1" visible="true" lat="58.39728894838705" lon="26.753286212111906">
    <tag k="ele" v="59.30062484741211" />
  </node>
  <node id="10001087" version="1" visible="true" lat="58.39724938849115" lon="26.753322638838988">
    <tag k="ele" v="59.256248474121094" />
  </node>
  <node id="10001088" version="1" visible="true" lat="58.39720006016879" lon="26.753356178886683">
    <tag k="ele" v="59.199371337890625" />
  </node>
  <node id="10001089" version="1" visible="true" lat="58.39712917157121" lon="26.75339652179408">
    <tag k="ele" v="59.131248474121094" />
  </node>
  <node id="10001090" version="1" visible="true" lat="58.39697836511976" lon="26.753476295344846">
    <tag k="ele" v="58.94999694824219" />
  </node>
  <node id="10001091" version="1" visible="true" lat="58.39686306205164" lon="26.753530655661955">
    <tag k="ele" v="58.78312301635742" />
  </node>
  <node id="10001092" version="1" visible="true" lat="58.39679326485603" lon="26.75354705231118">
    <tag k="ele" v="58.67625045776367" />
  </node>
  <node id="10001093" version="1" visible="true" lat="58.39672670122531" lon="26.753553928636556">
    <tag k="ele" v="58.5881233215332" />
  </node>
  <node id="10001094" version="1" visible="true" lat="58.3966844483211" lon="26.753561885313374">
    <tag k="ele" v="58.55999755859375" />
  </node>
  <node id="10001095" version="1" visible="true" lat="58.39665573845475" lon="26.753572287903765">
    <tag k="ele" v="58.526248931884766" />
  </node>
  <node id="10001096" version="1" visible="true" lat="58.39655512978138" lon="26.753623620763893">
    <tag k="ele" v="58.274375915527344" />
  </node>
  <node id="10001097" version="1" visible="true" lat="58.39705275325991" lon="26.752569989799472">
    <tag k="ele" v="58.95062255859375" />
  </node>
  <node id="10001098" version="1" visible="true" lat="58.39706210116255" lon="26.752619301304918">
    <tag k="ele" v="58.95874786376953" />
  </node>
  <node id="10001099" version="1" visible="true" lat="58.397082269832595" lon="26.7527019500337">
    <tag k="ele" v="59.020626068115234" />
  </node>
  <node id="10001100" version="1" visible="true" lat="58.39709507748904" lon="26.75274373900234">
    <tag k="ele" v="59.02812194824219" />
  </node>
  <node id="10001101" version="1" visible="true" lat="58.397111230036884" lon="26.75280689222997">
    <tag k="ele" v="59.04812240600586" />
  </node>
  <node id="10001102" version="1" visible="true" lat="58.39715097120891" lon="26.75296227302128">
    <tag k="ele" v="59.10624694824219" />
  </node>
  <node id="10001103" version="1" visible="true" lat="58.39716588896585" lon="26.75302841198163">
    <tag k="ele" v="59.15187454223633" />
  </node>
  <node id="10001104" version="1" visible="true" lat="58.39703235786502" lon="26.75258323464004">
    <tag k="ele" v="58.92250061035156" />
  </node>
  <node id="10001105" version="1" visible="true" lat="58.39703242163401" lon="26.752583580749732">
    <tag k="ele" v="58.92250061035156" />
  </node>
  <node id="10001106" version="1" visible="true" lat="58.39704215786185" lon="26.752634950785797">
    <tag k="ele" v="58.93874740600586" />
  </node>
  <node id="10001107" version="1" visible="true" lat="58.397063153431034" lon="26.752720988055852">
    <tag k="ele" v="58.99937438964844" />
  </node>
  <node id="10001108" version="1" visible="true" lat="58.39707606028683" lon="26.752763100698104">
    <tag k="ele" v="59.002498626708984" />
  </node>
  <node id="10001109" version="1" visible="true" lat="58.3970933473055" lon="26.752830689499266">
    <tag k="ele" v="59.03062438964844" />
  </node>
  <node id="10001110" version="1" visible="true" lat="58.39713137514589" lon="26.752979371509653">
    <tag k="ele" v="59.09062576293945" />
  </node>
  <node id="10001111" version="1" visible="true" lat="58.39714609061663" lon="26.753044613627498">
    <tag k="ele" v="59.117496490478516" />
  </node>
  <node id="10001112" version="1" visible="true" lat="58.39824573664597" lon="26.75530389446305">
    <tag k="ele" v="60.81749725341797" />
  </node>
  <node id="10001113" version="1" visible="true" lat="58.39822066062334" lon="26.755297176961303">
    <tag k="ele" v="60.779998779296875" />
  </node>
  <node id="10001114" version="1" visible="true" lat="58.398204558229445" lon="26.755294238903797">
    <tag k="ele" v="60.74625015258789" />
  </node>
  <node id="10001115" version="1" visible="true" lat="58.39819336902141" lon="26.755293482746307">
    <tag k="ele" v="60.72249984741211" />
  </node>
  <node id="10001116" version="1" visible="true" lat="58.398170948092506" lon="26.755288526643508">
    <tag k="ele" v="60.66999816894531" />
  </node>
  <node id="10001117" version="1" visible="true" lat="58.39815820202226" lon="26.755283711761653">
    <tag k="ele" v="60.66562271118164" />
  </node>
  <node id="10001118" version="1" visible="true" lat="58.3981509587587" lon="26.755279156513986">
    <tag k="ele" v="60.65187454223633" />
  </node>
  <node id="10001119" version="1" visible="true" lat="58.39813741675354" lon="26.755267501111884">
    <tag k="ele" v="60.62187194824219" />
  </node>
  <node id="10001120" version="1" visible="true" lat="58.39812024796028" lon="26.755249434014">
    <tag k="ele" v="60.600624084472656" />
  </node>
  <node id="10001121" version="1" visible="true" lat="58.3981104868524" lon="26.755237047622266">
    <tag k="ele" v="60.57624816894531" />
  </node>
  <node id="10001122" version="1" visible="true" lat="58.39809711075432" lon="26.755216453211883">
    <tag k="ele" v="60.54999923706055" />
  </node>
  <node id="10001123" version="1" visible="true" lat="58.398081434810045" lon="26.755188335720845">
    <tag k="ele" v="60.53249740600586" />
  </node>
  <node id="10001124" version="1" visible="true" lat="58.39807388998787" lon="26.755171518474384">
    <tag k="ele" v="60.51124954223633" />
  </node>
  <node id="10001125" version="1" visible="true" lat="58.398066747746924" lon="26.75515228506691">
    <tag k="ele" v="60.48999786376953" />
  </node>
  <node id="10001126" version="1" visible="true" lat="58.39805916986746" lon="26.755128669931494">
    <tag k="ele" v="60.475624084472656" />
  </node>
  <node id="10001127" version="1" visible="true" lat="58.39803606901338" lon="26.755046105168113">
    <tag k="ele" v="60.47187423706055" />
  </node>
  <node id="10001128" version="1" visible="true" lat="58.3969729501541" lon="26.752932649118748">
    <tag k="ele" v="58.8849983215332" />
  </node>
  <node id="10001129" version="1" visible="true" lat="58.39700966392892" lon="26.7531057662234">
    <tag k="ele" v="58.959373474121094" />
  </node>
  <node id="10001130" version="1" visible="true" lat="58.39702289496173" lon="26.753157276688874">
    <tag k="ele" v="58.97374725341797" />
  </node>
  <node id="10001131" version="1" visible="true" lat="58.3970311549354" lon="26.753177195597395">
    <tag k="ele" v="58.975624084472656" />
  </node>
  <node id="10001132" version="1" visible="true" lat="58.397046148861094" lon="26.75319236950545">
    <tag k="ele" v="59.00437545776367" />
  </node>
  <node id="10001133" version="1" visible="true" lat="58.397055624226596" lon="26.75319759515044">
    <tag k="ele" v="59.026248931884766" />
  </node>
  <node id="10001134" version="1" visible="true" lat="58.39707703864378" lon="26.753201307124257">
    <tag k="ele" v="59.041873931884766" />
  </node>
  <node id="10001135" version="1" visible="true" lat="58.39709474351844" lon="26.75319368898757">
    <tag k="ele" v="59.066871643066406" />
  </node>
  <node id="10001136" version="1" visible="true" lat="58.397114317589946" lon="26.753173978988418">
    <tag k="ele" v="59.07875061035156" />
  </node>
  <node id="10001137" version="1" visible="true" lat="58.397134251061686" lon="26.753143017508705">
    <tag k="ele" v="59.12062454223633" />
  </node>
  <node id="10001138" version="1" visible="true" lat="58.397144371401524" lon="26.7531191618334">
    <tag k="ele" v="59.13312530517578" />
  </node>
  <node id="10001139" version="1" visible="true" lat="58.39715649275529" lon="26.753073348531842">
    <tag k="ele" v="59.12999725341797" />
  </node>
  <node id="10001140" version="1" visible="true" lat="58.39716046475742" lon="26.75305041542046">
    <tag k="ele" v="59.13062286376953" />
  </node>
  <node id="10001141" version="1" visible="true" lat="58.39716403414344" lon="26.753017814385974">
    <tag k="ele" v="59.15187454223633" />
  </node>
  <node id="10001142" version="1" visible="true" lat="58.3971660371381" lon="26.75293699427659">
    <tag k="ele" v="59.13374710083008" />
  </node>
  <node id="10001143" version="1" visible="true" lat="58.397164267389535" lon="26.752905293563607">
    <tag k="ele" v="59.14374923706055" />
  </node>
  <node id="10001144" version="1" visible="true" lat="58.39715947355216" lon="26.752856308581663">
    <tag k="ele" v="59.1349983215332" />
  </node>
  <node id="10001145" version="1" visible="true" lat="58.397152347578526" lon="26.75280337564379">
    <tag k="ele" v="59.105621337890625" />
  </node>
  <node id="10001146" version="1" visible="true" lat="58.39714117355078" lon="26.752736244114743">
    <tag k="ele" v="59.0881233215332" />
  </node>
  <node id="10001147" version="1" visible="true" lat="58.397420543021504" lon="26.755028800511777">
    <tag k="ele" v="59.53874969482422" />
  </node>
  <node id="10001148" version="1" visible="true" lat="58.39746241551616" lon="26.755150934327446">
    <tag k="ele" v="59.58187484741211" />
  </node>
  <node id="10001149" version="1" visible="true" lat="58.39749093683161" lon="26.755189676287266">
    <tag k="ele" v="59.6256217956543" />
  </node>
  <node id="10001150" version="1" visible="true" lat="58.397523963604684" lon="26.75521201405454">
    <tag k="ele" v="59.65187454223633" />
  </node>
  <node id="10001151" version="1" visible="true" lat="58.39755399475316" lon="26.755217428843032">
    <tag k="ele" v="59.69062423706055" />
  </node>
  <node id="10001152" version="1" visible="true" lat="58.39759463153774" lon="26.755205667397732">
    <tag k="ele" v="59.771873474121094" />
  </node>
  <node id="10001153" version="1" visible="true" lat="58.39760500476225" lon="26.755197349049233">
    <tag k="ele" v="59.79249954223633" />
  </node>
  <node id="10001154" version="1" visible="true" lat="58.39046416724683" lon="26.729907138194328">
    <tag k="ele" v="51.600624084472656" />
  </node>
  <node id="10001155" version="1" visible="true" lat="58.38923057765828" lon="26.733364453194934">
    <tag k="ele" v="50.12437438964844" />
  </node>
  <node id="10001156" version="1" visible="true" lat="58.38921777774094" lon="26.733378911624644">
    <tag k="ele" v="50.08625030517578" />
  </node>
  <node id="10001157" version="1" visible="true" lat="58.38919480234909" lon="26.733383459207623">
    <tag k="ele" v="50.02000045776367" />
  </node>
  <node id="10001158" version="1" visible="true" lat="58.38917927960819" lon="26.733379875370524">
    <tag k="ele" v="50.02499771118164" />
  </node>
  <node id="10001159" version="1" visible="true" lat="58.38915928844154" lon="26.733361296620874">
    <tag k="ele" v="50.03562545776367" />
  </node>
  <node id="10001160" version="1" visible="true" lat="58.38914501938949" lon="26.733342013903147">
    <tag k="ele" v="50.15749740600586" />
  </node>
  <node id="10001161" version="1" visible="true" lat="58.38927715173229" lon="26.73352098375497">
    <tag k="ele" v="50.01124954223633" />
  </node>
  <node id="10001162" version="1" visible="true" lat="58.389270531993105" lon="26.73349986669141">
    <tag k="ele" v="49.99250030517578" />
  </node>
  <node id="10001163" version="1" visible="true" lat="58.3892701149848" lon="26.7334610068013">
    <tag k="ele" v="49.967498779296875" />
  </node>
  <node id="10001164" version="1" visible="true" lat="58.389278417369475" lon="26.733422841047652">
    <tag k="ele" v="49.9943733215332" />
  </node>
  <node id="10001165" version="1" visible="true" lat="58.38929715501995" lon="26.733369151570464">
    <tag k="ele" v="50.05062484741211" />
  </node>
  <node id="10001166" version="1" visible="true" lat="58.39780156546167" lon="26.75503623487612">
    <tag k="ele" v="59.97749710083008" />
  </node>
  <node id="10001167" version="1" visible="true" lat="58.39780218093708" lon="26.75503568752">
    <tag k="ele" v="59.97749710083008" />
  </node>
  <node id="10001168" version="1" visible="true" lat="58.39782978267629" lon="26.75500898077973">
    <tag k="ele" v="60.068748474121094" />
  </node>
  <node id="10001169" version="1" visible="true" lat="58.39784349827937" lon="26.75498756997551">
    <tag k="ele" v="60.11437225341797" />
  </node>
  <node id="10001170" version="1" visible="true" lat="58.39786841734737" lon="26.754933819446528">
    <tag k="ele" v="60.18937301635742" />
  </node>
  <node id="10001171" version="1" visible="true" lat="58.39788051920644" lon="26.754896553112587">
    <tag k="ele" v="60.22437286376953" />
  </node>
  <node id="10001172" version="1" visible="true" lat="58.39788496533698" lon="26.754845534765447">
    <tag k="ele" v="60.234375" />
  </node>
  <node id="10001173" version="1" visible="true" lat="58.39788693873304" lon="26.75479526657573">
    <tag k="ele" v="60.24250030517578" />
  </node>
  <node id="10001174" version="1" visible="true" lat="58.39788210961595" lon="26.754747155983278">
    <tag k="ele" v="60.25374984741211" />
  </node>
  <node id="10001175" version="1" visible="true" lat="58.39787376801218" lon="26.75469664747026">
    <tag k="ele" v="60.240623474121094" />
  </node>
  <node id="10001176" version="1" visible="true" lat="58.39049033146826" lon="26.72991878525589">
    <tag k="ele" v="51.491249084472656" />
  </node>
  <node id="10001177" version="1" visible="true" lat="58.39048939837583" lon="26.729920801008124">
    <tag k="ele" v="51.491249084472656" />
  </node>
  <node id="10001178" version="1" visible="true" lat="58.39048939593372" lon="26.72992080790218">
    <tag k="ele" v="51.491249084472656" />
  </node>
  <node id="10001179" version="1" visible="true" lat="58.39001317061595" lon="26.73126456766529">
    <tag k="ele" v="51.53687286376953" />
  </node>
  <node id="10001180" version="1" visible="true" lat="58.38972458498151" lon="26.73207489181715">
    <tag k="ele" v="51.123748779296875" />
  </node>
  <node id="10001181" version="1" visible="true" lat="58.38955035547361" lon="26.732560487892272">
    <tag k="ele" v="50.71812438964844" />
  </node>
  <node id="10001182" version="1" visible="true" lat="58.38949261992598" lon="26.732721400771506">
    <tag k="ele" v="50.56562423706055" />
  </node>
  <node id="10001183" version="1" visible="true" lat="58.38936987295353" lon="26.73306440271643">
    <tag k="ele" v="50.28249740600586" />
  </node>
  <node id="10001184" version="1" visible="true" lat="58.3892728695949" lon="26.73333774154128">
    <tag k="ele" v="50.080623626708984" />
  </node>
  <node id="10001185" version="1" visible="true" lat="58.388370829719555" lon="26.73234178188869">
    <tag k="ele" v="50.53624725341797" />
  </node>
  <node id="10001186" version="1" visible="true" lat="58.38874999457358" lon="26.732865455432826">
    <tag k="ele" v="50.051246643066406" />
  </node>
  <node id="10001187" version="1" visible="true" lat="58.388821903306116" lon="26.73296427157607">
    <tag k="ele" v="50.00187301635742" />
  </node>
  <node id="10001188" version="1" visible="true" lat="58.38913036434983" lon="26.733382105846047">
    <tag k="ele" v="49.959999084472656" />
  </node>
  <node id="10001189" version="1" visible="true" lat="58.38835795706235" lon="26.73237212866856">
    <tag k="ele" v="50.54374694824219" />
  </node>
  <node id="10001190" version="1" visible="true" lat="58.38873786057043" lon="26.732897671040565">
    <tag k="ele" v="50.03687286376953" />
  </node>
  <node id="10001191" version="1" visible="true" lat="58.38911941722567" lon="26.73341273000397">
    <tag k="ele" v="49.89875030517578" />
  </node>
  <node id="10001192" version="1" visible="true" lat="58.38918581382022" lon="26.736236571722035">
    <tag k="ele" v="47.52124786376953" />
  </node>
  <node id="10001193" version="1" visible="true" lat="58.38944136037498" lon="26.735550752716513">
    <tag k="ele" v="49.88999938964844" />
  </node>
  <node id="10001194" version="1" visible="true" lat="58.38944492318818" lon="26.735540970855617">
    <tag k="ele" v="49.94562530517578" />
  </node>
  <node id="10001195" version="1" visible="true" lat="58.389675984789086" lon="26.734894669842873">
    <tag k="ele" v="51.84687423706055" />
  </node>
  <node id="10001196" version="1" visible="true" lat="58.389676567247065" lon="26.734893021975886">
    <tag k="ele" v="51.84687423706055" />
  </node>
  <node id="10001197" version="1" visible="true" lat="58.389817118279176" lon="26.734491252943958">
    <tag k="ele" v="52.394996643066406" />
  </node>
  <node id="10001198" version="1" visible="true" lat="58.38920180654714" lon="26.73625869845395">
    <tag k="ele" v="47.491249084472656" />
  </node>
  <node id="10001199" version="1" visible="true" lat="58.38945951728131" lon="26.735574918539143">
    <tag k="ele" v="49.88874816894531" />
  </node>
  <node id="10001200" version="1" visible="true" lat="58.38969413751447" lon="26.73491777825891">
    <tag k="ele" v="51.850624084472656" />
  </node>
  <node id="10001201" version="1" visible="true" lat="58.3898342430837" lon="26.73451153973448">
    <tag k="ele" v="52.40999984741211" />
  </node>
  <node id="10001202" version="1" visible="true" lat="58.39099217905107" lon="26.731197846746767">
    <tag k="ele" v="52.80937194824219" />
  </node>
  <node id="10001203" version="1" visible="true" lat="58.39051780875196" lon="26.732515408874445">
    <tag k="ele" v="53.18874740600586" />
  </node>
  <node id="10001204" version="1" visible="true" lat="58.390328327527214" lon="26.733044516884952">
    <tag k="ele" v="53.45812225341797" />
  </node>
  <node id="10001205" version="1" visible="true" lat="58.390243491758945" lon="26.733281882725542">
    <tag k="ele" v="53.38437271118164" />
  </node>
  <node id="10001206" version="1" visible="true" lat="58.389912899394034" lon="26.734215632391408">
    <tag k="ele" v="52.588748931884766" />
  </node>
  <node id="10001207" version="1" visible="true" lat="58.39097570709175" lon="26.73117639889948">
    <tag k="ele" v="52.83937454223633" />
  </node>
  <node id="10001208" version="1" visible="true" lat="58.3903121441231" lon="26.733023584092713">
    <tag k="ele" v="53.491249084472656" />
  </node>
  <node id="10001209" version="1" visible="true" lat="58.389897131830146" lon="26.734194841142088">
    <tag k="ele" v="52.557498931884766" />
  </node>
  <node id="10001210" version="1" visible="true" lat="58.3923381507092" lon="26.732292119732882">
    <tag k="ele" v="52.852500915527344" />
  </node>
  <node id="10001211" version="1" visible="true" lat="58.39233815048102" lon="26.73229212020773">
    <tag k="ele" v="52.852500915527344" />
  </node>
  <node id="10001212" version="1" visible="true" lat="58.39232225496372" lon="26.732264412623593">
    <tag k="ele" v="52.84812545776367" />
  </node>
  <node id="10001213" version="1" visible="true" lat="58.391606371185254" lon="26.733753966408162">
    <tag k="ele" v="52.9474983215332" />
  </node>
  <node id="10001214" version="1" visible="true" lat="58.39116316443558" lon="26.734670452033736">
    <tag k="ele" v="53.28249740600586" />
  </node>
  <node id="10001215" version="1" visible="true" lat="58.39081543900365" lon="26.735404816636052">
    <tag k="ele" v="53.70437240600586" />
  </node>
  <node id="10001216" version="1" visible="true" lat="58.389536491144206" lon="26.738640905389026">
    <tag k="ele" v="53.47687530517578" />
  </node>
  <node id="10001217" version="1" visible="true" lat="58.389615547352236" lon="26.738297668569473">
    <tag k="ele" v="53.99187469482422" />
  </node>
  <node id="10001218" version="1" visible="true" lat="58.38962787027845" lon="26.738246963384817">
    <tag k="ele" v="54.05500030517578" />
  </node>
  <node id="10001219" version="1" visible="true" lat="58.38968495608832" lon="26.73802985059991">
    <tag k="ele" v="54.26499938964844" />
  </node>
  <node id="10001220" version="1" visible="true" lat="58.38969427391057" lon="26.73799751413208">
    <tag k="ele" v="54.287498474121094" />
  </node>
  <node id="10001221" version="1" visible="true" lat="58.38974049698651" lon="26.737853640993265">
    <tag k="ele" v="54.326873779296875" />
  </node>
  <node id="10001222" version="1" visible="true" lat="58.38979073745333" lon="26.737709826656648">
    <tag k="ele" v="54.3224983215332" />
  </node>
  <node id="10001223" version="1" visible="true" lat="58.38983790992207" lon="26.73758787735064">
    <tag k="ele" v="54.2756233215332" />
  </node>
  <node id="10001224" version="1" visible="true" lat="58.389904767922914" lon="26.737427438174908">
    <tag k="ele" v="54.14562225341797" />
  </node>
  <node id="10001225" version="1" visible="true" lat="58.39001753967474" lon="26.737162128497488">
    <tag k="ele" v="53.86124801635742" />
  </node>
  <node id="10001226" version="1" visible="true" lat="58.39002113318079" lon="26.737154002641375">
    <tag k="ele" v="53.84312438964844" />
  </node>
  <node id="10001227" version="1" visible="true" lat="58.39030300603716" lon="26.736540153426773">
    <tag k="ele" v="53.46812438964844" />
  </node>
  <node id="10001228" version="1" visible="true" lat="58.390532466644885" lon="26.736053092494778">
    <tag k="ele" v="53.47687530517578" />
  </node>
  <node id="10001229" version="1" visible="true" lat="58.39069914812558" lon="26.735705834680907">
    <tag k="ele" v="53.63249969482422" />
  </node>
  <node id="10001230" version="1" visible="true" lat="58.38955407732096" lon="26.73865624885793">
    <tag k="ele" v="53.44624710083008" />
  </node>
  <node id="10001231" version="1" visible="true" lat="58.38955407732096" lon="26.73865624885793">
    <tag k="ele" v="53.44624710083008" />
  </node>
  <node id="10001232" version="1" visible="true" lat="58.38916174374857" lon="26.733650254309556">
    <tag k="ele" v="49.55624771118164" />
  </node>
  <node id="10001233" version="1" visible="true" lat="58.38925140365503" lon="26.73339978768491">
    <tag k="ele" v="50.03249740600586" />
  </node>
  <node id="10001234" version="1" visible="true" lat="58.38917877584006" lon="26.73367285890315">
    <tag k="ele" v="49.46437454223633" />
  </node>
  <node id="10001235" version="1" visible="true" lat="58.38917879344963" lon="26.733672810794182">
    <tag k="ele" v="49.46437454223633" />
  </node>
  <node id="10001236" version="1" visible="true" lat="58.38917881994681" lon="26.733672738625263">
    <tag k="ele" v="49.46437454223633" />
  </node>
  <node id="10001237" version="1" visible="true" lat="58.389145149688034" lon="26.733401831034225">
    <tag k="ele" v="49.93437576293945" />
  </node>
  <node id="10001238" version="1" visible="true" lat="58.38911978526559" lon="26.733413205736447">
    <tag k="ele" v="49.89875030517578" />
  </node>
  <node id="10001239" version="1" visible="true" lat="58.38913384767976" lon="26.733431396382088">
    <tag k="ele" v="49.9006233215332" />
  </node>
  <node id="10001240" version="1" visible="true" lat="58.3891445271929" lon="26.733341348765542">
    <tag k="ele" v="50.15749740600586" />
  </node>
  <node id="10001241" version="1" visible="true" lat="58.38883384114602" lon="26.732932610598763">
    <tag k="ele" v="50.04499816894531" />
  </node>
  <node id="10001242" version="1" visible="true" lat="58.38838368199999" lon="26.732311406943243">
    <tag k="ele" v="50.57499694824219" />
  </node>
  <node id="10001243" version="1" visible="true" lat="58.389273139141594" lon="26.73333915067933">
    <tag k="ele" v="50.080623626708984" />
  </node>
  <node id="10001244" version="1" visible="true" lat="58.3892543205793" lon="26.733383784787335">
    <tag k="ele" v="50.05125045776367" />
  </node>
  <node id="10001245" version="1" visible="true" lat="58.38925034964908" lon="26.733307497466946">
    <tag k="ele" v="50.183746337890625" />
  </node>
  <node id="10001246" version="1" visible="true" lat="58.389234816806855" lon="26.733361714718797">
    <tag k="ele" v="50.12437438964844" />
  </node>
  <node id="10001247" version="1" visible="true" lat="58.38923116248376" lon="26.733374943634807">
    <tag k="ele" v="50.03874969482422" />
  </node>
  <node id="10001248" version="1" visible="true" lat="58.3892839270981" lon="26.73359021831571">
    <tag k="ele" v="50.069374084472656" />
  </node>
  <node id="10001249" version="1" visible="true" lat="58.38929596278225" lon="26.733558854652173">
    <tag k="ele" v="50.10749816894531" />
  </node>
  <node id="10001250" version="1" visible="true" lat="58.38929596278225" lon="26.733558854652173">
    <tag k="ele" v="50.10749816894531" />
  </node>
  <node id="10001251" version="1" visible="true" lat="58.389789300799926" lon="26.734264265209696">
    <tag k="ele" v="52.256248474121094" />
  </node>
  <node id="10001252" version="1" visible="true" lat="58.389272611288774" lon="26.73361987556857">
    <tag k="ele" v="49.96125030517578" />
  </node>
  <node id="10001253" version="1" visible="true" lat="58.38927263540972" lon="26.73361990808988">
    <tag k="ele" v="49.96125030517578" />
  </node>
  <node id="10001254" version="1" visible="true" lat="58.389776873524454" lon="26.734297788988673">
    <tag k="ele" v="52.209373474121094" />
  </node>
  <node id="10001255" version="1" visible="true" lat="58.39068382722367" lon="26.73568063733318">
    <tag k="ele" v="53.68124771118164" />
  </node>
  <node id="10001256" version="1" visible="true" lat="58.39051663941302" lon="26.736025967188947">
    <tag k="ele" v="53.545623779296875" />
  </node>
  <node id="10001257" version="1" visible="true" lat="58.390006780293994" lon="26.737130982100105">
    <tag k="ele" v="53.904998779296875" />
  </node>
  <node id="10001258" version="1" visible="true" lat="58.389821554225136" lon="26.737564363806687">
    <tag k="ele" v="54.34375" />
  </node>
  <node id="10001259" version="1" visible="true" lat="58.389723014927185" lon="26.73783212977011">
    <tag k="ele" v="54.381248474121094" />
  </node>
  <node id="10001260" version="1" visible="true" lat="58.389667189955524" lon="26.738011398058184">
    <tag k="ele" v="54.34062576293945" />
  </node>
  <node id="10001261" version="1" visible="true" lat="58.38959704829049" lon="26.738281286259166">
    <tag k="ele" v="54.05812454223633" />
  </node>
  <node id="10001262" version="1" visible="true" lat="58.38951882514837" lon="26.738625909166355">
    <tag k="ele" v="53.48124694824219" />
  </node>
  <node id="10001263" version="1" visible="true" lat="58.390698996704266" lon="26.73570243647799">
    <tag k="ele" v="53.65374755859375" />
  </node>
  <node id="10001264" version="1" visible="true" lat="58.39083060613873" lon="26.735430058236556">
    <tag k="ele" v="53.72062301635742" />
  </node>
  <node id="10001265" version="1" visible="true" lat="58.390713934610446" lon="26.735728435735048">
    <tag k="ele" v="53.6037483215332" />
  </node>
  <node id="10001266" version="1" visible="true" lat="58.3908456347068" lon="26.735455589689103">
    <tag k="ele" v="53.72437286376953" />
  </node>
  <node id="10001267" version="1" visible="true" lat="58.389929802084374" lon="26.734237253967304">
    <tag k="ele" v="52.60562515258789" />
  </node>
  <node id="10001268" version="1" visible="true" lat="58.39025959142304" lon="26.73330262805993">
    <tag k="ele" v="53.348751068115234" />
  </node>
  <node id="10001269" version="1" visible="true" lat="58.390533924612924" lon="26.73253641186939">
    <tag k="ele" v="53.11312484741211" />
  </node>
  <node id="10001270" version="1" visible="true" lat="58.39100863480609" lon="26.73121933966739">
    <tag k="ele" v="52.81749725341797" />
  </node>
  <node id="10001271" version="1" visible="true" lat="58.38981683869199" lon="26.734489662195905">
    <tag k="ele" v="52.401248931884766" />
  </node>
  <node id="10001272" version="1" visible="true" lat="58.389799553219305" lon="26.734469857521713">
    <tag k="ele" v="52.364376068115234" />
  </node>
  <node id="10001273" version="1" visible="true" lat="58.38927183172152" lon="26.73352428520945">
    <tag k="ele" v="50.04374694824219" />
  </node>
  <node id="10001274" version="1" visible="true" lat="58.389267885405644" lon="26.733516351045576">
    <tag k="ele" v="50.03437423706055" />
  </node>
  <node id="10001275" version="1" visible="true" lat="58.38926253190126" lon="26.73349735008945">
    <tag k="ele" v="49.99250030517578" />
  </node>
  <node id="10001276" version="1" visible="true" lat="58.389261660862864" lon="26.733490119323424">
    <tag k="ele" v="50.00437545776367" />
  </node>
  <node id="10001277" version="1" visible="true" lat="58.389261570105" lon="26.73346911725495">
    <tag k="ele" v="49.96562194824219" />
  </node>
  <node id="10001278" version="1" visible="true" lat="58.38926383272562" lon="26.73344652489438">
    <tag k="ele" v="49.96249771118164" />
  </node>
  <node id="10001279" version="1" visible="true" lat="58.3899190760068" lon="26.734453580510614">
    <tag k="ele" v="52.61750030517578" />
  </node>
  <node id="10001280" version="1" visible="true" lat="58.38978773014077" lon="26.734275778973398">
    <tag k="ele" v="52.260623931884766" />
  </node>
  <node id="10001281" version="1" visible="true" lat="58.38993156045717" lon="26.73442013372766">
    <tag k="ele" v="52.63687515258789" />
  </node>
  <node id="10001282" version="1" visible="true" lat="58.38993156045717" lon="26.734420133727657">
    <tag k="ele" v="52.63687515258789" />
  </node>
  <node id="10001283" version="1" visible="true" lat="58.38992244267354" lon="26.734444598884433">
    <tag k="ele" v="52.6193733215332" />
  </node>
  <node id="10001284" version="1" visible="true" lat="58.3901858742495" lon="26.734804469919244">
    <tag k="ele" v="52.84187316894531" />
  </node>
  <node id="10001285" version="1" visible="true" lat="58.39067353261988" lon="26.735460785234892">
    <tag k="ele" v="53.64875030517578" />
  </node>
  <node id="10001286" version="1" visible="true" lat="58.39067439239831" lon="26.735462273738843">
    <tag k="ele" v="53.64875030517578" />
  </node>
  <node id="10001287" version="1" visible="true" lat="58.38990988271231" lon="26.734477942973253">
    <tag k="ele" v="52.57374954223633" />
  </node>
  <node id="10001288" version="1" visible="true" lat="58.39017337604328" lon="26.734837898620825">
    <tag k="ele" v="52.834999084472656" />
  </node>
  <node id="10001289" version="1" visible="true" lat="58.39066109640278" lon="26.735494297826566">
    <tag k="ele" v="53.586875915527344" />
  </node>
  <node id="10001290" version="1" visible="true" lat="58.38979953714618" lon="26.73446990295272">
    <tag k="ele" v="52.364376068115234" />
  </node>
  <node id="10001291" version="1" visible="true" lat="58.38965848846221" lon="26.734869727091013">
    <tag k="ele" v="51.88249969482422" />
  </node>
  <node id="10001292" version="1" visible="true" lat="58.38942675077467" lon="26.735517046121135">
    <tag k="ele" v="50.010623931884766" />
  </node>
  <node id="10001293" version="1" visible="true" lat="58.3891696871956" lon="26.736214804320234">
    <tag k="ele" v="47.5099983215332" />
  </node>
  <node id="10001294" version="1" visible="true" lat="58.38978933168786" lon="26.73426430689014">
    <tag k="ele" v="52.256248474121094" />
  </node>
  <node id="10001295" version="1" visible="true" lat="58.3899224072421" lon="26.73444455068859">
    <tag k="ele" v="52.6193733215332" />
  </node>
  <node id="10001296" version="1" visible="true" lat="58.389776873524454" lon="26.734297788988677">
    <tag k="ele" v="52.209373474121094" />
  </node>
  <node id="10001297" version="1" visible="true" lat="58.38978772471827" lon="26.734275771628244">
    <tag k="ele" v="52.260623931884766" />
  </node>
  <node id="10001298" version="1" visible="true" lat="58.389800214544714" lon="26.734242332252148">
    <tag k="ele" v="52.27375030517578" />
  </node>
  <node id="10001299" version="1" visible="true" lat="58.38978950870862" lon="26.734264551847048">
    <tag k="ele" v="52.256248474121094" />
  </node>
  <node id="10001300" version="1" visible="true" lat="58.38982481729446" lon="26.73431446220468">
    <tag k="ele" v="52.36499786376953" />
  </node>
  <node id="10001301" version="1" visible="true" lat="58.389833479124654" lon="26.73432892086748">
    <tag k="ele" v="52.38624954223633" />
  </node>
  <node id="10001302" version="1" visible="true" lat="58.38984283307366" lon="26.73435536128071">
    <tag k="ele" v="52.42124938964844" />
  </node>
  <node id="10001303" version="1" visible="true" lat="58.38984465065907" lon="26.73438947049446">
    <tag k="ele" v="52.424373626708984" />
  </node>
  <node id="10001304" version="1" visible="true" lat="58.38983974715549" lon="26.734422103417813">
    <tag k="ele" v="52.428123474121094" />
  </node>
  <node id="10001305" version="1" visible="true" lat="58.38981127163774" lon="26.73434641963254">
    <tag k="ele" v="52.34312438964844" />
  </node>
  <node id="10001306" version="1" visible="true" lat="58.38981717156324" lon="26.734356268021568">
    <tag k="ele" v="52.33562469482422" />
  </node>
  <node id="10001307" version="1" visible="true" lat="58.38982194092386" lon="26.734369749373982">
    <tag k="ele" v="52.36124801635742" />
  </node>
  <node id="10001308" version="1" visible="true" lat="58.38982279436211" lon="26.734385765189725">
    <tag k="ele" v="52.368125915527344" />
  </node>
  <node id="10001309" version="1" visible="true" lat="58.389819812922845" lon="26.73440560673247">
    <tag k="ele" v="52.37624740600586" />
  </node>
  <node id="10001310" version="1" visible="true" lat="58.389828214472374" lon="26.734313566480104">
    <tag k="ele" v="52.36499786376953" />
  </node>
  <node id="10001311" version="1" visible="true" lat="58.38983795035862" lon="26.734321773538277">
    <tag k="ele" v="52.4006233215332" />
  </node>
  <node id="10001312" version="1" visible="true" lat="58.38984431686322" lon="26.734324235217265">
    <tag k="ele" v="52.4006233215332" />
  </node>
  <node id="10001313" version="1" visible="true" lat="58.389852830442976" lon="26.734323020369786">
    <tag k="ele" v="52.423126220703125" />
  </node>
  <node id="10001314" version="1" visible="true" lat="58.38986419177852" lon="26.73431423112911">
    <tag k="ele" v="52.46687316894531" />
  </node>
  <node id="10001315" version="1" visible="true" lat="58.38988094824821" lon="26.73429275011237">
    <tag k="ele" v="52.50312423706055" />
  </node>
  <node id="10001316" version="1" visible="true" lat="58.38988638830769" lon="26.734282595429214">
    <tag k="ele" v="52.505001068115234" />
  </node>
  <node id="10001317" version="1" visible="true" lat="58.389777118600556" lon="26.73429810891598">
    <tag k="ele" v="52.209373474121094" />
  </node>
  <node id="10001318" version="1" visible="true" lat="58.38981780954649" lon="26.734349671726058">
    <tag k="ele" v="52.34312438964844" />
  </node>
  <node id="10001319" version="1" visible="true" lat="58.3898313687769" lon="26.734361101762566">
    <tag k="ele" v="52.38624954223633" />
  </node>
  <node id="10001320" version="1" visible="true" lat="58.38984295243883" lon="26.73436558072608">
    <tag k="ele" v="52.41499710083008" />
  </node>
  <node id="10001321" version="1" visible="true" lat="58.389857809911305" lon="26.734363460652407">
    <tag k="ele" v="52.46624755859375" />
  </node>
  <node id="10001322" version="1" visible="true" lat="58.38987437149547" lon="26.734350648466677">
    <tag k="ele" v="52.52874755859375" />
  </node>
  <node id="10001323" version="1" visible="true" lat="58.38989462064766" lon="26.734324690012738">
    <tag k="ele" v="52.52124786376953" />
  </node>
  <node id="10001324" version="1" visible="true" lat="58.38990283240172" lon="26.734309361554722">
    <tag k="ele" v="52.54624938964844" />
  </node>
  <node id="10001325" version="1" visible="true" lat="58.38992959543163" lon="26.734237826865698">
    <tag k="ele" v="52.60562515258789" />
  </node>
  <node id="10001326" version="1" visible="true" lat="58.389882372662285" lon="26.73431765001801">
    <tag k="ele" v="52.51312255859375" />
  </node>
  <node id="10001327" version="1" visible="true" lat="58.389877348649726" lon="26.734344943758707">
    <tag k="ele" v="52.52874755859375" />
  </node>
  <node id="10001328" version="1" visible="true" lat="58.389877301044024" lon="26.734353243804073">
    <tag k="ele" v="52.52874755859375" />
  </node>
  <node id="10001329" version="1" visible="true" lat="58.38987796287329" lon="26.734361955281727">
    <tag k="ele" v="52.52062225341797" />
  </node>
  <node id="10001330" version="1" visible="true" lat="58.389881527676664" lon="26.734376248809575">
    <tag k="ele" v="52.53874969482422" />
  </node>
  <node id="10001331" version="1" visible="true" lat="58.38990314327909" lon="26.734416057915237">
    <tag k="ele" v="52.57749938964844" />
  </node>
  <node id="10001332" version="1" visible="true" lat="58.389896915240975" lon="26.73419547744044">
    <tag k="ele" v="52.557498931884766" />
  </node>
  <node id="10001333" version="1" visible="true" lat="58.389862823124936" lon="26.734299807991047">
    <tag k="ele" v="52.483123779296875" />
  </node>
  <node id="10001334" version="1" visible="true" lat="58.38985584048295" lon="26.734337742295626">
    <tag k="ele" v="52.457496643066406" />
  </node>
  <node id="10001335" version="1" visible="true" lat="58.389855735914054" lon="26.734355973914045">
    <tag k="ele" v="52.459373474121094" />
  </node>
  <node id="10001336" version="1" visible="true" lat="58.38985710261929" lon="26.734373963484558">
    <tag k="ele" v="52.4631233215332" />
  </node>
  <node id="10001337" version="1" visible="true" lat="58.38986373945596" lon="26.734400574720702">
    <tag k="ele" v="52.47999954223633" />
  </node>
  <node id="10001338" version="1" visible="true" lat="58.3898890061683" lon="26.73444710803374">
    <tag k="ele" v="52.53437423706055" />
  </node>
  <node id="10001339" version="1" visible="true" lat="58.3899095571877" lon="26.734477480337254">
    <tag k="ele" v="52.57374954223633" />
  </node>
  <node id="10001340" version="1" visible="true" lat="58.38990451635394" lon="26.734244427438686">
    <tag k="ele" v="52.55062484741211" />
  </node>
  <node id="10001341" version="1" visible="true" lat="58.38988545546319" lon="26.734281114382103">
    <tag k="ele" v="52.505001068115234" />
  </node>
  <node id="10001342" version="1" visible="true" lat="58.38987602084895" lon="26.734294370115254">
    <tag k="ele" v="52.50312423706055" />
  </node>
  <node id="10001343" version="1" visible="true" lat="58.389857573886516" lon="26.734310636307583">
    <tag k="ele" v="52.46687316894531" />
  </node>
  <node id="10001344" version="1" visible="true" lat="58.38983989596641" lon="26.734313211498424">
    <tag k="ele" v="52.40374755859375" />
  </node>
  <node id="10001345" version="1" visible="true" lat="58.389817157354415" lon="26.734303990338116">
    <tag k="ele" v="52.334373474121094" />
  </node>
  <node id="10001346" version="1" visible="true" lat="58.389804926390426" lon="26.734294848555745">
    <tag k="ele" v="52.31749725341797" />
  </node>
  <node id="10001347" version="1" visible="true" lat="58.389788572478004" lon="26.73427681048452">
    <tag k="ele" v="52.260623931884766" />
  </node>
  <node id="10001348" version="1" visible="true" lat="58.389888164051364" lon="26.73421755680057">
    <tag k="ele" v="52.533748626708984" />
  </node>
  <node id="10001349" version="1" visible="true" lat="58.389871315353176" lon="26.734249985899012">
    <tag k="ele" v="52.4943733215332" />
  </node>
  <node id="10001350" version="1" visible="true" lat="58.38986498521283" lon="26.73425887981945">
    <tag k="ele" v="52.48749923706055" />
  </node>
  <node id="10001351" version="1" visible="true" lat="58.389852050743606" lon="26.734270285210837">
    <tag k="ele" v="52.46249771118164" />
  </node>
  <node id="10001352" version="1" visible="true" lat="58.389841347715375" lon="26.73427184436255">
    <tag k="ele" v="52.41812515258789" />
  </node>
  <node id="10001353" version="1" visible="true" lat="58.3898233794841" lon="26.734264557749402">
    <tag k="ele" v="52.37187576293945" />
  </node>
  <node id="10001354" version="1" visible="true" lat="58.38981431595561" lon="26.734257783411376">
    <tag k="ele" v="52.34937286376953" />
  </node>
  <node id="10001355" version="1" visible="true" lat="58.38984377232522" lon="26.734405652678095">
    <tag k="ele" v="52.41374969482422" />
  </node>
  <node id="10001356" version="1" visible="true" lat="58.389845603706306" lon="26.73439221671817">
    <tag k="ele" v="52.448123931884766" />
  </node>
  <node id="10001357" version="1" visible="true" lat="58.38984563592667" lon="26.734375830540277">
    <tag k="ele" v="52.43499755859375" />
  </node>
  <node id="10001358" version="1" visible="true" lat="58.389844117651094" lon="26.73436355825423">
    <tag k="ele" v="52.41499710083008" />
  </node>
  <node id="10001359" version="1" visible="true" lat="58.38984141650273" lon="26.73435385147048">
    <tag k="ele" v="52.42124938964844" />
  </node>
  <node id="10001360" version="1" visible="true" lat="58.38983818761157" lon="26.73434745229184">
    <tag k="ele" v="52.42124938964844" />
  </node>
  <node id="10001361" version="1" visible="true" lat="58.38983435671647" lon="26.734511203143555">
    <tag k="ele" v="52.40999984741211" />
  </node>
  <node id="10001362" version="1" visible="true" lat="58.38986378985695" lon="26.734422121454188">
    <tag k="ele" v="52.48999786376953" />
  </node>
  <node id="10001363" version="1" visible="true" lat="58.38986714159232" lon="26.73439753138974">
    <tag k="ele" v="52.47999954223633" />
  </node>
  <node id="10001364" version="1" visible="true" lat="58.38986719349084" lon="26.734371137593932">
    <tag k="ele" v="52.49187469482422" />
  </node>
  <node id="10001365" version="1" visible="true" lat="58.38986445578046" lon="26.734349008565506">
    <tag k="ele" v="52.498748779296875" />
  </node>
  <node id="10001366" version="1" visible="true" lat="58.389859043982106" lon="26.734329560856374">
    <tag k="ele" v="52.457496643066406" />
  </node>
  <node id="10001367" version="1" visible="true" lat="58.38985249434465" lon="26.73431658046075">
    <tag k="ele" v="52.444374084472656" />
  </node>
  <node id="10001368" version="1" visible="true" lat="58.38980041372008" lon="26.73424260845472">
    <tag k="ele" v="52.27375030517578" />
  </node>
  <node id="10001369" version="1" visible="true" lat="58.38981674264064" lon="26.73448765593262">
    <tag k="ele" v="52.401248931884766" />
  </node>
  <node id="10001370" version="1" visible="true" lat="58.389829908005034" lon="26.734455516716697">
    <tag k="ele" v="52.40437316894531" />
  </node>
  <node id="10001371" version="1" visible="true" lat="58.38984105910599" lon="26.734435945323774">
    <tag k="ele" v="52.428123474121094" />
  </node>
  <node id="10001372" version="1" visible="true" lat="58.38985171017256" lon="26.734424971485723">
    <tag k="ele" v="52.44874954223633" />
  </node>
  <node id="10001373" version="1" visible="true" lat="58.38986872560516" lon="26.734415922237048">
    <tag k="ele" v="52.48999786376953" />
  </node>
  <node id="10001374" version="1" visible="true" lat="58.38988433387218" lon="26.734414815950583">
    <tag k="ele" v="52.5256233215332" />
  </node>
  <node id="10001375" version="1" visible="true" lat="58.38989467953483" lon="26.734417762493344">
    <tag k="ele" v="52.55937194824219" />
  </node>
  <node id="10001376" version="1" visible="true" lat="58.38992099833303" lon="26.734442935663036">
    <tag k="ele" v="52.6193733215332" />
  </node>
  <node id="10001377" version="1" visible="true" lat="58.389845810887714" lon="26.734483410824737">
    <tag k="ele" v="52.44999694824219" />
  </node>
  <node id="10001378" version="1" visible="true" lat="58.389853681698106" lon="26.73446959670505">
    <tag k="ele" v="52.48187255859375" />
  </node>
  <node id="10001379" version="1" visible="true" lat="58.38985983603925" lon="26.734463255868096">
    <tag k="ele" v="52.48187255859375" />
  </node>
  <node id="10001380" version="1" visible="true" lat="58.389872070283424" lon="26.73445674939327">
    <tag k="ele" v="52.51187515258789" />
  </node>
  <node id="10001381" version="1" visible="true" lat="58.38988313064728" lon="26.73445596546703">
    <tag k="ele" v="52.52937316894531" />
  </node>
  <node id="10001382" version="1" visible="true" lat="58.38988808604415" lon="26.73445737681667">
    <tag k="ele" v="52.52937316894531" />
  </node>
  <node id="10001383" version="1" visible="true" lat="58.38990185729692" lon="26.73443126199801">
    <tag k="ele" v="52.56062316894531" />
  </node>
  <node id="10001384" version="1" visible="true" lat="58.38987925651844" lon="26.73440948844316">
    <tag k="ele" v="52.51312255859375" />
  </node>
  <node id="10001385" version="1" visible="true" lat="58.389872750740146" lon="26.734405986256725">
    <tag k="ele" v="52.51312255859375" />
  </node>
  <node id="10001386" version="1" visible="true" lat="58.38985685833888" lon="26.73440892085748">
    <tag k="ele" v="52.464996337890625" />
  </node>
  <node id="10001387" version="1" visible="true" lat="58.389849322813525" lon="26.734415243653174">
    <tag k="ele" v="52.4474983215332" />
  </node>
  <node id="10001388" version="1" visible="true" lat="58.38984538926924" lon="26.734422273310777">
    <tag k="ele" v="52.4474983215332" />
  </node>
  <node id="10001389" version="1" visible="true" lat="58.38993138139966" lon="26.73441989649748">
    <tag k="ele" v="52.63687515258789" />
  </node>
  <node id="10001390" version="1" visible="true" lat="58.38991282985011" lon="26.734395844925455">
    <tag k="ele" v="52.6037483215332" />
  </node>
  <node id="10001391" version="1" visible="true" lat="58.38988712371111" lon="26.734371079698292">
    <tag k="ele" v="52.55062484741211" />
  </node>
  <node id="10001392" version="1" visible="true" lat="58.38987470865812" lon="26.734364396449163">
    <tag k="ele" v="52.52062225341797" />
  </node>
  <node id="10001393" version="1" visible="true" lat="58.389851335680795" lon="26.734368712397885">
    <tag k="ele" v="52.443748474121094" />
  </node>
  <node id="10001394" version="1" visible="true" lat="58.38983726359486" lon="26.73438051980778">
    <tag k="ele" v="52.424373626708984" />
  </node>
  <node id="10001395" version="1" visible="true" lat="58.3898292999834" lon="26.734394751627093">
    <tag k="ele" v="52.39500045776367" />
  </node>
  <node id="10001396" version="1" visible="true" lat="58.38979988069559" lon="26.734468984655965">
    <tag k="ele" v="52.364376068115234" />
  </node>
  <node id="10001397" version="1" visible="true" lat="58.38991852692492" lon="26.7344527856396">
    <tag k="ele" v="52.61750030517578" />
  </node>
  <node id="10001398" version="1" visible="true" lat="58.38989719513513" lon="26.73441980106322">
    <tag k="ele" v="52.55937194824219" />
  </node>
  <node id="10001399" version="1" visible="true" lat="58.389886612215555" lon="26.734398174241004">
    <tag k="ele" v="52.53687286376953" />
  </node>
  <node id="10001400" version="1" visible="true" lat="58.38988084150829" lon="26.734376981532908">
    <tag k="ele" v="52.51250076293945" />
  </node>
  <node id="10001401" version="1" visible="true" lat="58.389878839984966" lon="26.734349754106024">
    <tag k="ele" v="52.52874755859375" />
  </node>
  <node id="10001402" version="1" visible="true" lat="58.389879301033645" lon="26.734328227205893">
    <tag k="ele" v="52.53874969482422" />
  </node>
  <node id="10001403" version="1" visible="true" lat="58.38988240643633" lon="26.734306162860385">
    <tag k="ele" v="52.50312423706055" />
  </node>
  <node id="10001404" version="1" visible="true" lat="58.38991163061779" lon="26.734215211840105">
    <tag k="ele" v="52.588748931884766" />
  </node>
  <node id="10001405" version="1" visible="true" lat="58.38991193931013" lon="26.734389740118303">
    <tag k="ele" v="52.59062576293945" />
  </node>
  <node id="10001406" version="1" visible="true" lat="58.389904385116495" lon="26.73437430268202">
    <tag k="ele" v="52.58374786376953" />
  </node>
  <node id="10001407" version="1" visible="true" lat="58.38990166986635" lon="26.73436433102788">
    <tag k="ele" v="52.58374786376953" />
  </node>
  <node id="10001408" version="1" visible="true" lat="58.38990044945237" lon="26.734347729309697">
    <tag k="ele" v="52.566871643066406" />
  </node>
  <node id="10001409" version="1" visible="true" lat="58.38990073383827" lon="26.73433445100262">
    <tag k="ele" v="52.553749084472656" />
  </node>
  <node id="10001410" version="1" visible="true" lat="58.389902413170844" lon="26.7343225190973">
    <tag k="ele" v="52.54624938964844" />
  </node>
  <node id="10001411" version="1" visible="true" lat="58.39051815101229" lon="26.735256208189043">
    <tag k="ele" v="53.08625030517578" />
  </node>
  <node id="10001412" version="1" visible="true" lat="58.38991911895268" lon="26.734453638346295">
    <tag k="ele" v="52.61750030517578" />
  </node>
  <node id="10001413" version="1" visible="true" lat="58.39068753466022" lon="26.735430044637464">
    <tag k="ele" v="53.65999984741211" />
  </node>
  <node id="10001414" version="1" visible="true" lat="58.39068753466022" lon="26.73543004463746">
    <tag k="ele" v="53.65999984741211" />
  </node>
  <node id="10001415" version="1" visible="true" lat="58.39071210790654" lon="26.73551420535005">
    <tag k="ele" v="53.818748474121094" />
  </node>
  <node id="10001416" version="1" visible="true" lat="58.390725214899426" lon="26.735535970236054">
    <tag k="ele" v="53.836875915527344" />
  </node>
  <node id="10001417" version="1" visible="true" lat="58.39073173389373" lon="26.73555066828329">
    <tag k="ele" v="53.82937240600586" />
  </node>
  <node id="10001418" version="1" visible="true" lat="58.39073433092253" lon="26.73555903668064">
    <tag k="ele" v="53.81624984741211" />
  </node>
  <node id="10001419" version="1" visible="true" lat="58.39073599905844" lon="26.73556722625972">
    <tag k="ele" v="53.81624984741211" />
  </node>
  <node id="10001420" version="1" visible="true" lat="58.39073711328989" lon="26.73557572205433">
    <tag k="ele" v="53.80999755859375" />
  </node>
  <node id="10001421" version="1" visible="true" lat="58.3907374168452" lon="26.73559030208804">
    <tag k="ele" v="53.796875" />
  </node>
  <node id="10001422" version="1" visible="true" lat="58.39073655527499" lon="26.735605555553867">
    <tag k="ele" v="53.796875" />
  </node>
  <node id="10001423" version="1" visible="true" lat="58.390735001526565" lon="26.735614977971647">
    <tag k="ele" v="53.7912483215332" />
  </node>
  <node id="10001424" version="1" visible="true" lat="58.39073182011918" lon="26.73562783341413">
    <tag k="ele" v="53.76625061035156" />
  </node>
  <node id="10001425" version="1" visible="true" lat="58.390727849900436" lon="26.7356409527725">
    <tag k="ele" v="53.7443733215332" />
  </node>
  <node id="10001426" version="1" visible="true" lat="58.390723370850466" lon="26.735650919415765">
    <tag k="ele" v="53.75812530517578" />
  </node>
  <node id="10001427" version="1" visible="true" lat="58.39069815202535" lon="26.735544915868186">
    <tag k="ele" v="53.7756233215332" />
  </node>
  <node id="10001428" version="1" visible="true" lat="58.39071324416194" lon="26.735574642008856">
    <tag k="ele" v="53.80875015258789" />
  </node>
  <node id="10001429" version="1" visible="true" lat="58.390715628432844" lon="26.73558466937696">
    <tag k="ele" v="53.80875015258789" />
  </node>
  <node id="10001430" version="1" visible="true" lat="58.39071566219322" lon="26.735597932014386">
    <tag k="ele" v="53.81187438964844" />
  </node>
  <node id="10001431" version="1" visible="true" lat="58.39071065420317" lon="26.735621438974672">
    <tag k="ele" v="53.787498474121094" />
  </node>
  <node id="10001432" version="1" visible="true" lat="58.3906754317667" lon="26.735463814348016">
    <tag k="ele" v="53.64875030517578" />
  </node>
  <node id="10001433" version="1" visible="true" lat="58.39070548113926" lon="26.73550267034252">
    <tag k="ele" v="53.79499816894531" />
  </node>
  <node id="10001434" version="1" visible="true" lat="58.39070710106405" lon="26.73550452311502">
    <tag k="ele" v="53.79499816894531" />
  </node>
  <node id="10001435" version="1" visible="true" lat="58.390721956225455" lon="26.735519720365133">
    <tag k="ele" v="53.836875915527344" />
  </node>
  <node id="10001436" version="1" visible="true" lat="58.3907249517819" lon="26.73552202438201">
    <tag k="ele" v="53.836875915527344" />
  </node>
  <node id="10001437" version="1" visible="true" lat="58.390739891938864" lon="26.735530531174263">
    <tag k="ele" v="53.85187530517578" />
  </node>
  <node id="10001438" version="1" visible="true" lat="58.390744784692735" lon="26.735532047899195">
    <tag k="ele" v="53.85187530517578" />
  </node>
  <node id="10001439" version="1" visible="true" lat="58.39075281250832" lon="26.73553228855874">
    <tag k="ele" v="53.85749816894531" />
  </node>
  <node id="10001440" version="1" visible="true" lat="58.39075744856358" lon="26.735531385324332">
    <tag k="ele" v="53.85499954223633" />
  </node>
  <node id="10001441" version="1" visible="true" lat="58.39077412589768" lon="26.735524929189992">
    <tag k="ele" v="53.8381233215332" />
  </node>
  <node id="10001442" version="1" visible="true" lat="58.390779085925274" lon="26.735521440196088">
    <tag k="ele" v="53.86000061035156" />
  </node>
  <node id="10001443" version="1" visible="true" lat="58.39078222926533" lon="26.735518092714596">
    <tag k="ele" v="53.86000061035156" />
  </node>
  <node id="10001444" version="1" visible="true" lat="58.390792681880704" lon="26.735503178197494">
    <tag k="ele" v="53.848751068115234" />
  </node>
  <node id="10001445" version="1" visible="true" lat="58.39080074370055" lon="26.735489788851066">
    <tag k="ele" v="53.834373474121094" />
  </node>
  <node id="10001446" version="1" visible="true" lat="58.390802418449496" lon="26.7354869501731">
    <tag k="ele" v="53.79499816894531" />
  </node>
  <node id="10001447" version="1" visible="true" lat="58.39083077157024" lon="26.73543166861945">
    <tag k="ele" v="53.72062301635742" />
  </node>
  <node id="10001448" version="1" visible="true" lat="58.39066118027715" lon="26.735494409577">
    <tag k="ele" v="53.586875915527344" />
  </node>
  <node id="10001449" version="1" visible="true" lat="58.390694172196305" lon="26.735537923482134">
    <tag k="ele" v="53.7756233215332" />
  </node>
  <node id="10001450" version="1" visible="true" lat="58.39071646656871" lon="26.735560606982347">
    <tag k="ele" v="53.814998626708984" />
  </node>
  <node id="10001451" version="1" visible="true" lat="58.390741110166424" lon="26.735575446925516">
    <tag k="ele" v="53.80999755859375" />
  </node>
  <node id="10001452" version="1" visible="true" lat="58.39075453206765" lon="26.735576304015805">
    <tag k="ele" v="53.78624725341797" />
  </node>
  <node id="10001453" version="1" visible="true" lat="58.39078162325871" lon="26.735566275168946">
    <tag k="ele" v="53.779998779296875" />
  </node>
  <node id="10001454" version="1" visible="true" lat="58.39079513069719" lon="26.735552668861374">
    <tag k="ele" v="53.7912483215332" />
  </node>
  <node id="10001455" version="1" visible="true" lat="58.390815129761386" lon="26.735516958215108">
    <tag k="ele" v="53.807498931884766" />
  </node>
  <node id="10001456" version="1" visible="true" lat="58.39084552682091" lon="26.735455809933853">
    <tag k="ele" v="53.72437286376953" />
  </node>
  <node id="10001457" version="1" visible="true" lat="58.3908456347068" lon="26.7354555896891">
    <tag k="ele" v="53.72437286376953" />
  </node>
  <node id="10001458" version="1" visible="true" lat="58.39081543900365" lon="26.735404816636056">
    <tag k="ele" v="53.70437240600586" />
  </node>
  <node id="10001459" version="1" visible="true" lat="58.39148844358456" lon="26.73405383855978">
    <tag k="ele" v="53.00562286376953" />
  </node>
  <node id="10001460" version="1" visible="true" lat="58.391828900803525" lon="26.733351174182733">
    <tag k="ele" v="52.89875030517578" />
  </node>
  <node id="10001461" version="1" visible="true" lat="58.39209834679988" lon="26.73280493353751">
    <tag k="ele" v="52.89999771118164" />
  </node>
  <node id="10001462" version="1" visible="true" lat="58.392265503461125" lon="26.73246605473302">
    <tag k="ele" v="52.87437438964844" />
  </node>
  <node id="10001463" version="1" visible="true" lat="58.39234750895212" lon="26.732289735145464">
    <tag k="ele" v="52.83124923706055" />
  </node>
  <node id="10001464" version="1" visible="true" lat="58.39084565943121" lon="26.735455538291625">
    <tag k="ele" v="53.72437286376953" />
  </node>
  <node id="10001465" version="1" visible="true" lat="58.3915043186087" lon="26.73408158828724">
    <tag k="ele" v="53.02375030517578" />
  </node>
  <node id="10001466" version="1" visible="true" lat="58.391844671733985" lon="26.733379139016535">
    <tag k="ele" v="52.86062240600586" />
  </node>
  <node id="10001467" version="1" visible="true" lat="58.39211388573176" lon="26.732833368912384">
    <tag k="ele" v="52.881248474121094" />
  </node>
  <node id="10001468" version="1" visible="true" lat="58.39228142455029" lon="26.732493715488157">
    <tag k="ele" v="52.82562255859375" />
  </node>
  <node id="10001469" version="1" visible="true" lat="58.39236363917415" lon="26.73231694631015">
    <tag k="ele" v="52.8125" />
  </node>
  <node id="10001470" version="1" visible="true" lat="58.3907887331045" lon="26.735458703455393">
    <tag k="ele" v="53.83562469482422" />
  </node>
  <node id="10001471" version="1" visible="true" lat="58.39078098255313" lon="26.7354706542801">
    <tag k="ele" v="53.873748779296875" />
  </node>
  <node id="10001472" version="1" visible="true" lat="58.39077095341572" lon="26.735481935729908">
    <tag k="ele" v="53.90374755859375" />
  </node>
  <node id="10001473" version="1" visible="true" lat="58.39075496541208" lon="26.73548839727363">
    <tag k="ele" v="53.90250015258789" />
  </node>
  <node id="10001474" version="1" visible="true" lat="58.390743022506065" lon="26.73548844389448">
    <tag k="ele" v="53.88437271118164" />
  </node>
  <node id="10001475" version="1" visible="true" lat="58.39073008690973" lon="26.735481497928546">
    <tag k="ele" v="53.89374923706055" />
  </node>
  <node id="10001476" version="1" visible="true" lat="58.39071825939831" lon="26.735469331960168">
    <tag k="ele" v="53.81562423706055" />
  </node>
  <node id="10001477" version="1" visible="true" lat="58.390714018994316" lon="26.735728256627624">
    <tag k="ele" v="53.6037483215332" />
  </node>
  <node id="10001478" version="1" visible="true" lat="58.390738683285505" lon="26.735675284189814">
    <tag k="ele" v="53.69687271118164" />
  </node>
  <node id="10001479" version="1" visible="true" lat="58.39074924264862" lon="26.735650075775578">
    <tag k="ele" v="53.72187423706055" />
  </node>
  <node id="10001480" version="1" visible="true" lat="58.39075513283848" lon="26.735629300426687">
    <tag k="ele" v="53.73249816894531" />
  </node>
  <node id="10001481" version="1" visible="true" lat="58.390759368943904" lon="26.735593331764704">
    <tag k="ele" v="53.7756233215332" />
  </node>
  <node id="10001482" version="1" visible="true" lat="58.39075801073104" lon="26.73555860733537">
    <tag k="ele" v="53.80937194824219" />
  </node>
  <node id="10001483" version="1" visible="true" lat="58.39075468614849" lon="26.73553919112388">
    <tag k="ele" v="53.838748931884766" />
  </node>
  <node id="10001484" version="1" visible="true" lat="58.39074143459808" lon="26.735504987952528">
    <tag k="ele" v="53.879371643066406" />
  </node>
  <node id="10001485" version="1" visible="true" lat="58.39068774691889" lon="26.735430332365652">
    <tag k="ele" v="53.65999984741211" />
  </node>
  <node id="10001486" version="1" visible="true" lat="58.38924095003739" lon="26.733414912971426">
    <tag k="ele" v="50.014373779296875" />
  </node>
  <node id="10001487" version="1" visible="true" lat="58.38923822002774" lon="26.733420433682845">
    <tag k="ele" v="50.00312423706055" />
  </node>
  <node id="10001488" version="1" visible="true" lat="58.38922404501016" lon="26.733441397893213">
    <tag k="ele" v="50.006248474121094" />
  </node>
  <node id="10001489" version="1" visible="true" lat="58.38922275789133" lon="26.733442235147198">
    <tag k="ele" v="50.006248474121094" />
  </node>
  <node id="10001490" version="1" visible="true" lat="58.3892179094579" lon="26.7334452999916">
    <tag k="ele" v="49.98249816894531" />
  </node>
  <node id="10001491" version="1" visible="true" lat="58.389211563629914" lon="26.733447912029114">
    <tag k="ele" v="49.98249816894531" />
  </node>
  <node id="10001492" version="1" visible="true" lat="58.38921068694069" lon="26.733447598895893">
    <tag k="ele" v="49.98249816894531" />
  </node>
  <node id="10001493" version="1" visible="true" lat="58.38919287134664" lon="26.73344654208346">
    <tag k="ele" v="49.946250915527344" />
  </node>
  <node id="10001494" version="1" visible="true" lat="58.38919208672405" lon="26.73344588601159">
    <tag k="ele" v="49.946250915527344" />
  </node>
  <node id="10001495" version="1" visible="true" lat="58.38918102899536" lon="26.733439258458915">
    <tag k="ele" v="49.93375015258789" />
  </node>
  <node id="10001496" version="1" visible="true" lat="58.389176159422284" lon="26.733435837512946">
    <tag k="ele" v="49.93375015258789" />
  </node>
  <node id="10001497" version="1" visible="true" lat="58.38915633260508" lon="26.733415729506618">
    <tag k="ele" v="49.93000030517578" />
  </node>
  <node id="10001498" version="1" visible="true" lat="58.391010707702584" lon="26.731141072839286">
    <tag k="ele" v="52.81812286376953" />
  </node>
  <node id="10001499" version="1" visible="true" lat="58.391131571304925" lon="26.730815227019743">
    <tag k="ele" v="52.678749084472656" />
  </node>
  <node id="10001500" version="1" visible="true" lat="58.39102839132596" lon="26.731164524083177">
    <tag k="ele" v="52.86812210083008" />
  </node>
  <node id="10001501" version="1" visible="true" lat="58.39114917121578" lon="26.730838904030104">
    <tag k="ele" v="52.66374969482422" />
  </node>
  <node id="10001502" version="1" visible="true" lat="58.38925899339147" lon="26.733553774443607">
    <tag k="ele" v="50.00187301635742" />
  </node>
  <node id="10001503" version="1" visible="true" lat="58.38925843481007" lon="26.73355295076142">
    <tag k="ele" v="50.00187301635742" />
  </node>
  <node id="10001504" version="1" visible="true" lat="58.38925103318826" lon="26.73353899922423">
    <tag k="ele" v="49.99374771118164" />
  </node>
  <node id="10001505" version="1" visible="true" lat="58.3892487735435" lon="26.733533287597982">
    <tag k="ele" v="49.99374771118164" />
  </node>
  <node id="10001506" version="1" visible="true" lat="58.389241709799386" lon="26.733512550479038">
    <tag k="ele" v="49.98374938964844" />
  </node>
  <node id="10001507" version="1" visible="true" lat="58.38924164580084" lon="26.73351219717858">
    <tag k="ele" v="49.98374938964844" />
  </node>
  <node id="10001508" version="1" visible="true" lat="58.38923932036193" lon="26.7334953939038">
    <tag k="ele" v="50.00062561035156" />
  </node>
  <node id="10001509" version="1" visible="true" lat="58.389238899461674" lon="26.73349058370112">
    <tag k="ele" v="50.00062561035156" />
  </node>
  <node id="10001510" version="1" visible="true" lat="58.389239085676245" lon="26.73346534315707">
    <tag k="ele" v="50.00812530517578" />
  </node>
  <node id="10001511" version="1" visible="true" lat="58.389239166861785" lon="26.733463784716157">
    <tag k="ele" v="50.00812530517578" />
  </node>
  <node id="10001512" version="1" visible="true" lat="58.38924268543846" lon="26.73343088704218">
    <tag k="ele" v="50.00312423706055" />
  </node>
  <node id="10001513" version="1" visible="true" lat="58.389242826715545" lon="26.7334299758132">
    <tag k="ele" v="50.00312423706055" />
  </node>
  <node id="10001514" version="1" visible="true" lat="58.38914476199596" lon="26.73363019446314">
    <tag k="ele" v="49.52375030517578" />
  </node>
  <node id="10001515" version="1" visible="true" lat="58.38923135625114" lon="26.733377100131">
    <tag k="ele" v="50.03874969482422" />
  </node>
  <node id="10001516" version="1" visible="true" lat="58.38922156459462" lon="26.733415872044375">
    <tag k="ele" v="50.00437545776367" />
  </node>
  <node id="10001517" version="1" visible="true" lat="58.389216736393834" lon="26.733458307198855">
    <tag k="ele" v="49.98999786376953" />
  </node>
  <node id="10001518" version="1" visible="true" lat="58.38921602277179" lon="26.7334958653297">
    <tag k="ele" v="49.951873779296875" />
  </node>
  <node id="10001519" version="1" visible="true" lat="58.38922170012632" lon="26.733532103827645">
    <tag k="ele" v="49.938751220703125" />
  </node>
  <node id="10001520" version="1" visible="true" lat="58.38923324999979" lon="26.733560601788678">
    <tag k="ele" v="49.91499710083008" />
  </node>
  <node id="10001521" version="1" visible="true" lat="58.389246110340515" lon="26.733583324301158">
    <tag k="ele" v="49.936248779296875" />
  </node>
  <node id="10001522" version="1" visible="true" lat="58.389272529004245" lon="26.733619763193417">
    <tag k="ele" v="49.96125030517578" />
  </node>
  <node id="10001523" version="1" visible="true" lat="58.38915981585379" lon="26.73336330765402">
    <tag k="ele" v="50.03562545776367" />
  </node>
  <node id="10001524" version="1" visible="true" lat="58.389272611288774" lon="26.73361987556857">
    <tag k="ele" v="49.96125030517578" />
  </node>
  <node id="10001525" version="1" visible="true" lat="58.38917070428901" lon="26.73347609388989">
    <tag k="ele" v="49.91562271118164" />
  </node>
  <node id="10001526" version="1" visible="true" lat="58.38918684936815" lon="26.73348959381213">
    <tag k="ele" v="49.91187286376953" />
  </node>
  <node id="10001527" version="1" visible="true" lat="58.389211742154295" lon="26.733497379337145">
    <tag k="ele" v="49.951873779296875" />
  </node>
  <node id="10001528" version="1" visible="true" lat="58.38922442560907" lon="26.733493862265778">
    <tag k="ele" v="49.97624969482422" />
  </node>
  <node id="10001529" version="1" visible="true" lat="58.38923761424136" lon="26.733485283250786">
    <tag k="ele" v="50.01124954223633" />
  </node>
  <node id="10001530" version="1" visible="true" lat="58.38925591483026" lon="26.73345598471775">
    <tag k="ele" v="49.96562194824219" />
  </node>
  <node id="10001531" version="1" visible="true" lat="58.38926779353446" lon="26.733429137901993">
    <tag k="ele" v="49.95249938964844" />
  </node>
  <node id="10001532" version="1" visible="true" lat="58.39694274683864" lon="26.750459502334046">
    <tag k="ele" v="58.265625" />
  </node>
  <node id="10001533" version="1" visible="true" lat="58.39694138397003" lon="26.750492737941013">
    <tag k="ele" v="58.284996032714844" />
  </node>
  <node id="10001534" version="1" visible="true" lat="58.39694365529924" lon="26.750558333080342">
    <tag k="ele" v="58.29874801635742" />
  </node>
  <node id="10001535" version="1" visible="true" lat="58.39695384591052" lon="26.75068929727357">
    <tag k="ele" v="58.363746643066406" />
  </node>
  <node id="10001536" version="1" visible="true" lat="58.39695438554133" lon="26.750766447399368">
    <tag k="ele" v="58.3599967956543" />
  </node>
  <node id="10001537" version="1" visible="true" lat="58.3969515106086" lon="26.750800626030607">
    <tag k="ele" v="58.36124801635742" />
  </node>
  <node id="10001538" version="1" visible="true" lat="58.39694225054029" lon="26.750910540620605">
    <tag k="ele" v="58.32374954223633" />
  </node>
  <node id="10001539" version="1" visible="true" lat="58.39692160430653" lon="26.75120818428079">
    <tag k="ele" v="58.264373779296875" />
  </node>
  <node id="10001540" version="1" visible="true" lat="58.396916713980126" lon="26.751354247106626">
    <tag k="ele" v="58.32500076293945" />
  </node>
  <node id="10001541" version="1" visible="true" lat="58.396915741637564" lon="26.7514427467622">
    <tag k="ele" v="58.350624084472656" />
  </node>
  <node id="10001542" version="1" visible="true" lat="58.3969185069012" lon="26.751636357452">
    <tag k="ele" v="58.432498931884766" />
  </node>
  <node id="10001543" version="1" visible="true" lat="58.396922968272456" lon="26.751745410451598">
    <tag k="ele" v="58.47187423706055" />
  </node>
  <node id="10001544" version="1" visible="true" lat="58.396929172983" lon="26.751850286539543">
    <tag k="ele" v="58.5256233215332" />
  </node>
  <node id="10001545" version="1" visible="true" lat="58.39693823351944" lon="26.7519548211364">
    <tag k="ele" v="58.57499694824219" />
  </node>
  <node id="10001546" version="1" visible="true" lat="58.39696197738621" lon="26.752171912622547">
    <tag k="ele" v="58.7131233215332" />
  </node>
  <node id="10001547" version="1" visible="true" lat="58.396973121930046" lon="26.752252288398154">
    <tag k="ele" v="58.74250030517578" />
  </node>
  <node id="10001548" version="1" visible="true" lat="58.39703235873938" lon="26.75258323979154">
    <tag k="ele" v="58.92250061035156" />
  </node>
  <node id="10001549" version="1" visible="true" lat="58.39696416469286" lon="26.75046430832271">
    <tag k="ele" v="58.30562210083008" />
  </node>
  <node id="10001550" version="1" visible="true" lat="58.396962990170415" lon="26.750492971558156">
    <tag k="ele" v="58.31749725341797" />
  </node>
  <node id="10001551" version="1" visible="true" lat="58.39696509998562" lon="26.750553967004407">
    <tag k="ele" v="58.34187316894531" />
  </node>
  <node id="10001552" version="1" visible="true" lat="58.396975366459785" lon="26.750685998402453">
    <tag k="ele" v="58.38249969482422" />
  </node>
  <node id="10001553" version="1" visible="true" lat="58.396975959390964" lon="26.750769434347205">
    <tag k="ele" v="58.40749740600586" />
  </node>
  <node id="10001554" version="1" visible="true" lat="58.396973879566055" lon="26.750806142999924">
    <tag k="ele" v="58.40999984741211" />
  </node>
  <node id="10001555" version="1" visible="true" lat="58.396962567561935" lon="26.750950177664386">
    <tag k="ele" v="58.37437438964844" />
  </node>
  <node id="10001556" version="1" visible="true" lat="58.39694306671644" lon="26.751212172635025">
    <tag k="ele" v="58.30937194824219" />
  </node>
  <node id="10001557" version="1" visible="true" lat="58.39693825189657" lon="26.751355982129507">
    <tag k="ele" v="58.34812545776367" />
  </node>
  <node id="10001558" version="1" visible="true" lat="58.3969372927721" lon="26.751442617219677">
    <tag k="ele" v="58.393123626708984" />
  </node>
  <node id="10001559" version="1" visible="true" lat="58.39694003868848" lon="26.751634206817325">
    <tag k="ele" v="58.45124816894531" />
  </node>
  <node id="10001560" version="1" visible="true" lat="58.39694442063092" lon="26.75174152494823">
    <tag k="ele" v="58.48749923706055" />
  </node>
  <node id="10001561" version="1" visible="true" lat="58.39695051973929" lon="26.751844629884946">
    <tag k="ele" v="58.5474967956543" />
  </node>
  <node id="10001562" version="1" visible="true" lat="58.39695942306086" lon="26.751947286596142">
    <tag k="ele" v="58.59187316894531" />
  </node>
  <node id="10001563" version="1" visible="true" lat="58.396982955898935" lon="26.752162496049152">
    <tag k="ele" v="58.726871490478516" />
  </node>
  <node id="10001564" version="1" visible="true" lat="58.39699375802834" lon="26.75224041460439">
    <tag k="ele" v="58.77874755859375" />
  </node>
  <node id="10001565" version="1" visible="true" lat="58.39705275484121" lon="26.752569995224007">
    <tag k="ele" v="58.95062255859375" />
  </node>
  <node id="10001566" version="1" visible="true" lat="58.39636285084148" lon="26.750903290319233">
    <tag k="ele" v="57.428749084472656" />
  </node>
  <node id="10001567" version="1" visible="true" lat="58.398218796122066" lon="26.75525156892003">
    <tag k="ele" v="60.774375915527344" />
  </node>
  <node id="10001568" version="1" visible="true" lat="58.3982043213732" lon="26.75525315730725">
    <tag k="ele" v="60.76499938964844" />
  </node>
  <node id="10001569" version="1" visible="true" lat="58.39819499846665" lon="26.755252530151886">
    <tag k="ele" v="60.73937225341797" />
  </node>
  <node id="10001570" version="1" visible="true" lat="58.39817429477423" lon="26.755247948144895">
    <tag k="ele" v="60.678749084472656" />
  </node>
  <node id="10001571" version="1" visible="true" lat="58.39816369703143" lon="26.755243934779763">
    <tag k="ele" v="60.6662483215332" />
  </node>
  <node id="10001572" version="1" visible="true" lat="58.39815879441437" lon="26.755240846532743">
    <tag k="ele" v="60.6662483215332" />
  </node>
  <node id="10001573" version="1" visible="true" lat="58.39814707839815" lon="26.755230771895103">
    <tag k="ele" v="60.64812469482422" />
  </node>
  <node id="10001574" version="1" visible="true" lat="58.39813144705095" lon="26.755214331439277">
    <tag k="ele" v="60.6099967956543" />
  </node>
  <node id="10001575" version="1" visible="true" lat="58.39812326050282" lon="26.755203934037525">
    <tag k="ele" v="60.59000015258789" />
  </node>
  <node id="10001576" version="1" visible="true" lat="58.398111284461564" lon="26.75518550323786">
    <tag k="ele" v="60.557498931884766" />
  </node>
  <node id="10001577" version="1" visible="true" lat="58.39809705354974" lon="26.755159963674334">
    <tag k="ele" v="60.557498931884766" />
  </node>
  <node id="10001578" version="1" visible="true" lat="58.398090906082366" lon="26.7551462683517">
    <tag k="ele" v="60.539371490478516" />
  </node>
  <node id="10001579" version="1" visible="true" lat="58.39808475738649" lon="26.755129714452558">
    <tag k="ele" v="60.52874755859375" />
  </node>
  <node id="10001580" version="1" visible="true" lat="58.39807787013316" lon="26.755108241608017">
    <tag k="ele" v="60.52000045776367" />
  </node>
  <node id="10001581" version="1" visible="true" lat="58.39805602137365" lon="26.755029283744488">
    <tag k="ele" v="60.518123626708984" />
  </node>
  <node id="10001582" version="1" visible="true" lat="58.39720336922979" lon="26.751245254716782">
    <tag k="ele" v="58.924373626708984" />
  </node>
  <node id="10001583" version="1" visible="true" lat="58.397114982988406" lon="26.750839847049033">
    <tag k="ele" v="58.65937423706055" />
  </node>
  <node id="10001584" version="1" visible="true" lat="58.39709653893738" lon="26.750765405103394">
    <tag k="ele" v="58.61249923706055" />
  </node>
  <node id="10001585" version="1" visible="true" lat="58.3970790939266" lon="26.750705487342675">
    <tag k="ele" v="58.56749725341797" />
  </node>
  <node id="10001586" version="1" visible="true" lat="58.39706864133172" lon="26.750680964575487">
    <tag k="ele" v="58.538124084472656" />
  </node>
  <node id="10001587" version="1" visible="true" lat="58.3970561017838" lon="26.750658212844407">
    <tag k="ele" v="58.522499084472656" />
  </node>
  <node id="10001588" version="1" visible="true" lat="58.39704274306859" lon="26.750639282470242">
    <tag k="ele" v="58.48187255859375" />
  </node>
  <node id="10001589" version="1" visible="true" lat="58.39702901437299" lon="26.75062501301223">
    <tag k="ele" v="58.46875" />
  </node>
  <node id="10001590" version="1" visible="true" lat="58.3970139405453" lon="26.750614369753258">
    <tag k="ele" v="58.42499923706055" />
  </node>
  <node id="10001591" version="1" visible="true" lat="58.39698933188549" lon="26.750605428945487">
    <tag k="ele" v="58.3849983215332" />
  </node>
  <node id="10001592" version="1" visible="true" lat="58.396969881036945" lon="26.75060567179241">
    <tag k="ele" v="58.3599967956543" />
  </node>
  <node id="10001593" version="1" visible="true" lat="58.396949909316184" lon="26.75061090605946">
    <tag k="ele" v="58.31312561035156" />
  </node>
  <node id="10001594" version="1" visible="true" lat="58.39691224960289" lon="26.750631326323813">
    <tag k="ele" v="58.241249084472656" />
  </node>
  <node id="10001595" version="1" visible="true" lat="58.39687251229525" lon="26.750664763527972">
    <tag k="ele" v="58.078125" />
  </node>
  <node id="10001596" version="1" visible="true" lat="58.39678426249399" lon="26.75074729767134">
    <tag k="ele" v="57.912498474121094" />
  </node>
  <node id="10001597" version="1" visible="true" lat="58.39669955289705" lon="26.750832761071262">
    <tag k="ele" v="57.82624816894531" />
  </node>
  <node id="10001598" version="1" visible="true" lat="58.3966525856235" lon="26.750887712329376">
    <tag k="ele" v="57.771873474121094" />
  </node>
  <node id="10001599" version="1" visible="true" lat="58.39660925074774" lon="26.750960919064468">
    <tag k="ele" v="57.718746185302734" />
  </node>
  <node id="10001600" version="1" visible="true" lat="58.39658085359342" lon="26.751068600744954">
    <tag k="ele" v="57.714996337890625" />
  </node>
  <node id="10001601" version="1" visible="true" lat="58.396580315854024" lon="26.75120158352655">
    <tag k="ele" v="57.78187561035156" />
  </node>
  <node id="10001602" version="1" visible="true" lat="58.39668200728416" lon="26.751699647958468">
    <tag k="ele" v="58.10624694824219" />
  </node>
  <node id="10001603" version="1" visible="true" lat="58.396952885083806" lon="26.75294795020749">
    <tag k="ele" v="58.859371185302734" />
  </node>
  <node id="10001604" version="1" visible="true" lat="58.39698997418526" lon="26.753122506063246">
    <tag k="ele" v="58.890625" />
  </node>
  <node id="10001605" version="1" visible="true" lat="58.397004556934775" lon="26.753179257083854">
    <tag k="ele" v="58.92625045776367" />
  </node>
  <node id="10001606" version="1" visible="true" lat="58.39701704489584" lon="26.75320938273489">
    <tag k="ele" v="58.96062469482422" />
  </node>
  <node id="10001607" version="1" visible="true" lat="58.39703800991554" lon="26.7532306036104">
    <tag k="ele" v="59.00312423706055" />
  </node>
  <node id="10001608" version="1" visible="true" lat="58.39705161472173" lon="26.7532381035375">
    <tag k="ele" v="59.024375915527344" />
  </node>
  <node id="10001609" version="1" visible="true" lat="58.39707846301881" lon="26.75324277121075">
    <tag k="ele" v="59.05937194824219" />
  </node>
  <node id="10001610" version="1" visible="true" lat="58.39710229026821" lon="26.753232516881194">
    <tag k="ele" v="59.07124710083008" />
  </node>
  <node id="10001611" version="1" visible="true" lat="58.397126282478794" lon="26.75320835997793">
    <tag k="ele" v="59.104373931884766" />
  </node>
  <node id="10001612" version="1" visible="true" lat="58.39714960034368" lon="26.75317213471681">
    <tag k="ele" v="59.12812423706055" />
  </node>
  <node id="10001613" version="1" visible="true" lat="58.397162579458225" lon="26.753141553483317">
    <tag k="ele" v="59.144996643066406" />
  </node>
  <node id="10001614" version="1" visible="true" lat="58.39717646145946" lon="26.75308909986645">
    <tag k="ele" v="59.16499710083008" />
  </node>
  <node id="10001615" version="1" visible="true" lat="58.397181307242654" lon="26.753061065994753">
    <tag k="ele" v="59.16874694824219" />
  </node>
  <node id="10001616" version="1" visible="true" lat="58.39718547967979" lon="26.753023000690472">
    <tag k="ele" v="59.17625045776367" />
  </node>
  <node id="10001617" version="1" visible="true" lat="58.39718763876272" lon="26.752935774158736">
    <tag k="ele" v="59.154998779296875" />
  </node>
  <node id="10001618" version="1" visible="true" lat="58.3971856025129" lon="26.752899345621554">
    <tag k="ele" v="59.144996643066406" />
  </node>
  <node id="10001619" version="1" visible="true" lat="58.39718053040401" lon="26.752847429089233">
    <tag k="ele" v="59.14812469482422" />
  </node>
  <node id="10001620" version="1" visible="true" lat="58.39717306988274" lon="26.75279209080221">
    <tag k="ele" v="59.117496490478516" />
  </node>
  <node id="10001621" version="1" visible="true" lat="58.397161563639585" lon="26.75272276808981">
    <tag k="ele" v="59.11249923706055" />
  </node>
  <node id="10001622" version="1" visible="true" lat="58.39711240174885" lon="26.752492964544235">
    <tag k="ele" v="59.008750915527344" />
  </node>
  <node id="10001623" version="1" visible="true" lat="58.3970851157559" lon="26.752388955226937">
    <tag k="ele" v="58.9474983215332" />
  </node>
  <node id="10001624" version="1" visible="true" lat="58.39705303227425" lon="26.75228614560261">
    <tag k="ele" v="58.863746643066406" />
  </node>
  <node id="10001625" version="1" visible="true" lat="58.39702390390862" lon="26.752204654325592">
    <tag k="ele" v="58.80812454223633" />
  </node>
  <node id="10001626" version="1" visible="true" lat="58.39694997302851" lon="26.752028310256208">
    <tag k="ele" v="58.617496490478516" />
  </node>
  <node id="10001627" version="1" visible="true" lat="58.39683921138749" lon="26.751784834494153">
    <tag k="ele" v="58.371246337890625" />
  </node>
  <node id="10001628" version="1" visible="true" lat="58.39682895874662" lon="26.75175575843797">
    <tag k="ele" v="58.34375" />
  </node>
  <node id="10001629" version="1" visible="true" lat="58.396818598147846" lon="26.75171696794356">
    <tag k="ele" v="58.303749084472656" />
  </node>
  <node id="10001630" version="1" visible="true" lat="58.39680445703591" lon="26.751619259540703">
    <tag k="ele" v="58.258750915527344" />
  </node>
  <node id="10001631" version="1" visible="true" lat="58.39680322490806" lon="26.751580943144614">
    <tag k="ele" v="58.240623474121094" />
  </node>
  <node id="10001632" version="1" visible="true" lat="58.396806689453925" lon="26.751556943482772">
    <tag k="ele" v="58.24187469482422" />
  </node>
  <node id="10001633" version="1" visible="true" lat="58.396805036496566" lon="26.751539407266968">
    <tag k="ele" v="58.23749923706055" />
  </node>
  <node id="10001634" version="1" visible="true" lat="58.396812050923195" lon="26.751489531838306">
    <tag k="ele" v="58.23374938964844" />
  </node>
  <node id="10001635" version="1" visible="true" lat="58.39681964778474" lon="26.751460215774017">
    <tag k="ele" v="58.21624755859375" />
  </node>
  <node id="10001636" version="1" visible="true" lat="58.3968327412662" lon="26.75142092225551">
    <tag k="ele" v="58.2287483215332" />
  </node>
  <node id="10001637" version="1" visible="true" lat="58.39684697761492" lon="26.75138660497445">
    <tag k="ele" v="58.2287483215332" />
  </node>
  <node id="10001638" version="1" visible="true" lat="58.396913063977074" lon="26.751270914612117">
    <tag k="ele" v="58.265625" />
  </node>
  <node id="10001639" version="1" visible="true" lat="58.39696249543494" lon="26.751188403142837">
    <tag k="ele" v="58.37999725341797" />
  </node>
  <node id="10001640" version="1" visible="true" lat="58.396982545148454" lon="26.751159477237383">
    <tag k="ele" v="58.44624710083008" />
  </node>
  <node id="10001641" version="1" visible="true" lat="58.39700328087351" lon="26.75114172265346">
    <tag k="ele" v="58.50062561035156" />
  </node>
  <node id="10001642" version="1" visible="true" lat="58.39701159385552" lon="26.751136672785705">
    <tag k="ele" v="58.53312301635742" />
  </node>
  <node id="10001643" version="1" visible="true" lat="58.39701952635942" lon="26.751135101979237">
    <tag k="ele" v="58.56187438964844" />
  </node>
  <node id="10001644" version="1" visible="true" lat="58.397033224873084" lon="26.75114075986652">
    <tag k="ele" v="58.57937240600586" />
  </node>
  <node id="10001645" version="1" visible="true" lat="58.39705264790945" lon="26.751159325772658">
    <tag k="ele" v="58.647499084472656" />
  </node>
  <node id="10001646" version="1" visible="true" lat="58.397059398925464" lon="26.75117255365592">
    <tag k="ele" v="58.647499084472656" />
  </node>
  <node id="10001647" version="1" visible="true" lat="58.39706647742195" lon="26.751189350184237">
    <tag k="ele" v="58.670623779296875" />
  </node>
  <node id="10001648" version="1" visible="true" lat="58.39709406022214" lon="26.751270256766293">
    <tag k="ele" v="58.75937271118164" />
  </node>
  <node id="10001649" version="1" visible="true" lat="58.39710653088265" lon="26.751318918182484">
    <tag k="ele" v="58.795623779296875" />
  </node>
  <node id="10001650" version="1" visible="true" lat="58.39716587949564" lon="26.75158641096195">
    <tag k="ele" v="58.948123931884766" />
  </node>
  <node id="10001651" version="1" visible="true" lat="58.397165990122375" lon="26.751586897124657">
    <tag k="ele" v="58.948123931884766" />
  </node>
  <node id="10001652" version="1" visible="true" lat="58.39724240608628" lon="26.75190865044141">
    <tag k="ele" v="59.18375015258789" />
  </node>
  <node id="10001653" version="1" visible="true" lat="58.39728820222792" lon="26.752116958766702">
    <tag k="ele" v="59.350624084472656" />
  </node>
  <node id="10001654" version="1" visible="true" lat="58.397300827328976" lon="26.752190347792016">
    <tag k="ele" v="59.40562438964844" />
  </node>
  <node id="10001655" version="1" visible="true" lat="58.39732464877905" lon="26.75235212795468">
    <tag k="ele" v="59.46062469482422" />
  </node>
  <node id="10001656" version="1" visible="true" lat="58.397331216952175" lon="26.752419275287732">
    <tag k="ele" v="59.48749923706055" />
  </node>
  <node id="10001657" version="1" visible="true" lat="58.39734049016299" lon="26.752545189022204">
    <tag k="ele" v="59.47249984741211" />
  </node>
  <node id="10001658" version="1" visible="true" lat="58.39734348926354" lon="26.752622412651128">
    <tag k="ele" v="59.47624969482422" />
  </node>
  <node id="10001659" version="1" visible="true" lat="58.39734454224768" lon="26.75274614310245">
    <tag k="ele" v="59.40937423706055" />
  </node>
  <node id="10001660" version="1" visible="true" lat="58.397341014456906" lon="26.752862685877105">
    <tag k="ele" v="59.363746643066406" />
  </node>
  <node id="10001661" version="1" visible="true" lat="58.397330686813376" lon="26.753011200587473">
    <tag k="ele" v="59.29874801635742" />
  </node>
  <node id="10001662" version="1" visible="true" lat="58.39731842409064" lon="26.753132759751136">
    <tag k="ele" v="59.28312301635742" />
  </node>
  <node id="10001663" version="1" visible="true" lat="58.39730647812269" lon="26.75322420184914">
    <tag k="ele" v="59.314998626708984" />
  </node>
  <node id="10001664" version="1" visible="true" lat="58.39729349355359" lon="26.753315049153088">
    <tag k="ele" v="59.30500030517578" />
  </node>
  <node id="10001665" version="1" visible="true" lat="58.397246445832224" lon="26.753612049872682">
    <tag k="ele" v="59.274375915527344" />
  </node>
  <node id="10001666" version="1" visible="true" lat="58.397232628887785" lon="26.753712314177164">
    <tag k="ele" v="59.25062561035156" />
  </node>
  <node id="10001667" version="1" visible="true" lat="58.39721947442481" lon="26.753832690481442">
    <tag k="ele" v="59.241249084472656" />
  </node>
  <node id="10001668" version="1" visible="true" lat="58.39721439309504" lon="26.75390955561488">
    <tag k="ele" v="59.233123779296875" />
  </node>
  <node id="10001669" version="1" visible="true" lat="58.39721549639549" lon="26.753996729388987">
    <tag k="ele" v="59.24562454223633" />
  </node>
  <node id="10001670" version="1" visible="true" lat="58.397217805533074" lon="26.754051322618295">
    <tag k="ele" v="59.236873626708984" />
  </node>
  <node id="10001671" version="1" visible="true" lat="58.39722974588738" lon="26.754140576808833">
    <tag k="ele" v="59.2443733215332" />
  </node>
  <node id="10001672" version="1" visible="true" lat="58.39735673824826" lon="26.754731185366207">
    <tag k="ele" v="59.41374969482422" />
  </node>
  <node id="10001673" version="1" visible="true" lat="58.39752947467022" lon="26.755431364366686">
    <tag k="ele" v="59.680625915527344" />
  </node>
  <node id="10001674" version="1" visible="true" lat="58.39754199384417" lon="26.755486672001336">
    <tag k="ele" v="59.68687438964844" />
  </node>
  <node id="10001675" version="1" visible="true" lat="58.39754791746349" lon="26.755509489816106">
    <tag k="ele" v="59.67937469482422" />
  </node>
  <node id="10001676" version="1" visible="true" lat="58.39755597257054" lon="26.755533056477482">
    <tag k="ele" v="59.698123931884766" />
  </node>
  <node id="10001677" version="1" visible="true" lat="58.39756011361627" lon="26.755543119938842">
    <tag k="ele" v="59.7037467956543" />
  </node>
  <node id="10001678" version="1" visible="true" lat="58.39756435223907" lon="26.75555199289221">
    <tag k="ele" v="59.705623626708984" />
  </node>
  <node id="10001679" version="1" visible="true" lat="58.39757162397192" lon="26.755564389676195">
    <tag k="ele" v="59.71187210083008" />
  </node>
  <node id="10001680" version="1" visible="true" lat="58.397580592660326" lon="26.755578100361245">
    <tag k="ele" v="59.7287483215332" />
  </node>
  <node id="10001681" version="1" visible="true" lat="58.39758607319549" lon="26.755585221983416">
    <tag k="ele" v="59.73187255859375" />
  </node>
  <node id="10001682" version="1" visible="true" lat="58.39759155226059" lon="26.755591162458167">
    <tag k="ele" v="59.73187255859375" />
  </node>
  <node id="10001683" version="1" visible="true" lat="58.39759931347725" lon="26.75559794915669">
    <tag k="ele" v="59.75124740600586" />
  </node>
  <node id="10001684" version="1" visible="true" lat="58.39760602867809" lon="26.755602822500272">
    <tag k="ele" v="59.76312255859375" />
  </node>
  <node id="10001685" version="1" visible="true" lat="58.39761424938219" lon="26.75560747139013">
    <tag k="ele" v="59.77812194824219" />
  </node>
  <node id="10001686" version="1" visible="true" lat="58.397630590399174" lon="26.75561475869014">
    <tag k="ele" v="59.80937194824219" />
  </node>
  <node id="10001687" version="1" visible="true" lat="58.39765038421139" lon="26.755620279475337">
    <tag k="ele" v="59.83250045776367" />
  </node>
  <node id="10001688" version="1" visible="true" lat="58.397661126103706" lon="26.755621360148307">
    <tag k="ele" v="59.84562301635742" />
  </node>
  <node id="10001689" version="1" visible="true" lat="58.39767161313094" lon="26.75562134252873">
    <tag k="ele" v="59.85312271118164" />
  </node>
  <node id="10001690" version="1" visible="true" lat="58.397704747102004" lon="26.755618305447193">
    <tag k="ele" v="59.90625" />
  </node>
  <node id="10001691" version="1" visible="true" lat="58.39772524646202" lon="26.755613200786197">
    <tag k="ele" v="59.91124725341797" />
  </node>
  <node id="10001692" version="1" visible="true" lat="58.39775199519363" lon="26.755603741440783">
    <tag k="ele" v="59.9474983215332" />
  </node>
  <node id="10001693" version="1" visible="true" lat="58.397773369164426" lon="26.75559475132352">
    <tag k="ele" v="59.97374725341797" />
  </node>
  <node id="10001694" version="1" visible="true" lat="58.397832174497594" lon="26.755567426008046">
    <tag k="ele" v="60.03187561035156" />
  </node>
  <node id="10001695" version="1" visible="true" lat="58.39794084293432" lon="26.755503880334707">
    <tag k="ele" v="60.211246490478516" />
  </node>
  <node id="10001696" version="1" visible="true" lat="58.3980651398476" lon="26.75542920961929">
    <tag k="ele" v="60.48937225341797" />
  </node>
  <node id="10001697" version="1" visible="true" lat="58.39812606260029" lon="26.755392248814037">
    <tag k="ele" v="60.58749771118164" />
  </node>
  <node id="10001698" version="1" visible="true" lat="58.39820356801705" lon="26.755343046785647">
    <tag k="ele" v="60.73062515258789" />
  </node>
  <node id="10001699" version="1" visible="true" lat="58.39833551844696" lon="26.755257659918435">
    <tag k="ele" v="61.024375915527344" />
  </node>
  <node id="10001700" version="1" visible="true" lat="58.39854027318636" lon="26.755123129337118">
    <tag k="ele" v="61.459373474121094" />
  </node>
  <node id="10001701" version="1" visible="true" lat="58.39870604767887" lon="26.75501312128533">
    <tag k="ele" v="61.84124755859375" />
  </node>
  <node id="10001702" version="1" visible="true" lat="58.398926558114" lon="26.754865511317252">
    <tag k="ele" v="62.27750015258789" />
  </node>
  <node id="10001703" version="1" visible="true" lat="58.39906025370953" lon="26.75477501968803">
    <tag k="ele" v="62.47812271118164" />
  </node>
  <node id="10001704" version="1" visible="true" lat="58.39968752399893" lon="26.754346577246654">
    <tag k="ele" v="63.108123779296875" />
  </node>
  <node id="10001705" version="1" visible="true" lat="58.40029854463818" lon="26.75392735836492">
    <tag k="ele" v="63.568748474121094" />
  </node>
  <node id="10001706" version="1" visible="true" lat="58.40068369364845" lon="26.753664353352793">
    <tag k="ele" v="63.82124710083008" />
  </node>
  <node id="10001707" version="1" visible="true" lat="58.40160317566886" lon="26.753042425598487">
    <tag k="ele" v="64.1449966430664" />
  </node>
  <node id="10001708" version="1" visible="true" lat="58.4020865462602" lon="26.75270987977113">
    <tag k="ele" v="63.93874740600586" />
  </node>
  <node id="10001709" version="1" visible="true" lat="58.40304708469983" lon="26.752054341847245">
    <tag k="ele" v="62.23937225341797" />
  </node>
  <node id="10001710" version="1" visible="true" lat="58.4036214109377" lon="26.751664102006394">
    <tag k="ele" v="61.09749984741211" />
  </node>
  <node id="10001711" version="1" visible="true" lat="58.403662281323506" lon="26.751637304815635">
    <tag k="ele" v="61.025001525878906" />
  </node>
  <node id="10001712" version="1" visible="true" lat="58.40373400934278" lon="26.751595082074214">
    <tag k="ele" v="60.88999938964844" />
  </node>
  <node id="10001713" version="1" visible="true" lat="58.4037661734101" lon="26.751579912788607">
    <tag k="ele" v="60.846248626708984" />
  </node>
  <node id="10001714" version="1" visible="true" lat="58.40379625326123" lon="26.751568055744272">
    <tag k="ele" v="60.81624984741211" />
  </node>
  <node id="10001715" version="1" visible="true" lat="58.40381419438532" lon="26.75156197744293">
    <tag k="ele" v="60.78125" />
  </node>
  <node id="10001716" version="1" visible="true" lat="58.40385050214694" lon="26.751552593205105">
    <tag k="ele" v="60.705623626708984" />
  </node>
  <node id="10001717" version="1" visible="true" lat="58.403895004879175" lon="26.751545304895544">
    <tag k="ele" v="60.63999938964844" />
  </node>
  <node id="10001718" version="1" visible="true" lat="58.4039260004961" lon="26.751542661187607">
    <tag k="ele" v="60.588748931884766" />
  </node>
  <node id="10001719" version="1" visible="true" lat="58.40397124985489" lon="26.751542843975617">
    <tag k="ele" v="60.522499084472656" />
  </node>
  <node id="10001720" version="1" visible="true" lat="58.40401273731702" lon="26.751545797001963">
    <tag k="ele" v="60.48062515258789" />
  </node>
  <node id="10001721" version="1" visible="true" lat="58.40407768609305" lon="26.751553803045752">
    <tag k="ele" v="60.40625" />
  </node>
  <node id="10001722" version="1" visible="true" lat="58.40413357806178" lon="26.751563429189588">
    <tag k="ele" v="60.2756233215332" />
  </node>
  <node id="10001723" version="1" visible="true" lat="58.40418175366141" lon="26.75157377019264">
    <tag k="ele" v="60.21249771118164" />
  </node>
  <node id="10001724" version="1" visible="true" lat="58.40423426261557" lon="26.751586932418743">
    <tag k="ele" v="60.16749954223633" />
  </node>
  <node id="10001725" version="1" visible="true" lat="58.404324624965625" lon="26.751611563147623">
    <tag k="ele" v="60.05249786376953" />
  </node>
  <node id="10001726" version="1" visible="true" lat="58.404653437702564" lon="26.751705480768027">
    <tag k="ele" v="60.252498626708984" />
  </node>
  <node id="10001727" version="1" visible="true" lat="58.40474428796503" lon="26.75173290655218">
    <tag k="ele" v="60.30812454223633" />
  </node>
  <node id="10001728" version="1" visible="true" lat="58.40490031367879" lon="26.751781590559062">
    <tag k="ele" v="60.135623931884766" />
  </node>
  <node id="10001729" version="1" visible="true" lat="58.404900635156345" lon="26.751781684179225">
    <tag k="ele" v="60.135623931884766" />
  </node>
  <node id="10001730" version="1" visible="true" lat="58.39770798796822" lon="26.754196661626086">
    <tag k="ele" v="60.00499725341797" />
  </node>
  <node id="10001731" version="1" visible="true" lat="58.39771496051175" lon="26.754300255943853">
    <tag k="ele" v="59.99625015258789" />
  </node>
  <node id="10001732" version="1" visible="true" lat="58.39771542677301" lon="26.754406102736606">
    <tag k="ele" v="59.96624755859375" />
  </node>
  <node id="10001733" version="1" visible="true" lat="58.39771062832204" lon="26.754484396986985">
    <tag k="ele" v="59.93562316894531" />
  </node>
  <node id="10001734" version="1" visible="true" lat="58.397704025374566" lon="26.75454751660732">
    <tag k="ele" v="59.867496490478516" />
  </node>
  <node id="10001735" version="1" visible="true" lat="58.39770390058116" lon="26.754548565370353">
    <tag k="ele" v="59.867496490478516" />
  </node>
  <node id="10001736" version="1" visible="true" lat="58.397696327955444" lon="26.75460527052314">
    <tag k="ele" v="59.86687469482422" />
  </node>
  <node id="10001737" version="1" visible="true" lat="58.39767760194317" lon="26.7547078174783">
    <tag k="ele" v="59.854373931884766" />
  </node>
  <node id="10001738" version="1" visible="true" lat="58.39751491532216" lon="26.755492479522307">
    <tag k="ele" v="59.65250015258789" />
  </node>
  <node id="10001739" version="1" visible="true" lat="58.39750958886473" lon="26.75544718065807">
    <tag k="ele" v="59.654998779296875" />
  </node>
  <node id="10001740" version="1" visible="true" lat="58.397522428027514" lon="26.755503899749275">
    <tag k="ele" v="59.65250015258789" />
  </node>
  <node id="10001741" version="1" visible="true" lat="58.397529164414095" lon="26.755529862142346">
    <tag k="ele" v="59.66937255859375" />
  </node>
  <node id="10001742" version="1" visible="true" lat="58.39753843720189" lon="26.755556964532264">
    <tag k="ele" v="59.68124771118164" />
  </node>
  <node id="10001743" version="1" visible="true" lat="58.3975436539978" lon="26.755569645446208">
    <tag k="ele" v="59.695621490478516" />
  </node>
  <node id="10001744" version="1" visible="true" lat="58.39754916536014" lon="26.755581168393707">
    <tag k="ele" v="59.69874572753906" />
  </node>
  <node id="10001745" version="1" visible="true" lat="58.39755768501001" lon="26.755595699738475">
    <tag k="ele" v="59.711246490478516" />
  </node>
  <node id="10001746" version="1" visible="true" lat="58.39756775832903" lon="26.755611105858005">
    <tag k="ele" v="59.7131233215332" />
  </node>
  <node id="10001747" version="1" visible="true" lat="58.397574654894065" lon="26.755620067111295">
    <tag k="ele" v="59.721248626708984" />
  </node>
  <node id="10001748" version="1" visible="true" lat="58.397581714414066" lon="26.75562772316102">
    <tag k="ele" v="59.7287483215332" />
  </node>
  <node id="10001749" version="1" visible="true" lat="58.397590975226684" lon="26.7556358083125">
    <tag k="ele" v="59.74374771118164" />
  </node>
  <node id="10001750" version="1" visible="true" lat="58.39759910547802" lon="26.755641733859633">
    <tag k="ele" v="59.75937271118164" />
  </node>
  <node id="10001751" version="1" visible="true" lat="58.39760872919085" lon="26.755647160149614">
    <tag k="ele" v="59.77874755859375" />
  </node>
  <node id="10001752" version="1" visible="true" lat="58.397626565505185" lon="26.75565511227028">
    <tag k="ele" v="59.79249954223633" />
  </node>
  <node id="10001753" version="1" visible="true" lat="58.397648244048405" lon="26.75566115720818">
    <tag k="ele" v="59.818748474121094" />
  </node>
  <node id="10001754" version="1" visible="true" lat="58.39766057267105" lon="26.75566241347882">
    <tag k="ele" v="59.828125" />
  </node>
  <node id="10001755" version="1" visible="true" lat="58.39767213841037" lon="26.755662377632234">
    <tag k="ele" v="59.846248626708984" />
  </node>
  <node id="10001756" version="1" visible="true" lat="58.39770665868394" lon="26.755659226617677">
    <tag k="ele" v="59.89999771118164" />
  </node>
  <node id="10001757" version="1" visible="true" lat="58.397728621644916" lon="26.755653757312864">
    <tag k="ele" v="59.92687225341797" />
  </node>
  <node id="10001758" version="1" visible="true" lat="58.39775628528321" lon="26.755643958834483">
    <tag k="ele" v="59.97062301635742" />
  </node>
  <node id="10001759" version="1" visible="true" lat="58.397778248260686" lon="26.755634740992758">
    <tag k="ele" v="59.97249984741211" />
  </node>
  <node id="10001760" version="1" visible="true" lat="58.39783736436614" lon="26.755607256183968">
    <tag k="ele" v="60.03874969482422" />
  </node>
  <node id="10001761" version="1" visible="true" lat="58.39783793957248" lon="26.75560696160057">
    <tag k="ele" v="60.03874969482422" />
  </node>
  <node id="10001762" version="1" visible="true" lat="58.3979472487012" lon="26.75554308252785">
    <tag k="ele" v="60.19874954223633" />
  </node>
  <node id="10001763" version="1" visible="true" lat="58.39807165513089" lon="26.755468334926334">
    <tag k="ele" v="60.48124694824219" />
  </node>
  <node id="10001764" version="1" visible="true" lat="58.398132741582124" lon="26.755431284296975">
    <tag k="ele" v="60.57999801635742" />
  </node>
  <node id="10001765" version="1" visible="true" lat="58.39821043835101" lon="26.75538196039102">
    <tag k="ele" v="60.7349967956543" />
  </node>
  <node id="10001766" version="1" visible="true" lat="58.398342498300316" lon="26.755296496640945">
    <tag k="ele" v="61.03312301635742" />
  </node>
  <node id="10001767" version="1" visible="true" lat="58.39854732595319" lon="26.75516192061287">
    <tag k="ele" v="61.473121643066406" />
  </node>
  <node id="10001768" version="1" visible="true" lat="58.398713164380844" lon="26.755051866373066">
    <tag k="ele" v="61.838748931884766" />
  </node>
  <node id="10001769" version="1" visible="true" lat="58.39893373876236" lon="26.754904210268617">
    <tag k="ele" v="62.272499084472656" />
  </node>
  <node id="10001770" version="1" visible="true" lat="58.39906749828696" lon="26.75481367241837">
    <tag k="ele" v="62.463748931884766" />
  </node>
  <node id="10001771" version="1" visible="true" lat="58.399694814296964" lon="26.75438519991069">
    <tag k="ele" v="63.08124923706055" />
  </node>
  <node id="10001772" version="1" visible="true" lat="58.400305825723244" lon="26.753965997999256">
    <tag k="ele" v="63.53312301635742" />
  </node>
  <node id="10001773" version="1" visible="true" lat="58.40069092922165" lon="26.753703024023842">
    <tag k="ele" v="63.78937530517578" />
  </node>
  <node id="10001774" version="1" visible="true" lat="58.401610447681556" lon="26.753081082869244">
    <tag k="ele" v="64.13249969482422" />
  </node>
  <node id="10001775" version="1" visible="true" lat="58.40209383705161" lon="26.75274850472778">
    <tag k="ele" v="63.91999816894531" />
  </node>
  <node id="10001776" version="1" visible="true" lat="58.40305433943721" lon="26.752092982005788">
    <tag k="ele" v="62.20124816894531" />
  </node>
  <node id="10001777" version="1" visible="true" lat="58.40362853762337" lon="26.751702852527675">
    <tag k="ele" v="61.08250045776367" />
  </node>
  <node id="10001778" version="1" visible="true" lat="58.4036689618179" lon="26.75167632863356">
    <tag k="ele" v="61.00812530517578" />
  </node>
  <node id="10001779" version="1" visible="true" lat="58.40373978848061" lon="26.751634651778488">
    <tag k="ele" v="60.88437271118164" />
  </node>
  <node id="10001780" version="1" visible="true" lat="58.403770953976746" lon="26.751619952263532">
    <tag k="ele" v="60.85249710083008" />
  </node>
  <node id="10001781" version="1" visible="true" lat="58.403800326741354" lon="26.751608382349207">
    <tag k="ele" v="60.81749725341797" />
  </node>
  <node id="10001782" version="1" visible="true" lat="58.40381753496919" lon="26.751602537789047">
    <tag k="ele" v="60.774375915527344" />
  </node>
  <node id="10001783" version="1" visible="true" lat="58.40385287585719" lon="26.75159340325692">
    <tag k="ele" v="60.69999694824219" />
  </node>
  <node id="10001784" version="1" visible="true" lat="58.40389641355618" lon="26.751586279210336">
    <tag k="ele" v="60.64374923706055" />
  </node>
  <node id="10001785" version="1" visible="true" lat="58.40392646392108" lon="26.751583715699955">
    <tag k="ele" v="60.60312271118164" />
  </node>
  <node id="10001786" version="1" visible="true" lat="58.40397082406124" lon="26.75158388036699">
    <tag k="ele" v="60.53125" />
  </node>
  <node id="10001787" version="1" visible="true" lat="58.40401163834062" lon="26.75158679792176">
    <tag k="ele" v="60.48875045776367" />
  </node>
  <node id="10001788" version="1" visible="true" lat="58.40407602268705" lon="26.75159472566627">
    <tag k="ele" v="60.42937469482422" />
  </node>
  <node id="10001789" version="1" visible="true" lat="58.40413140405079" lon="26.751604277708573">
    <tag k="ele" v="60.26625061035156" />
  </node>
  <node id="10001790" version="1" visible="true" lat="58.40417914118021" lon="26.751614533121653">
    <tag k="ele" v="60.22249984741211" />
  </node>
  <node id="10001791" version="1" visible="true" lat="58.404231337623315" lon="26.751627602492082">
    <tag k="ele" v="60.189998626708984" />
  </node>
  <node id="10001792" version="1" visible="true" lat="58.40432150334333" lon="26.751652183708583">
    <tag k="ele" v="60.04874801635742" />
  </node>
  <node id="10001793" version="1" visible="true" lat="58.4046501553117" lon="26.751746054890432">
    <tag k="ele" v="60.26124954223633" />
  </node>
  <node id="10001794" version="1" visible="true" lat="58.40474086276838" lon="26.75177343536997">
    <tag k="ele" v="60.31562423706055" />
  </node>
  <node id="10001795" version="1" visible="true" lat="58.40489652287144" lon="26.751821988241115">
    <tag k="ele" v="60.15562438964844" />
  </node>
  <node id="10001796" version="1" visible="true" lat="58.39769342387907" lon="26.75430304774823">
    <tag k="ele" v="59.95124816894531" />
  </node>
  <node id="10001797" version="1" visible="true" lat="58.39769386808054" lon="26.754403886698842">
    <tag k="ele" v="59.92562484741211" />
  </node>
  <node id="10001798" version="1" visible="true" lat="58.39768932608288" lon="26.754477996507365">
    <tag k="ele" v="59.88374710083008" />
  </node>
  <node id="10001799" version="1" visible="true" lat="58.39768289265672" lon="26.754539495618545">
    <tag k="ele" v="59.832496643066406" />
  </node>
  <node id="10001800" version="1" visible="true" lat="58.39767567246279" lon="26.754593447417125">
    <tag k="ele" v="59.83937454223633" />
  </node>
  <node id="10001801" version="1" visible="true" lat="58.39765739628713" lon="26.754693530992004">
    <tag k="ele" v="59.82624816894531" />
  </node>
  <node id="10001802" version="1" visible="true" lat="58.397494873524316" lon="26.755477402776318">
    <tag k="ele" v="59.639373779296875" />
  </node>
  <node id="10001803" version="1" visible="true" lat="58.39718372218032" lon="26.753103825093557">
    <tag k="ele" v="59.16437530517578" />
  </node>
  <node id="10001804" version="1" visible="true" lat="58.39720081622085" lon="26.753185955503454">
    <tag k="ele" v="59.18562316894531" />
  </node>
  <node id="10001805" version="1" visible="true" lat="58.397256104857654" lon="26.75346681018651">
    <tag k="ele" v="59.289371490478516" />
  </node>
  <node id="10001806" version="1" visible="true" lat="58.39725786065882" lon="26.75347572935422">
    <tag k="ele" v="59.27874755859375" />
  </node>
  <node id="10001807" version="1" visible="true" lat="58.39740321854299" lon="26.754189094679628">
    <tag k="ele" v="59.49312210083008" />
  </node>
  <node id="10001808" version="1" visible="true" lat="58.397526517790965" lon="26.754780801562504">
    <tag k="ele" v="59.64812469482422" />
  </node>
  <node id="10001809" version="1" visible="true" lat="58.39714609061663" lon="26.7530446136275">
    <tag k="ele" v="59.117496490478516" />
  </node>
  <node id="10001810" version="1" visible="true" lat="58.397146166079374" lon="26.753044940334355">
    <tag k="ele" v="59.117496490478516" />
  </node>
  <node id="10001811" version="1" visible="true" lat="58.397163872370896" lon="26.753119824225358">
    <tag k="ele" v="59.14125061035156" />
  </node>
  <node id="10001812" version="1" visible="true" lat="58.39718071056293" lon="26.753200725387966">
    <tag k="ele" v="59.16124725341797" />
  </node>
  <node id="10001813" version="1" visible="true" lat="58.397235512954175" lon="26.753479110055224">
    <tag k="ele" v="59.26625061035156" />
  </node>
  <node id="10001814" version="1" visible="true" lat="58.39723772772658" lon="26.75349036071815">
    <tag k="ele" v="59.264373779296875" />
  </node>
  <node id="10001815" version="1" visible="true" lat="58.39738316005774" lon="26.754204091462185">
    <tag k="ele" v="59.47249984741211" />
  </node>
  <node id="10001816" version="1" visible="true" lat="58.39750648955868" lon="26.754795943577456">
    <tag k="ele" v="59.62999725341797" />
  </node>
  <node id="10001817" version="1" visible="true" lat="58.39750648955868" lon="26.75479594357746">
    <tag k="ele" v="59.62999725341797" />
  </node>
  <node id="10001818" version="1" visible="true" lat="58.397183483245286" lon="26.751261029695247">
    <tag k="ele" v="58.89937210083008" />
  </node>
  <node id="10001819" version="1" visible="true" lat="58.39709410828438" lon="26.750856546916047">
    <tag k="ele" v="58.643123626708984" />
  </node>
  <node id="10001820" version="1" visible="true" lat="58.39707722079683" lon="26.750783681532905">
    <tag k="ele" v="58.59562301635742" />
  </node>
  <node id="10001821" version="1" visible="true" lat="58.397061164469406" lon="26.750728545032462">
    <tag k="ele" v="58.54624938964844" />
  </node>
  <node id="10001822" version="1" visible="true" lat="58.397052781971595" lon="26.750708873877304">
    <tag k="ele" v="58.533748626708984" />
  </node>
  <node id="10001823" version="1" visible="true" lat="58.39704218799159" lon="26.7506896631924">
    <tag k="ele" v="58.49687194824219" />
  </node>
  <node id="10001824" version="1" visible="true" lat="58.39703109692217" lon="26.75067392247452">
    <tag k="ele" v="58.475624084472656" />
  </node>
  <node id="10001825" version="1" visible="true" lat="58.397020066336054" lon="26.75066246552208">
    <tag k="ele" v="58.45812225341797" />
  </node>
  <node id="10001826" version="1" visible="true" lat="58.39700813483728" lon="26.75065403618363">
    <tag k="ele" v="58.43562316894531" />
  </node>
  <node id="10001827" version="1" visible="true" lat="58.39698736906323" lon="26.750646491110874">
    <tag k="ele" v="58.389373779296875" />
  </node>
  <node id="10001828" version="1" visible="true" lat="58.39697143244547" lon="26.750646700491533">
    <tag k="ele" v="58.36062240600586" />
  </node>
  <node id="10001829" version="1" visible="true" lat="58.39695435237794" lon="26.750651185109373">
    <tag k="ele" v="58.34687423706055" />
  </node>
  <node id="10001830" version="1" visible="true" lat="58.39691958440743" lon="26.750670017029584">
    <tag k="ele" v="58.276248931884766" />
  </node>
  <node id="10001831" version="1" visible="true" lat="58.39688121958842" lon="26.750702311991834">
    <tag k="ele" v="58.14249801635742" />
  </node>
  <node id="10001832" version="1" visible="true" lat="58.396793957441254" lon="26.75078404255075">
    <tag k="ele" v="57.93874740600586" />
  </node>
  <node id="10001833" version="1" visible="true" lat="58.396710439677335" lon="26.75087383447037">
    <tag k="ele" v="57.842498779296875" />
  </node>
  <node id="10001834" version="1" visible="true" lat="58.39666546832363" lon="26.75092081161945">
    <tag k="ele" v="57.8068733215332" />
  </node>
  <node id="10001835" version="1" visible="true" lat="58.39662664686809" lon="26.750986395096938">
    <tag k="ele" v="57.7599983215332" />
  </node>
  <node id="10001836" version="1" visible="true" lat="58.39660235981678" lon="26.751078480274547">
    <tag k="ele" v="57.74250030517578" />
  </node>
  <node id="10001837" version="1" visible="true" lat="58.396601878889534" lon="26.75119673077508">
    <tag k="ele" v="57.803123474121094" />
  </node>
  <node id="10001838" version="1" visible="true" lat="58.39670181925357" lon="26.751683481866795">
    <tag k="ele" v="58.12687301635742" />
  </node>
  <node id="10001839" version="1" visible="true" lat="58.397092761490825" lon="26.752509914033343">
    <tag k="ele" v="58.97812271118164" />
  </node>
  <node id="10001840" version="1" visible="true" lat="58.39706618917975" lon="26.752408647807997">
    <tag k="ele" v="58.93124771118164" />
  </node>
  <node id="10001841" version="1" visible="true" lat="58.39703484542845" lon="26.75230820674522">
    <tag k="ele" v="58.86124801635742" />
  </node>
  <node id="10001842" version="1" visible="true" lat="58.39700655657705" lon="26.75222904046721">
    <tag k="ele" v="58.78624725341797" />
  </node>
  <node id="10001843" version="1" visible="true" lat="58.396933892811816" lon="26.752055829444664">
    <tag k="ele" v="58.62187194824219" />
  </node>
  <node id="10001844" version="1" visible="true" lat="58.39682297049901" lon="26.751812218169032">
    <tag k="ele" v="58.37437438964844" />
  </node>
  <node id="10001845" version="1" visible="true" lat="58.3968221833434" lon="26.751809965773205">
    <tag k="ele" v="58.37437438964844" />
  </node>
  <node id="10001846" version="1" visible="true" lat="58.39681035745974" lon="26.751776623414575">
    <tag k="ele" v="58.307498931884766" />
  </node>
  <node id="10001847" version="1" visible="true" lat="58.39679840002708" lon="26.751731871526587">
    <tag k="ele" v="58.28312301635742" />
  </node>
  <node id="10001848" version="1" visible="true" lat="58.396783085987714" lon="26.751626044065123">
    <tag k="ele" v="58.22437286376953" />
  </node>
  <node id="10001849" version="1" visible="true" lat="58.39678162312781" lon="26.751580503814356">
    <tag k="ele" v="58.21562194824219" />
  </node>
  <node id="10001850" version="1" visible="true" lat="58.39678372147749" lon="26.751532332253333">
    <tag k="ele" v="58.20812225341797" />
  </node>
  <node id="10001851" version="1" visible="true" lat="58.39679178601808" lon="26.75147500790229">
    <tag k="ele" v="58.18000030517578" />
  </node>
  <node id="10001852" version="1" visible="true" lat="58.39680048761767" lon="26.75144154625624">
    <tag k="ele" v="58.18499755859375" />
  </node>
  <node id="10001853" version="1" visible="true" lat="58.39681513760076" lon="26.75139715834618">
    <tag k="ele" v="58.19687271118164" />
  </node>
  <node id="10001854" version="1" visible="true" lat="58.39683113677382" lon="26.751358597174235">
    <tag k="ele" v="58.198123931884766" />
  </node>
  <node id="10001855" version="1" visible="true" lat="58.39689867028908" lon="26.751240384062992">
    <tag k="ele" v="58.24187469482422" />
  </node>
  <node id="10001856" version="1" visible="true" lat="58.396949320832896" lon="26.751155812513744">
    <tag k="ele" v="58.32875061035156" />
  </node>
  <node id="10001857" version="1" visible="true" lat="58.39697149432891" lon="26.751123936217883">
    <tag k="ele" v="58.420623779296875" />
  </node>
  <node id="10001858" version="1" visible="true" lat="58.39699557178033" lon="26.751103310579747">
    <tag k="ele" v="58.46875" />
  </node>
  <node id="10001859" version="1" visible="true" lat="58.39700717109737" lon="26.75109629248747">
    <tag k="ele" v="58.50187301635742" />
  </node>
  <node id="10001860" version="1" visible="true" lat="58.39702072594412" lon="26.75109360357796">
    <tag k="ele" v="58.55812454223633" />
  </node>
  <node id="10001861" version="1" visible="true" lat="58.39704045465685" lon="26.75110173539005">
    <tag k="ele" v="58.60749816894531" />
  </node>
  <node id="10001862" version="1" visible="true" lat="58.39706556537482" lon="26.751125743775656">
    <tag k="ele" v="58.64875030517578" />
  </node>
  <node id="10001863" version="1" visible="true" lat="58.39707555800924" lon="26.751145335507925">
    <tag k="ele" v="58.67250061035156" />
  </node>
  <node id="10001864" version="1" visible="true" lat="58.39708395285936" lon="26.751165264492755">
    <tag k="ele" v="58.698123931884766" />
  </node>
  <node id="10001865" version="1" visible="true" lat="58.397112036390126" lon="26.751247566941437">
    <tag k="ele" v="58.779998779296875" />
  </node>
  <node id="10001866" version="1" visible="true" lat="58.39712613730823" lon="26.7513018626931">
    <tag k="ele" v="58.804996490478516" />
  </node>
  <node id="10001867" version="1" visible="true" lat="58.39718558806682" lon="26.751569836244126">
    <tag k="ele" v="58.96249771118164" />
  </node>
  <node id="10001868" version="1" visible="true" lat="58.39726216904333" lon="26.75189225786468">
    <tag k="ele" v="59.20874786376953" />
  </node>
  <node id="10001869" version="1" visible="true" lat="58.39730841515251" lon="26.752102621188257">
    <tag k="ele" v="59.381874084472656" />
  </node>
  <node id="10001870" version="1" visible="true" lat="58.39732144695243" lon="26.752178404098565">
    <tag k="ele" v="59.43499755859375" />
  </node>
  <node id="10001871" version="1" visible="true" lat="58.397345652375506" lon="26.752342798933704">
    <tag k="ele" v="59.48374938964844" />
  </node>
  <node id="10001872" version="1" visible="true" lat="58.397352494281705" lon="26.75241267208597">
    <tag k="ele" v="59.50437545776367" />
  </node>
  <node id="10001873" version="1" visible="true" lat="58.397361925945766" lon="26.7525408234054">
    <tag k="ele" v="59.515625" />
  </node>
  <node id="10001874" version="1" visible="true" lat="58.3973650237758" lon="26.75262055378241">
    <tag k="ele" v="59.51937484741211" />
  </node>
  <node id="10001875" version="1" visible="true" lat="58.39736609929906" lon="26.75274699044805">
    <tag k="ele" v="59.44562530517578" />
  </node>
  <node id="10001876" version="1" visible="true" lat="58.39736247902475" lon="26.752866572762255">
    <tag k="ele" v="59.413124084472656" />
  </node>
  <node id="10001877" version="1" visible="true" lat="58.39735195897641" lon="26.753017759771367">
    <tag k="ele" v="59.318748474121094" />
  </node>
  <node id="10001878" version="1" visible="true" lat="58.39733947643462" lon="26.753141595395">
    <tag k="ele" v="59.30562210083008" />
  </node>
  <node id="10001879" version="1" visible="true" lat="58.39732732722479" lon="26.753234544995998">
    <tag k="ele" v="59.33187484741211" />
  </node>
  <node id="10001880" version="1" visible="true" lat="58.397314204658244" lon="26.75332637429953">
    <tag k="ele" v="59.32062530517578" />
  </node>
  <node id="10001881" version="1" visible="true" lat="58.39726708269203" lon="26.753623899976173">
    <tag k="ele" v="59.2974967956543" />
  </node>
  <node id="10001882" version="1" visible="true" lat="58.39725361520666" lon="26.75372170981981">
    <tag k="ele" v="59.276248931884766" />
  </node>
  <node id="10001883" version="1" visible="true" lat="58.39724074212382" lon="26.753839455189905">
    <tag k="ele" v="59.25562286376953" />
  </node>
  <node id="10001884" version="1" visible="true" lat="58.39723596846025" lon="26.75391163747329">
    <tag k="ele" v="59.26312255859375" />
  </node>
  <node id="10001885" version="1" visible="true" lat="58.39723701925116" lon="26.75399457947743">
    <tag k="ele" v="59.26937484741211" />
  </node>
  <node id="10001886" version="1" visible="true" lat="58.397239140457444" lon="26.75404455376151">
    <tag k="ele" v="59.27000045776367" />
  </node>
  <node id="10001887" version="1" visible="true" lat="58.39725026073981" lon="26.75412766755791">
    <tag k="ele" v="59.2818717956543" />
  </node>
  <node id="10001888" version="1" visible="true" lat="58.397377148841194" lon="26.754714430617398">
    <tag k="ele" v="59.44124984741211" />
  </node>
  <node id="10001889" version="1" visible="true" lat="58.397478234802" lon="26.75512201362198">
    <tag k="ele" v="59.61124801635742" />
  </node>
  <node id="10001890" version="1" visible="true" lat="58.397500985674846" lon="26.75515290957018">
    <tag k="ele" v="59.63999938964844" />
  </node>
  <node id="10001891" version="1" visible="true" lat="58.397528654043796" lon="26.75517162707077">
    <tag k="ele" v="59.65937423706055" />
  </node>
  <node id="10001892" version="1" visible="true" lat="58.397553385890085" lon="26.755176096372725">
    <tag k="ele" v="59.689998626708984" />
  </node>
  <node id="10001893" version="1" visible="true" lat="58.39758874204367" lon="26.755165855657115">
    <tag k="ele" v="59.75312423706055" />
  </node>
  <node id="10001894" version="1" visible="true" lat="58.39759675670363" lon="26.75515942051126">
    <tag k="ele" v="59.76749801635742" />
  </node>
  <node id="10001895" version="1" visible="true" lat="58.39779306977709" lon="26.754998498333833">
    <tag k="ele" v="59.96687316894531" />
  </node>
  <node id="10001896" version="1" visible="true" lat="58.39781793543903" lon="26.75497441086639">
    <tag k="ele" v="60.06562423706055" />
  </node>
  <node id="10001897" version="1" visible="true" lat="58.39782849938327" lon="26.754957915835604">
    <tag k="ele" v="60.100624084472656" />
  </node>
  <node id="10001898" version="1" visible="true" lat="58.39785105262844" lon="26.754909255845966">
    <tag k="ele" v="60.15749740600586" />
  </node>
  <node id="10001899" version="1" visible="true" lat="58.3978599559631" lon="26.75488184735936">
    <tag k="ele" v="60.16437530517578" />
  </node>
  <node id="10001900" version="1" visible="true" lat="58.39786354976564" lon="26.754840638104096">
    <tag k="ele" v="60.20499801635742" />
  </node>
  <node id="10001901" version="1" visible="true" lat="58.397865241243125" lon="26.754797636750922">
    <tag k="ele" v="60.209999084472656" />
  </node>
  <node id="10001902" version="1" visible="true" lat="58.39786116495752" lon="26.754757076643617">
    <tag k="ele" v="60.20499801635742" />
  </node>
  <node id="10001903" version="1" visible="true" lat="58.397853715756504" lon="26.754710931179975">
    <tag k="ele" v="60.19687271118164" />
  </node>
  <node id="10001904" version="1" visible="true" lat="58.39777876376125" lon="26.754376070948492">
    <tag k="ele" v="60.12249755859375" />
  </node>
  <node id="10001905" version="1" visible="true" lat="58.397701508553695" lon="26.754032722712022">
    <tag k="ele" v="59.99187469482422" />
  </node>
  <node id="10001906" version="1" visible="true" lat="58.39768489314119" lon="26.75397815608821">
    <tag k="ele" v="59.96624755859375" />
  </node>
  <node id="10001907" version="1" visible="true" lat="58.397660809209114" lon="26.75392697614494">
    <tag k="ele" v="59.90937423706055" />
  </node>
  <node id="10001908" version="1" visible="true" lat="58.39764970058625" lon="26.753909983225075">
    <tag k="ele" v="59.894996643066406" />
  </node>
  <node id="10001909" version="1" visible="true" lat="58.39763178079173" lon="26.75388256406171">
    <tag k="ele" v="59.86249923706055" />
  </node>
  <node id="10001910" version="1" visible="true" lat="58.397597720456695" lon="26.753812306204086">
    <tag k="ele" v="59.78125" />
  </node>
  <node id="10001911" version="1" visible="true" lat="58.39757162308885" lon="26.75373989866414">
    <tag k="ele" v="59.76250076293945" />
  </node>
  <node id="10001912" version="1" visible="true" lat="58.397549122355606" lon="26.75365488398358">
    <tag k="ele" v="59.71812438964844" />
  </node>
  <node id="10001913" version="1" visible="true" lat="58.39741522644191" lon="26.753063736458433">
    <tag k="ele" v="59.50312423706055" />
  </node>
  <node id="10001914" version="1" visible="true" lat="58.390247710432945" lon="26.73051290917865">
    <tag k="ele" v="51.85874938964844" />
  </node>
  <node id="10001915" version="1" visible="true" lat="58.39013357238646" lon="26.730830512372854">
    <tag k="ele" v="51.788124084472656" />
  </node>
  <node id="10001916" version="1" visible="true" lat="58.389808614712926" lon="26.73174501513861">
    <tag k="ele" v="51.494998931884766" />
  </node>
  <node id="10001917" version="1" visible="true" lat="58.389571347793705" lon="26.732411181138666">
    <tag k="ele" v="51.0099983215332" />
  </node>
  <node id="10001918" version="1" visible="true" lat="58.38928909950847" lon="26.733195873182865">
    <tag k="ele" v="50.25" />
  </node>
  <node id="10001919" version="1" visible="true" lat="58.389438881945445" lon="26.732963053778775">
    <tag k="ele" v="50.358123779296875" />
  </node>
  <node id="10001920" version="1" visible="true" lat="58.38958330355915" lon="26.73257176697133">
    <tag k="ele" v="50.70874786376953" />
  </node>
  <node id="10001921" version="1" visible="true" lat="58.389730599423096" lon="26.732163262608758">
    <tag k="ele" v="51.05562210083008" />
  </node>
  <node id="10001922" version="1" visible="true" lat="58.3898925573209" lon="26.731710732935312">
    <tag k="ele" v="51.35312271118164" />
  </node>
  <node id="10001923" version="1" visible="true" lat="58.389952746149675" lon="26.73154267011086">
    <tag k="ele" v="51.49625015258789" />
  </node>
  <node id="10001924" version="1" visible="true" lat="58.39006731703152" lon="26.73120450081007">
    <tag k="ele" v="51.54499816894531" />
  </node>
  <node id="10001925" version="1" visible="true" lat="58.390243641385595" lon="26.730703159605905">
    <tag k="ele" v="51.69187545776367" />
  </node>
  <node id="10001926" version="1" visible="true" lat="58.39045794411985" lon="26.730098574638152">
    <tag k="ele" v="51.569374084472656" />
  </node>
  <node id="10001927" version="1" visible="true" lat="58.390515575977965" lon="26.72993862502522">
    <tag k="ele" v="51.51937484741211" />
  </node>
  <node id="10001928" version="1" visible="true" lat="58.397798344612404" lon="26.754358808712556">
    <tag k="ele" v="60.13812255859375" />
  </node>
  <node id="10001929" version="1" visible="true" lat="58.39779832010724" lon="26.75435870019421">
    <tag k="ele" v="60.13812255859375" />
  </node>
  <node id="10001930" version="1" visible="true" lat="58.39772080424776" lon="26.75401427142709">
    <tag k="ele" v="60.018123626708984" />
  </node>
  <node id="10001931" version="1" visible="true" lat="58.397702420061805" lon="26.753953907050743">
    <tag k="ele" v="60.0" />
  </node>
  <node id="10001932" version="1" visible="true" lat="58.39767568196068" lon="26.75389708041225">
    <tag k="ele" v="59.959373474121094" />
  </node>
  <node id="10001933" version="1" visible="true" lat="58.397666543169635" lon="26.75388309819266">
    <tag k="ele" v="59.94312286376953" />
  </node>
  <node id="10001934" version="1" visible="true" lat="58.397646522539155" lon="26.753852466947983">
    <tag k="ele" v="59.88874816894531" />
  </node>
  <node id="10001935" version="1" visible="true" lat="58.39761460577455" lon="26.753786639610784">
    <tag k="ele" v="59.83937454223633" />
  </node>
  <node id="10001936" version="1" visible="true" lat="58.39759021007973" lon="26.753718952940645">
    <tag k="ele" v="59.80437469482422" />
  </node>
  <node id="10001937" version="1" visible="true" lat="58.397568651667314" lon="26.753637498923748">
    <tag k="ele" v="59.760623931884766" />
  </node>
  <node id="10001938" version="1" visible="true" lat="58.397435012559185" lon="26.75304747254312">
    <tag k="ele" v="59.535621643066406" />
  </node>
  <node id="10001939" version="1" visible="true" lat="58.39162224385882" lon="26.733781720960764">
    <tag k="ele" v="52.95249938964844" />
  </node>
  <node id="10001940" version="1" visible="true" lat="58.391179091281714" lon="26.734698094220875">
    <tag k="ele" v="53.256248474121094" />
  </node>
  <node id="10001941" version="1" visible="true" lat="58.38964562454341" lon="26.738262939896348">
    <tag k="ele" v="53.998748779296875" />
  </node>
  <node id="10001942" version="1" visible="true" lat="58.38971134316155" lon="26.738015863637518">
    <tag k="ele" v="54.22687530517578" />
  </node>
  <node id="10001943" version="1" visible="true" lat="58.38980599792637" lon="26.737730162833387">
    <tag k="ele" v="54.266876220703125" />
  </node>
  <node id="10001944" version="1" visible="true" lat="58.3899198237264" lon="26.737449979379974">
    <tag k="ele" v="54.08749771118164" />
  </node>
  <node id="10001945" version="1" visible="true" lat="58.39003183255598" lon="26.737185013096013">
    <tag k="ele" v="53.81187438964844" />
  </node>
  <node id="10001946" version="1" visible="true" lat="58.390316249155184" lon="26.736562627376035">
    <tag k="ele" v="53.43124771118164" />
  </node>
  <node id="10001947" version="1" visible="true" lat="58.38838368199999" lon="26.73231140694324">
    <tag k="ele" v="50.57499694824219" />
  </node>
  <node id="10001948" version="1" visible="true" lat="58.39053049174417" lon="26.735222567688147">
    <tag k="ele" v="53.07937240600586" />
  </node>
  <node id="10001949" version="1" visible="true" lat="58.39236363917415" lon="26.73231694631015">
    <tag k="ele" v="52.8125" />
  </node>
  <node id="10001950" version="1" visible="true" lat="58.38885136407134" lon="26.73294518231521">
    <tag k="ele" v="50.05249786376953" />
  </node>
  <node id="10001951" version="1" visible="true" lat="58.40490026005136" lon="26.751769481772147">
    <tag k="ele" v="60.147499084472656" />
  </node>
  <node id="10001952" version="1" visible="true" lat="58.40490570601941" lon="26.751720496760658">
    <tag k="ele" v="60.125" />
  </node>
  <node id="10001953" version="1" visible="true" lat="58.404900631754266" lon="26.75178169179326">
    <tag k="ele" v="60.135623931884766" />
  </node>
  <node id="10001954" version="1" visible="true" lat="58.40489652274005" lon="26.751821991802387">
    <tag k="ele" v="60.15562438964844" />
  </node>
  <node id="10001955" version="1" visible="true" lat="58.396560700746235" lon="26.753663260563286">
    <tag k="ele" v="58.30937194824219" />
  </node>
  <node id="10001956" version="1" visible="true" lat="58.39655512685045" lon="26.753623613866257">
    <tag k="ele" v="58.274375915527344" />
  </node>
  <node id="10001957" version="1" visible="true" lat="58.39097570748763" lon="26.731176397797228">
    <tag k="ele" v="52.83937454223633" />
  </node>
  <node id="10001958" version="1" visible="true" lat="58.392322254978026" lon="26.732264412593842">
    <tag k="ele" v="52.84812545776367" />
  </node>
  <node id="10001959" version="1" visible="true" lat="58.39751672755134" lon="26.7547110305599">
    <tag k="ele" v="59.64374923706055" />
  </node>
  <node id="10001960" version="1" visible="true" lat="58.397488211782125" lon="26.754733648894277">
    <tag k="ele" v="59.59874725341797" />
  </node>
  <node id="10001961" version="1" visible="true" lat="58.39757212121323" lon="26.7549361788552">
    <tag k="ele" v="59.72437286376953" />
  </node>
  <node id="10001962" version="1" visible="true" lat="58.397543955397126" lon="26.754959263043023">
    <tag k="ele" v="59.68437576293945" />
  </node>
  <node id="10001963" version="1" visible="true" lat="58.397514555214364" lon="26.754983358852083">
    <tag k="ele" v="59.63249969482422" />
  </node>
  <node id="10001964" version="1" visible="true" lat="58.39749666900487" lon="26.754762187511375">
    <tag k="ele" v="61.5" />
  </node>
  <node id="10001965" version="1" visible="true" lat="58.397494680683835" lon="26.754764171432395">
    <tag k="ele" v="61.5" />
  </node>
  <way id="5000000" version="1" visible="true">
    <tag k="type" v="road" />
    <nd ref="10000000" />
    <nd ref="10000001" />
    <nd ref="10000002" />
    <nd ref="10000003" />
    <nd ref="10000004" />
    <nd ref="10000005" />
    <nd ref="10000006" />
    <nd ref="10000007" />
    <nd ref="10000008" />
    <nd ref="10000009" />
    <nd ref="10000010" />
    <nd ref="10000011" />
    <nd ref="10000012" />
    <nd ref="10000013" />
    <nd ref="10000014" />
    <nd ref="10000015" />
    <nd ref="10000016" />
    <nd ref="10000017" />
    <nd ref="10000018" />
    <nd ref="10000019" />
    <nd ref="10000020" />
    <nd ref="10000021" />
    <nd ref="10000022" />
  </way>
  <way id="5000001" version="1" visible="true">
    <tag k="type" v="road" />
    <nd ref="10000023" />
    <nd ref="10000024" />
    <nd ref="10000025" />
    <nd ref="10000026" />
    <nd ref="10000027" />
    <nd ref="10000028" />
    <nd ref="10000029" />
    <nd ref="10000030" />
    <nd ref="10000031" />
    <nd ref="10000032" />
    <nd ref="10000033" />
    <nd ref="10000034" />
    <nd ref="10000035" />
    <nd ref="10000036" />
    <nd ref="10000037" />
    <nd ref="10000038" />
    <nd ref="10000039" />
    <nd ref="10000040" />
    <nd ref="10000041" />
    <nd ref="10000042" />
    <nd ref="10000043" />
    <nd ref="10000044" />
    <nd ref="10000045" />
    <nd ref="10000046" />
    <nd ref="10000047" />
    <nd ref="10000048" />
    <nd ref="10000049" />
    <nd ref="10000050" />
    <nd ref="10000051" />
    <nd ref="10000052" />
    <nd ref="10000053" />
    <nd ref="10000054" />
    <nd ref="10000055" />
    <nd ref="10000056" />
    <nd ref="10000057" />
    <nd ref="10000058" />
  </way>
  <way id="5000002" version="1" visible="true">
    <tag k="type" v="road" />
    <nd ref="10000058" />
    <nd ref="10000059" />
    <nd ref="10000060" />
    <nd ref="10000061" />
    <nd ref="10000062" />
    <nd ref="10000063" />
    <nd ref="10000064" />
    <nd ref="10000065" />
    <nd ref="10000066" />
    <nd ref="10000067" />
    <nd ref="10000068" />
    <nd ref="10000069" />
    <nd ref="10000070" />
    <nd ref="10000071" />
    <nd ref="10000072" />
    <nd ref="10000073" />
  </way>
  <way id="5000003" version="1" visible="true">
    <tag k="type" v="road" />
    <nd ref="10000022" />
    <nd ref="10000074" />
    <nd ref="10000075" />
    <nd ref="10000076" />
    <nd ref="10000077" />
    <nd ref="10000078" />
    <nd ref="10000079" />
    <nd ref="10000080" />
    <nd ref="10000081" />
    <nd ref="10000082" />
    <nd ref="10000083" />
    <nd ref="10000084" />
    <nd ref="10000085" />
    <nd ref="10000086" />
    <nd ref="10000087" />
    <nd ref="10000088" />
    <nd ref="10000089" />
    <nd ref="10000090" />
    <nd ref="10000091" />
    <nd ref="10000092" />
    <nd ref="10000093" />
    <nd ref="10000094" />
    <nd ref="10000095" />
    <nd ref="10000096" />
    <nd ref="10000097" />
    <nd ref="10000098" />
    <nd ref="10000099" />
    <nd ref="10000100" />
    <nd ref="10000101" />
    <nd ref="10000102" />
    <nd ref="10000103" />
    <nd ref="10000104" />
    <nd ref="10000105" />
    <nd ref="10000106" />
    <nd ref="10000107" />
  </way>
  <way id="5000004" version="1" visible="true">
    <tag k="type" v="road" />
    <nd ref="10000108" />
    <nd ref="10000109" />
  </way>
  <way id="5000005" version="1" visible="true">
    <tag k="type" v="road" />
    <nd ref="10000110" />
    <nd ref="10000111" />
    <nd ref="10000112" />
    <nd ref="10000113" />
    <nd ref="10000114" />
    <nd ref="10000115" />
    <nd ref="10000116" />
    <nd ref="10000117" />
    <nd ref="10000118" />
    <nd ref="10000119" />
    <nd ref="10000120" />
    <nd ref="10000121" />
    <nd ref="10000122" />
    <nd ref="10000123" />
    <nd ref="10000124" />
    <nd ref="10000125" />
    <nd ref="10000126" />
    <nd ref="10000127" />
    <nd ref="10000128" />
    <nd ref="10000129" />
    <nd ref="10000130" />
    <nd ref="10000131" />
    <nd ref="10000132" />
    <nd ref="10000133" />
    <nd ref="10000134" />
    <nd ref="10000135" />
    <nd ref="10000136" />
    <nd ref="10000137" />
    <nd ref="10000138" />
    <nd ref="10000139" />
    <nd ref="10000140" />
    <nd ref="10000141" />
    <nd ref="10000142" />
    <nd ref="10000143" />
    <nd ref="10000144" />
    <nd ref="10000145" />
    <nd ref="10000146" />
    <nd ref="10000147" />
    <nd ref="10000148" />
  </way>
  <way id="5000006" version="1" visible="true">
    <tag k="type" v="road" />
    <nd ref="10000149" />
    <nd ref="10000150" />
    <nd ref="10000151" />
    <nd ref="10000152" />
    <nd ref="10000153" />
  </way>
  <way id="5000007" version="1" visible="true">
    <tag k="type" v="road" />
    <nd ref="10000154" />
    <nd ref="10000155" />
    <nd ref="10000156" />
    <nd ref="10000157" />
    <nd ref="10000158" />
    <nd ref="10000159" />
    <nd ref="10000160" />
    <nd ref="10000161" />
  </way>
  <way id="5000008" version="1" visible="true">
    <tag k="type" v="road" />
    <nd ref="10000148" />
    <nd ref="10000162" />
    <nd ref="10000163" />
    <nd ref="10000164" />
    <nd ref="10000165" />
    <nd ref="10000149" />
  </way>
  <way id="5000009" version="1" visible="true">
    <tag k="type" v="road" />
    <nd ref="10000166" />
    <nd ref="10000167" />
    <nd ref="10000168" />
    <nd ref="10000169" />
    <nd ref="10000170" />
    <nd ref="10000171" />
    <nd ref="10000172" />
    <nd ref="10000173" />
    <nd ref="10000174" />
    <nd ref="10000175" />
    <nd ref="10000176" />
    <nd ref="10000177" />
    <nd ref="10000178" />
    <nd ref="10000179" />
  </way>
  <way id="5000010" version="1" visible="true">
    <tag k="type" v="road" />
    <nd ref="10000180" />
    <nd ref="10000181" />
    <nd ref="10000182" />
    <nd ref="10000183" />
    <nd ref="10000184" />
    <nd ref="10000185" />
    <nd ref="10000186" />
    <nd ref="10000187" />
    <nd ref="10000188" />
    <nd ref="10000189" />
    <nd ref="10000190" />
    <nd ref="10000191" />
    <nd ref="10000192" />
    <nd ref="10000193" />
    <nd ref="10000194" />
    <nd ref="10000195" />
    <nd ref="10000196" />
    <nd ref="10000197" />
    <nd ref="10000198" />
    <nd ref="10000199" />
    <nd ref="10000200" />
    <nd ref="10000201" />
    <nd ref="10000202" />
    <nd ref="10000203" />
    <nd ref="10000204" />
    <nd ref="10000205" />
  </way>
  <way id="5000011" version="1" visible="true">
    <tag k="type" v="road" />
    <nd ref="10000205" />
    <nd ref="10000206" />
    <nd ref="10000207" />
    <nd ref="10000208" />
    <nd ref="10000209" />
    <nd ref="10000210" />
    <nd ref="10000211" />
    <nd ref="10000212" />
    <nd ref="10000213" />
  </way>
  <way id="5000012" version="1" visible="true">
    <tag k="type" v="road" />
    <nd ref="10000213" />
    <nd ref="10000214" />
  </way>
  <way id="5000013" version="1" visible="true">
    <tag k="type" v="road" />
    <nd ref="10000214" />
    <nd ref="10000000" />
  </way>
  <way id="5000014" version="1" visible="true">
    <tag k="type" v="road" />
    <nd ref="10000214" />
    <nd ref="10000215" />
    <nd ref="10000216" />
    <nd ref="10000217" />
    <nd ref="10000218" />
    <nd ref="10000219" />
    <nd ref="10000220" />
  </way>
  <way id="5000015" version="1" visible="true">
    <tag k="type" v="road" />
    <nd ref="10000073" />
    <nd ref="10000108" />
  </way>
  <way id="5000016" version="1" visible="true">
    <tag k="type" v="road" />
    <nd ref="10000221" />
    <nd ref="10000222" />
    <nd ref="10000223" />
    <nd ref="10000224" />
    <nd ref="10000225" />
    <nd ref="10000226" />
    <nd ref="10000227" />
    <nd ref="10000228" />
    <nd ref="10000229" />
    <nd ref="10000230" />
    <nd ref="10000231" />
  </way>
  <way id="5000017" version="1" visible="true">
    <tag k="type" v="road" />
    <nd ref="10000232" />
    <nd ref="10000233" />
    <nd ref="10000234" />
  </way>
  <way id="5000018" version="1" visible="true">
    <tag k="type" v="road" />
    <nd ref="10000235" />
    <nd ref="10000236" />
    <nd ref="10000237" />
    <nd ref="10000238" />
    <nd ref="10000239" />
    <nd ref="10000240" />
    <nd ref="10000241" />
    <nd ref="10000242" />
    <nd ref="10000243" />
    <nd ref="10000244" />
    <nd ref="10000245" />
    <nd ref="10000246" />
    <nd ref="10000247" />
    <nd ref="10000248" />
  </way>
  <way id="5000019" version="1" visible="true">
    <tag k="type" v="road" />
    <nd ref="10000248" />
    <nd ref="10000249" />
    <nd ref="10000250" />
    <nd ref="10000251" />
    <nd ref="10000252" />
    <nd ref="10000253" />
    <nd ref="10000254" />
    <nd ref="10000255" />
    <nd ref="10000256" />
    <nd ref="10000257" />
    <nd ref="10000258" />
  </way>
  <way id="5000020" version="1" visible="true">
    <tag k="type" v="road" />
    <nd ref="10000109" />
    <nd ref="10000259" />
    <nd ref="10000260" />
    <nd ref="10000261" />
    <nd ref="10000262" />
    <nd ref="10000263" />
    <nd ref="10000264" />
    <nd ref="10000265" />
    <nd ref="10000266" />
    <nd ref="10000267" />
    <nd ref="10000268" />
    <nd ref="10000269" />
    <nd ref="10000270" />
    <nd ref="10000271" />
    <nd ref="10000272" />
    <nd ref="10000273" />
    <nd ref="10000274" />
    <nd ref="10000275" />
    <nd ref="10000276" />
    <nd ref="10000277" />
    <nd ref="10000278" />
    <nd ref="10000279" />
    <nd ref="10000280" />
    <nd ref="10000281" />
    <nd ref="10000282" />
  </way>
  <way id="5000021" version="1" visible="true">
    <tag k="type" v="road" />
    <nd ref="10000282" />
    <nd ref="10000283" />
    <nd ref="10000154" />
  </way>
  <way id="5000022" version="1" visible="true">
    <tag k="type" v="road" />
    <nd ref="10000179" />
    <nd ref="10000284" />
    <nd ref="10000285" />
    <nd ref="10000286" />
    <nd ref="10000180" />
  </way>
  <way id="5000023" version="1" visible="true">
    <tag k="type" v="road" />
    <nd ref="10000220" />
    <nd ref="10000287" />
    <nd ref="10000288" />
    <nd ref="10000289" />
  </way>
  <way id="5000024" version="1" visible="true">
    <tag k="type" v="road" />
    <nd ref="10000289" />
    <nd ref="10000290" />
    <nd ref="10000291" />
    <nd ref="10000292" />
    <nd ref="10000293" />
    <nd ref="10000294" />
    <nd ref="10000295" />
    <nd ref="10000296" />
    <nd ref="10000297" />
    <nd ref="10000298" />
  </way>
  <way id="5000025" version="1" visible="true">
    <tag k="type" v="road" />
    <nd ref="10000298" />
    <nd ref="10000299" />
    <nd ref="10000300" />
    <nd ref="10000221" />
  </way>
  <way id="5000026" version="1" visible="true">
    <tag k="type" v="road" />
    <nd ref="10000153" />
    <nd ref="10000301" />
    <nd ref="10000302" />
    <nd ref="10000303" />
    <nd ref="10000304" />
    <nd ref="10000305" />
    <nd ref="10000306" />
    <nd ref="10000307" />
    <nd ref="10000308" />
    <nd ref="10000309" />
    <nd ref="10000310" />
    <nd ref="10000311" />
    <nd ref="10000312" />
    <nd ref="10000313" />
    <nd ref="10000314" />
    <nd ref="10000315" />
    <nd ref="10000316" />
  </way>
  <way id="5000027" version="1" visible="true">
    <tag k="type" v="road" />
    <nd ref="10000316" />
    <nd ref="10000317" />
    <nd ref="10000318" />
    <nd ref="10000319" />
    <nd ref="10000320" />
    <nd ref="10000321" />
    <nd ref="10000322" />
    <nd ref="10000323" />
    <nd ref="10000324" />
    <nd ref="10000325" />
    <nd ref="10000166" />
  </way>
  <way id="5000028" version="1" visible="true">
    <tag k="type" v="road" />
    <nd ref="10000234" />
    <nd ref="10000326" />
    <nd ref="10000327" />
    <nd ref="10000328" />
    <nd ref="10000329" />
    <nd ref="10000330" />
    <nd ref="10000331" />
    <nd ref="10000332" />
    <nd ref="10000333" />
    <nd ref="10000334" />
    <nd ref="10000335" />
    <nd ref="10000336" />
  </way>
  <way id="5000029" version="1" visible="true">
    <tag k="type" v="road" />
    <nd ref="10000336" />
    <nd ref="10000337" />
    <nd ref="10000338" />
    <nd ref="10000339" />
    <nd ref="10000340" />
    <nd ref="10000341" />
    <nd ref="10000342" />
    <nd ref="10000343" />
    <nd ref="10000344" />
    <nd ref="10000345" />
    <nd ref="10000346" />
    <nd ref="10000347" />
    <nd ref="10000348" />
    <nd ref="10000349" />
    <nd ref="10000350" />
    <nd ref="10000351" />
    <nd ref="10000352" />
    <nd ref="10000353" />
    <nd ref="10000354" />
    <nd ref="10000355" />
    <nd ref="10000356" />
    <nd ref="10000357" />
    <nd ref="10000358" />
    <nd ref="10000359" />
    <nd ref="10000360" />
    <nd ref="10000361" />
    <nd ref="10000362" />
    <nd ref="10000363" />
    <nd ref="10000364" />
    <nd ref="10000365" />
    <nd ref="10000366" />
    <nd ref="10000367" />
    <nd ref="10000368" />
    <nd ref="10000369" />
    <nd ref="10000370" />
    <nd ref="10000371" />
    <nd ref="10000372" />
    <nd ref="10000373" />
    <nd ref="10000235" />
  </way>
  <way id="5000030" version="1" visible="true">
    <tag k="type" v="road" />
    <nd ref="10000374" />
    <nd ref="10000375" />
    <nd ref="10000376" />
    <nd ref="10000377" />
    <nd ref="10000378" />
    <nd ref="10000379" />
    <nd ref="10000380" />
    <nd ref="10000381" />
    <nd ref="10000382" />
    <nd ref="10000383" />
    <nd ref="10000384" />
    <nd ref="10000385" />
  </way>
  <way id="5000031" version="1" visible="true">
    <tag k="type" v="road" />
    <nd ref="10000385" />
    <nd ref="10000386" />
    <nd ref="10000387" />
    <nd ref="10000388" />
    <nd ref="10000389" />
    <nd ref="10000390" />
    <nd ref="10000391" />
    <nd ref="10000392" />
  </way>
  <way id="5000032" version="1" visible="true">
    <tag k="type" v="road" />
    <nd ref="10000393" />
    <nd ref="10000394" />
    <nd ref="10000395" />
    <nd ref="10000396" />
    <nd ref="10000397" />
    <nd ref="10000398" />
    <nd ref="10000399" />
    <nd ref="10000400" />
  </way>
  <way id="5000033" version="1" visible="true">
    <tag k="type" v="road" />
    <nd ref="10000401" />
    <nd ref="10000402" />
    <nd ref="10000403" />
    <nd ref="10000404" />
    <nd ref="10000405" />
  </way>
  <way id="5000034" version="1" visible="true">
    <tag k="type" v="road" />
    <nd ref="10000161" />
    <nd ref="10000406" />
  </way>
  <way id="5000035" version="1" visible="true">
    <tag k="type" v="road" />
    <nd ref="10000407" />
    <nd ref="10000408" />
  </way>
  <way id="5000036" version="1" visible="true">
    <tag k="type" v="road" />
    <nd ref="10000406" />
    <nd ref="10000409" />
    <nd ref="10000110" />
  </way>
  <way id="5000037" version="1" visible="true">
    <tag k="type" v="road" />
    <nd ref="10000400" />
    <nd ref="10000410" />
    <nd ref="10000411" />
    <nd ref="10000412" />
    <nd ref="10000413" />
    <nd ref="10000414" />
    <nd ref="10000415" />
    <nd ref="10000416" />
    <nd ref="10000417" />
    <nd ref="10000418" />
    <nd ref="10000419" />
    <nd ref="10000420" />
    <nd ref="10000421" />
    <nd ref="10000422" />
    <nd ref="10000423" />
    <nd ref="10000424" />
    <nd ref="10000425" />
    <nd ref="10000426" />
    <nd ref="10000427" />
    <nd ref="10000428" />
    <nd ref="10000429" />
    <nd ref="10000430" />
    <nd ref="10000431" />
    <nd ref="10000432" />
    <nd ref="10000433" />
    <nd ref="10000434" />
    <nd ref="10000435" />
    <nd ref="10000436" />
    <nd ref="10000437" />
    <nd ref="10000438" />
    <nd ref="10000439" />
    <nd ref="10000440" />
    <nd ref="10000441" />
    <nd ref="10000442" />
    <nd ref="10000443" />
    <nd ref="10000444" />
    <nd ref="10000445" />
    <nd ref="10000446" />
    <nd ref="10000447" />
    <nd ref="10000448" />
    <nd ref="10000449" />
    <nd ref="10000450" />
    <nd ref="10000451" />
    <nd ref="10000452" />
    <nd ref="10000453" />
    <nd ref="10000454" />
    <nd ref="10000455" />
    <nd ref="10000456" />
    <nd ref="10000457" />
    <nd ref="10000458" />
    <nd ref="10000459" />
    <nd ref="10000460" />
    <nd ref="10000461" />
    <nd ref="10000462" />
    <nd ref="10000463" />
    <nd ref="10000464" />
    <nd ref="10000465" />
    <nd ref="10000466" />
    <nd ref="10000467" />
    <nd ref="10000468" />
    <nd ref="10000469" />
    <nd ref="10000470" />
    <nd ref="10000471" />
    <nd ref="10000472" />
    <nd ref="10000473" />
    <nd ref="10000474" />
    <nd ref="10000475" />
    <nd ref="10000476" />
    <nd ref="10000477" />
    <nd ref="10000478" />
    <nd ref="10000479" />
    <nd ref="10000480" />
    <nd ref="10000481" />
    <nd ref="10000482" />
    <nd ref="10000483" />
    <nd ref="10000484" />
    <nd ref="10000485" />
    <nd ref="10000486" />
  </way>
  <way id="5000038" version="1" visible="true">
    <tag k="type" v="road" />
    <nd ref="10000406" />
    <nd ref="10000487" />
    <nd ref="10000488" />
    <nd ref="10000489" />
    <nd ref="10000490" />
    <nd ref="10000491" />
    <nd ref="10000400" />
  </way>
  <way id="5000039" version="1" visible="true">
    <tag k="type" v="road" />
    <nd ref="10000408" />
    <nd ref="10000161" />
  </way>
  <way id="5000040" version="1" visible="true">
    <tag k="type" v="road" />
    <nd ref="10000405" />
    <nd ref="10000492" />
    <nd ref="10000493" />
    <nd ref="10000494" />
    <nd ref="10000495" />
    <nd ref="10000496" />
    <nd ref="10000497" />
    <nd ref="10000498" />
    <nd ref="10000499" />
    <nd ref="10000500" />
    <nd ref="10000501" />
    <nd ref="10000502" />
    <nd ref="10000503" />
    <nd ref="10000504" />
    <nd ref="10000505" />
    <nd ref="10000506" />
    <nd ref="10000507" />
    <nd ref="10000508" />
    <nd ref="10000509" />
    <nd ref="10000510" />
    <nd ref="10000511" />
    <nd ref="10000512" />
    <nd ref="10000513" />
    <nd ref="10000514" />
    <nd ref="10000515" />
    <nd ref="10000516" />
    <nd ref="10000517" />
    <nd ref="10000518" />
    <nd ref="10000519" />
    <nd ref="10000520" />
    <nd ref="10000521" />
    <nd ref="10000522" />
    <nd ref="10000523" />
    <nd ref="10000524" />
    <nd ref="10000525" />
    <nd ref="10000526" />
    <nd ref="10000527" />
    <nd ref="10000528" />
    <nd ref="10000529" />
    <nd ref="10000530" />
    <nd ref="10000531" />
    <nd ref="10000532" />
    <nd ref="10000533" />
    <nd ref="10000534" />
    <nd ref="10000535" />
    <nd ref="10000536" />
    <nd ref="10000374" />
  </way>
  <way id="5000041" version="1" visible="true">
    <tag k="type" v="road" />
    <nd ref="10000408" />
    <nd ref="10000537" />
    <nd ref="10000405" />
  </way>
  <way id="5000042" version="1" visible="true">
    <tag k="type" v="road" />
    <nd ref="10000538" />
    <nd ref="10000539" />
    <nd ref="10000540" />
    <nd ref="10000541" />
    <nd ref="10000542" />
    <nd ref="10000543" />
    <nd ref="10000544" />
  </way>
  <way id="5000043" version="1" visible="true">
    <tag k="type" v="road" />
    <nd ref="10000545" />
    <nd ref="10000546" />
    <nd ref="10000547" />
  </way>
  <way id="5000044" version="1" visible="true">
    <tag k="type" v="road" />
    <nd ref="10000548" />
    <nd ref="10000549" />
    <nd ref="10000550" />
    <nd ref="10000551" />
  </way>
  <way id="5000045" version="1" visible="true">
    <tag k="type" v="road" />
    <nd ref="10000552" />
    <nd ref="10000553" />
    <nd ref="10000554" />
    <nd ref="10000555" />
    <nd ref="10000556" />
  </way>
  <way id="5000046" version="1" visible="true">
    <tag k="type" v="road" />
    <nd ref="10000557" />
    <nd ref="10000558" />
    <nd ref="10000559" />
    <nd ref="10000560" />
    <nd ref="10000561" />
    <nd ref="10000562" />
  </way>
  <way id="5000047" version="1" visible="true">
    <tag k="type" v="road" />
    <nd ref="10000563" />
    <nd ref="10000564" />
    <nd ref="10000565" />
    <nd ref="10000566" />
    <nd ref="10000567" />
    <nd ref="10000568" />
    <nd ref="10000569" />
    <nd ref="10000570" />
    <nd ref="10000571" />
  </way>
  <way id="5000048" version="1" visible="true">
    <tag k="type" v="road" />
    <nd ref="10000572" />
    <nd ref="10000573" />
    <nd ref="10000574" />
    <nd ref="10000575" />
  </way>
  <way id="5000049" version="1" visible="true">
    <tag k="type" v="road" />
    <nd ref="10000547" />
    <nd ref="10000576" />
  </way>
  <way id="5000050" version="1" visible="true">
    <tag k="type" v="road" />
    <nd ref="10000577" />
    <nd ref="10000578" />
    <nd ref="10000579" />
  </way>
  <way id="5000051" version="1" visible="true">
    <tag k="type" v="road" />
    <nd ref="10000544" />
    <nd ref="10000580" />
    <nd ref="10000581" />
    <nd ref="10000581" />
    <nd ref="10000582" />
    <nd ref="10000582" />
    <nd ref="10000582" />
    <nd ref="10000583" />
    <nd ref="10000583" />
    <nd ref="10000584" />
    <nd ref="10000585" />
    <nd ref="10000586" />
  </way>
  <way id="5000052" version="1" visible="true">
    <tag k="type" v="road" />
    <nd ref="10000575" />
    <nd ref="10000587" />
    <nd ref="10000588" />
    <nd ref="10000589" />
    <nd ref="10000590" />
    <nd ref="10000591" />
  </way>
  <way id="5000053" version="1" visible="true">
    <tag k="type" v="road" />
    <nd ref="10000592" />
    <nd ref="10000593" />
    <nd ref="10000594" />
    <nd ref="10000595" />
    <nd ref="10000577" />
  </way>
  <way id="5000054" version="1" visible="true">
    <tag k="type" v="road" />
    <nd ref="10000596" />
    <nd ref="10000597" />
  </way>
  <way id="5000055" version="1" visible="true">
    <tag k="type" v="road" />
    <nd ref="10000598" />
    <nd ref="10000599" />
    <nd ref="10000600" />
    <nd ref="10000601" />
    <nd ref="10000602" />
    <nd ref="10000603" />
    <nd ref="10000604" />
    <nd ref="10000605" />
    <nd ref="10000606" />
  </way>
  <way id="5000056" version="1" visible="true">
    <tag k="type" v="road" />
    <nd ref="10000571" />
    <nd ref="10000607" />
    <nd ref="10000608" />
  </way>
  <way id="5000057" version="1" visible="true">
    <tag k="type" v="road" />
    <nd ref="10000609" />
    <nd ref="10000610" />
    <nd ref="10000611" />
    <nd ref="10000612" />
    <nd ref="10000613" />
    <nd ref="10000614" />
    <nd ref="10000615" />
    <nd ref="10000616" />
    <nd ref="10000617" />
  </way>
  <way id="5000058" version="1" visible="true">
    <tag k="type" v="road" />
    <nd ref="10000556" />
    <nd ref="10000618" />
  </way>
  <way id="5000059" version="1" visible="true">
    <tag k="type" v="road" />
    <nd ref="10000544" />
    <nd ref="10000619" />
    <nd ref="10000620" />
    <nd ref="10000621" />
    <nd ref="10000621" />
    <nd ref="10000622" />
    <nd ref="10000623" />
    <nd ref="10000624" />
    <nd ref="10000625" />
    <nd ref="10000626" />
    <nd ref="10000627" />
    <nd ref="10000628" />
    <nd ref="10000629" />
    <nd ref="10000630" />
    <nd ref="10000631" />
    <nd ref="10000632" />
    <nd ref="10000633" />
    <nd ref="10000596" />
  </way>
  <way id="5000060" version="1" visible="true">
    <tag k="type" v="road" />
    <nd ref="10000592" />
    <nd ref="10000634" />
    <nd ref="10000635" />
    <nd ref="10000636" />
    <nd ref="10000637" />
    <nd ref="10000638" />
    <nd ref="10000639" />
    <nd ref="10000640" />
    <nd ref="10000641" />
    <nd ref="10000642" />
    <nd ref="10000643" />
    <nd ref="10000644" />
    <nd ref="10000645" />
    <nd ref="10000646" />
    <nd ref="10000575" />
  </way>
  <way id="5000061" version="1" visible="true">
    <tag k="type" v="road" />
    <nd ref="10000547" />
    <nd ref="10000647" />
    <nd ref="10000648" />
    <nd ref="10000649" />
    <nd ref="10000650" />
    <nd ref="10000651" />
    <nd ref="10000652" />
    <nd ref="10000653" />
    <nd ref="10000654" />
    <nd ref="10000655" />
    <nd ref="10000656" />
    <nd ref="10000657" />
    <nd ref="10000658" />
    <nd ref="10000575" />
  </way>
  <way id="5000062" version="1" visible="true">
    <tag k="type" v="road" />
    <nd ref="10000544" />
    <nd ref="10000659" />
    <nd ref="10000660" />
  </way>
  <way id="5000063" version="1" visible="true">
    <tag k="type" v="road" />
    <nd ref="10000661" />
    <nd ref="10000662" />
  </way>
  <way id="5000064" version="1" visible="true">
    <tag k="type" v="road" />
    <nd ref="10000663" />
    <nd ref="10000664" />
    <nd ref="10000665" />
  </way>
  <way id="5000065" version="1" visible="true">
    <tag k="type" v="road" />
    <nd ref="10000551" />
    <nd ref="10000609" />
  </way>
  <way id="5000066" version="1" visible="true">
    <tag k="type" v="road" />
    <nd ref="10000618" />
    <nd ref="10000666" />
    <nd ref="10000667" />
    <nd ref="10000668" />
  </way>
  <way id="5000067" version="1" visible="true">
    <tag k="type" v="road" />
    <nd ref="10000597" />
    <nd ref="10000663" />
  </way>
  <way id="5000068" version="1" visible="true">
    <tag k="type" v="road" />
    <nd ref="10000662" />
    <nd ref="10000669" />
    <nd ref="10000592" />
  </way>
  <way id="5000069" version="1" visible="true">
    <tag k="type" v="road" />
    <nd ref="10000597" />
    <nd ref="10000670" />
    <nd ref="10000671" />
    <nd ref="10000672" />
    <nd ref="10000673" />
    <nd ref="10000674" />
    <nd ref="10000675" />
    <nd ref="10000676" />
    <nd ref="10000677" />
    <nd ref="10000678" />
    <nd ref="10000679" />
    <nd ref="10000680" />
    <nd ref="10000681" />
    <nd ref="10000618" />
  </way>
  <way id="5000070" version="1" visible="true">
    <tag k="type" v="road" />
    <nd ref="10000597" />
    <nd ref="10000682" />
    <nd ref="10000683" />
    <nd ref="10000684" />
    <nd ref="10000685" />
    <nd ref="10000686" />
    <nd ref="10000687" />
    <nd ref="10000688" />
    <nd ref="10000689" />
    <nd ref="10000690" />
    <nd ref="10000691" />
    <nd ref="10000692" />
    <nd ref="10000609" />
  </way>
  <way id="5000071" version="1" visible="true">
    <tag k="type" v="road" />
    <nd ref="10000556" />
    <nd ref="10000693" />
    <nd ref="10000694" />
    <nd ref="10000695" />
    <nd ref="10000696" />
    <nd ref="10000697" />
    <nd ref="10000698" />
    <nd ref="10000699" />
    <nd ref="10000700" />
    <nd ref="10000701" />
    <nd ref="10000702" />
    <nd ref="10000703" />
    <nd ref="10000663" />
  </way>
  <way id="5000072" version="1" visible="true">
    <tag k="type" v="road" />
    <nd ref="10000556" />
    <nd ref="10000704" />
    <nd ref="10000705" />
    <nd ref="10000706" />
    <nd ref="10000707" />
    <nd ref="10000708" />
    <nd ref="10000709" />
    <nd ref="10000710" />
    <nd ref="10000711" />
    <nd ref="10000712" />
    <nd ref="10000713" />
    <nd ref="10000714" />
    <nd ref="10000715" />
    <nd ref="10000662" />
  </way>
  <way id="5000073" version="1" visible="true">
    <tag k="type" v="road" />
    <nd ref="10000551" />
    <nd ref="10000716" />
    <nd ref="10000717" />
    <nd ref="10000718" />
    <nd ref="10000719" />
    <nd ref="10000720" />
    <nd ref="10000721" />
    <nd ref="10000722" />
    <nd ref="10000723" />
    <nd ref="10000724" />
    <nd ref="10000662" />
  </way>
  <way id="5000074" version="1" visible="true">
    <tag k="type" v="road" />
    <nd ref="10000551" />
    <nd ref="10000725" />
    <nd ref="10000726" />
    <nd ref="10000727" />
    <nd ref="10000728" />
    <nd ref="10000729" />
    <nd ref="10000730" />
    <nd ref="10000731" />
    <nd ref="10000732" />
    <nd ref="10000733" />
    <nd ref="10000663" />
  </way>
  <way id="5000075" version="1" visible="true">
    <tag k="type" v="road" />
    <nd ref="10000661" />
    <nd ref="10000734" />
    <nd ref="10000735" />
    <nd ref="10000736" />
    <nd ref="10000737" />
    <nd ref="10000738" />
    <nd ref="10000739" />
    <nd ref="10000740" />
    <nd ref="10000741" />
    <nd ref="10000742" />
    <nd ref="10000743" />
    <nd ref="10000744" />
    <nd ref="10000618" />
  </way>
  <way id="5000076" version="1" visible="true">
    <tag k="type" v="road" />
    <nd ref="10000661" />
    <nd ref="10000745" />
    <nd ref="10000746" />
    <nd ref="10000747" />
    <nd ref="10000748" />
    <nd ref="10000749" />
    <nd ref="10000750" />
    <nd ref="10000751" />
    <nd ref="10000752" />
    <nd ref="10000609" />
  </way>
  <way id="5000077" version="1" visible="true">
    <tag k="type" v="road" />
    <nd ref="10000753" />
    <nd ref="10000754" />
    <nd ref="10000755" />
    <nd ref="10000661" />
  </way>
  <way id="5000078" version="1" visible="true">
    <tag k="type" v="road" />
    <nd ref="10000665" />
    <nd ref="10000756" />
    <nd ref="10000757" />
    <nd ref="10000758" />
    <nd ref="10000759" />
    <nd ref="10000760" />
    <nd ref="10000761" />
    <nd ref="10000762" />
    <nd ref="10000763" />
    <nd ref="10000764" />
    <nd ref="10000765" />
    <nd ref="10000766" />
    <nd ref="10000598" />
  </way>
  <way id="5000079" version="1" visible="true">
    <tag k="type" v="road" />
    <nd ref="10000665" />
    <nd ref="10000767" />
    <nd ref="10000768" />
    <nd ref="10000769" />
    <nd ref="10000770" />
    <nd ref="10000771" />
    <nd ref="10000772" />
    <nd ref="10000773" />
    <nd ref="10000774" />
    <nd ref="10000775" />
    <nd ref="10000608" />
  </way>
  <way id="5000080" version="1" visible="true">
    <tag k="type" v="road" />
    <nd ref="10000562" />
    <nd ref="10000598" />
  </way>
  <way id="5000081" version="1" visible="true">
    <tag k="type" v="road" />
    <nd ref="10000608" />
    <nd ref="10000776" />
    <nd ref="10000777" />
    <nd ref="10000778" />
    <nd ref="10000779" />
    <nd ref="10000780" />
    <nd ref="10000781" />
    <nd ref="10000782" />
  </way>
  <way id="5000082" version="1" visible="true">
    <tag k="type" v="road" />
    <nd ref="10000562" />
    <nd ref="10000783" />
    <nd ref="10000784" />
    <nd ref="10000785" />
    <nd ref="10000786" />
    <nd ref="10000787" />
    <nd ref="10000788" />
    <nd ref="10000789" />
    <nd ref="10000790" />
    <nd ref="10000791" />
    <nd ref="10000792" />
    <nd ref="10000793" />
    <nd ref="10000794" />
    <nd ref="10000753" />
  </way>
  <way id="5000083" version="1" visible="true">
    <tag k="type" v="road" />
    <nd ref="10000571" />
    <nd ref="10000795" />
    <nd ref="10000796" />
    <nd ref="10000797" />
    <nd ref="10000798" />
    <nd ref="10000799" />
    <nd ref="10000800" />
    <nd ref="10000801" />
    <nd ref="10000802" />
    <nd ref="10000803" />
    <nd ref="10000804" />
    <nd ref="10000805" />
    <nd ref="10000753" />
  </way>
  <way id="5000084" version="1" visible="true">
    <tag k="type" v="road" />
    <nd ref="10000576" />
    <nd ref="10000806" />
  </way>
  <way id="5000085" version="1" visible="true">
    <tag k="type" v="road" />
    <nd ref="10000806" />
    <nd ref="10000596" />
  </way>
  <way id="5000086" version="1" visible="true">
    <tag k="type" v="road" />
    <nd ref="10000617" />
    <nd ref="10000807" />
    <nd ref="10000808" />
  </way>
  <way id="5000087" version="1" visible="true">
    <tag k="type" v="road" />
    <nd ref="10000660" />
    <nd ref="10000809" />
    <nd ref="10000810" />
    <nd ref="10000811" />
    <nd ref="10000812" />
    <nd ref="10000813" />
    <nd ref="10000814" />
    <nd ref="10000815" />
    <nd ref="10000816" />
    <nd ref="10000817" />
    <nd ref="10000818" />
    <nd ref="10000819" />
    <nd ref="10000820" />
    <nd ref="10000821" />
  </way>
  <way id="5000088" version="1" visible="true">
    <tag k="type" v="road" />
    <nd ref="10000821" />
    <nd ref="10000822" />
    <nd ref="10000823" />
    <nd ref="10000824" />
  </way>
  <way id="5000089" version="1" visible="true">
    <tag k="type" v="road" />
    <nd ref="10000824" />
    <nd ref="10000577" />
  </way>
  <way id="5000090" version="1" visible="true">
    <tag k="type" v="virtual" />
    <nd ref="10000825" />
    <nd ref="10000826" />
  </way>
  <way id="5000091" version="1" visible="true">
    <tag k="type" v="virtual" />
    <nd ref="10000827" />
    <nd ref="10000828" />
  </way>
  <way id="5000092" version="1" visible="true">
    <tag k="type" v="fence" />
    <nd ref="10000829" />
    <nd ref="10000830" />
  </way>
  <way id="5000093" version="1" visible="true">
    <tag k="type" v="fence" />
    <nd ref="10000831" />
    <nd ref="10000832" />
  </way>
  <way id="5000094" version="1" visible="true">
    <tag k="type" v="fence" />
    <nd ref="10000833" />
    <nd ref="10000834" />
  </way>
  <way id="5000095" version="1" visible="true">
    <tag k="type" v="fence" />
    <nd ref="10000835" />
    <nd ref="10000833" />
  </way>
  <way id="5000096" version="1" visible="true">
    <tag k="type" v="road_border" />
    <nd ref="10000836" />
    <nd ref="10000837" />
    <nd ref="10000838" />
    <nd ref="10000839" />
    <nd ref="10000840" />
    <nd ref="10000841" />
    <nd ref="10000842" />
  </way>
  <way id="5000097" version="1" visible="true">
    <tag k="type" v="road_border" />
    <nd ref="10000843" />
    <nd ref="10000844" />
  </way>
  <way id="5000098" version="1" visible="true">
    <tag k="type" v="road_border" />
    <nd ref="10000845" />
    <nd ref="10000846" />
  </way>
  <way id="5000099" version="1" visible="true">
    <tag k="type" v="fence" />
    <nd ref="10000847" />
    <nd ref="10000848" />
  </way>
  <way id="5000100" version="1" visible="true">
    <tag k="type" v="fence" />
    <nd ref="10000848" />
    <nd ref="10000835" />
  </way>
  <way id="5000101" version="1" visible="true">
    <tag k="type" v="road_border" />
    <nd ref="10000849" />
    <nd ref="10000850" />
  </way>
  <way id="5000102" version="1" visible="true">
    <tag k="type" v="road_border" />
    <nd ref="10000851" />
    <nd ref="10000852" />
    <nd ref="10000853" />
    <nd ref="10000854" />
    <nd ref="10000855" />
    <nd ref="10000856" />
    <nd ref="10000857" />
    <nd ref="10000858" />
  </way>
  <way id="5000103" version="1" visible="true">
    <tag k="type" v="road_border" />
    <nd ref="10000859" />
    <nd ref="10000860" />
  </way>
  <way id="5000104" version="1" visible="true">
    <tag k="type" v="road_border" />
    <nd ref="10000861" />
    <nd ref="10000862" />
  </way>
  <way id="5000105" version="1" visible="true">
    <tag k="type" v="virtual" />
    <nd ref="10000863" />
    <nd ref="10000864" />
  </way>
  <way id="5000106" version="1" visible="true">
    <tag k="type" v="virtual" />
    <nd ref="10000865" />
    <nd ref="10000866" />
  </way>
  <way id="5000107" version="1" visible="true">
    <tag k="type" v="fence" />
    <nd ref="10000834" />
    <nd ref="10000867" />
  </way>
  <way id="5000108" version="1" visible="true">
    <tag k="type" v="road_border" />
    <nd ref="10000842" />
    <nd ref="10000868" />
  </way>
  <way id="5000109" version="1" visible="true">
    <tag k="type" v="road_border" />
    <nd ref="10000868" />
    <nd ref="10000869" />
    <nd ref="10000870" />
  </way>
  <way id="5000110" version="1" visible="true">
    <tag k="type" v="road_border" />
    <nd ref="10000870" />
    <nd ref="10000871" />
  </way>
  <way id="5000111" version="1" visible="true">
    <tag k="type" v="road_border" />
    <nd ref="10000871" />
    <nd ref="10000872" />
  </way>
  <way id="5000112" version="1" visible="true">
    <tag k="type" v="road_border" />
    <nd ref="10000872" />
    <nd ref="10000873" />
  </way>
  <way id="5000113" version="1" visible="true">
    <tag k="type" v="road_border" />
    <nd ref="10000873" />
    <nd ref="10000874" />
  </way>
  <way id="5000114" version="1" visible="true">
    <tag k="type" v="road_border" />
    <nd ref="10000874" />
    <nd ref="10000875" />
  </way>
  <way id="5000115" version="1" visible="true">
    <tag k="type" v="road_border" />
    <nd ref="10000844" />
    <nd ref="10000876" />
  </way>
  <way id="5000116" version="1" visible="true">
    <tag k="type" v="road_border" />
    <nd ref="10000850" />
    <nd ref="10000877" />
    <nd ref="10000878" />
  </way>
  <way id="5000117" version="1" visible="true">
    <tag k="type" v="road_border" />
    <nd ref="10000878" />
    <nd ref="10000879" />
    <nd ref="10000880" />
    <nd ref="10000881" />
    <nd ref="10000882" />
    <nd ref="10000883" />
    <nd ref="10000884" />
    <nd ref="10000885" />
  </way>
  <way id="5000118" version="1" visible="true">
    <tag k="type" v="road_border" />
    <nd ref="10000858" />
    <nd ref="10000886" />
    <nd ref="10000887" />
    <nd ref="10000888" />
  </way>
  <way id="5000119" version="1" visible="true">
    <tag k="type" v="virtual" />
    <nd ref="10000889" />
    <nd ref="10000890" />
  </way>
  <way id="5000120" version="1" visible="true">
    <tag k="type" v="virtual" />
    <nd ref="10000891" />
    <nd ref="10000892" />
  </way>
  <way id="5000121" version="1" visible="true">
    <tag k="type" v="virtual" />
    <nd ref="10000864" />
    <nd ref="10000893" />
  </way>
  <way id="5000122" version="1" visible="true">
    <tag k="type" v="virtual" />
    <nd ref="10000864" />
    <nd ref="10000894" />
    <nd ref="10000890" />
  </way>
  <way id="5000123" version="1" visible="true">
    <tag k="type" v="virtual" />
    <nd ref="10000866" />
    <nd ref="10000895" />
  </way>
  <way id="5000124" version="1" visible="true">
    <tag k="type" v="virtual" />
    <nd ref="10000866" />
    <nd ref="10000896" />
    <nd ref="10000897" />
    <nd ref="10000898" />
  </way>
  <way id="5000125" version="1" visible="true">
    <tag k="type" v="virtual" />
    <nd ref="10000899" />
    <nd ref="10000900" />
    <nd ref="10000901" />
    <nd ref="10000902" />
    <nd ref="10000903" />
    <nd ref="10000904" />
    <nd ref="10000905" />
    <nd ref="10000906" />
    <nd ref="10000907" />
    <nd ref="10000908" />
    <nd ref="10000909" />
    <nd ref="10000910" />
    <nd ref="10000911" />
    <nd ref="10000912" />
    <nd ref="10000913" />
    <nd ref="10000914" />
    <nd ref="10000915" />
    <nd ref="10000916" />
    <nd ref="10000917" />
    <nd ref="10000918" />
    <nd ref="10000919" />
    <nd ref="10000920" />
    <nd ref="10000921" />
    <nd ref="10000922" />
    <nd ref="10000923" />
    <nd ref="10000924" />
    <nd ref="10000925" />
    <nd ref="10000926" />
    <nd ref="10000927" />
    <nd ref="10000928" />
    <nd ref="10000929" />
    <nd ref="10000930" />
    <nd ref="10000931" />
    <nd ref="10000932" />
    <nd ref="10000933" />
    <nd ref="10000934" />
    <nd ref="10000935" />
  </way>
  <way id="5000126" version="1" visible="true">
    <tag k="type" v="virtual" />
    <nd ref="10000936" />
    <nd ref="10000937" />
  </way>
  <way id="5000127" version="1" visible="true">
    <tag k="type" v="virtual" />
    <nd ref="10000890" />
    <nd ref="10000938" />
    <nd ref="10000939" />
    <nd ref="10000940" />
    <nd ref="10000941" />
    <nd ref="10000942" />
    <nd ref="10000943" />
    <nd ref="10000944" />
    <nd ref="10000945" />
    <nd ref="10000946" />
    <nd ref="10000947" />
    <nd ref="10000948" />
    <nd ref="10000949" />
    <nd ref="10000950" />
    <nd ref="10000951" />
    <nd ref="10000952" />
    <nd ref="10000953" />
    <nd ref="10000954" />
    <nd ref="10000955" />
    <nd ref="10000956" />
  </way>
  <way id="5000128" version="1" visible="true">
    <tag k="type" v="virtual" />
    <nd ref="10000957" />
    <nd ref="10000958" />
  </way>
  <way id="5000129" version="1" visible="true">
    <tag k="type" v="virtual" />
    <nd ref="10000898" />
    <nd ref="10000959" />
    <nd ref="10000960" />
    <nd ref="10000961" />
    <nd ref="10000962" />
    <nd ref="10000963" />
    <nd ref="10000964" />
    <nd ref="10000965" />
    <nd ref="10000966" />
    <nd ref="10000967" />
    <nd ref="10000968" />
    <nd ref="10000969" />
    <nd ref="10000970" />
    <nd ref="10000971" />
    <nd ref="10000972" />
    <nd ref="10000973" />
    <nd ref="10000974" />
    <nd ref="10000975" />
    <nd ref="10000976" />
    <nd ref="10000977" />
    <nd ref="10000978" />
    <nd ref="10000979" />
    <nd ref="10000980" />
    <nd ref="10000981" />
    <nd ref="10000982" />
    <nd ref="10000983" />
    <nd ref="10000984" />
    <nd ref="10000985" />
    <nd ref="10000986" />
    <nd ref="10000987" />
    <nd ref="10000988" />
    <nd ref="10000989" />
    <nd ref="10000990" />
    <nd ref="10000991" />
    <nd ref="10000992" />
    <nd ref="10000993" />
    <nd ref="10000994" />
    <nd ref="10000995" />
    <nd ref="10000996" />
    <nd ref="10000997" />
    <nd ref="10000998" />
    <nd ref="10000999" />
    <nd ref="10001000" />
    <nd ref="10001001" />
    <nd ref="10001002" />
    <nd ref="10001003" />
  </way>
  <way id="5000130" version="1" visible="true">
    <tag k="type" v="virtual" />
    <nd ref="10001004" />
    <nd ref="10001005" />
    <nd ref="10001006" />
    <nd ref="10001007" />
    <nd ref="10001008" />
    <nd ref="10001009" />
    <nd ref="10001010" />
  </way>
  <way id="5000131" version="1" visible="true">
    <tag k="type" v="virtual" />
    <nd ref="10001011" />
    <nd ref="10001012" />
    <nd ref="10001013" />
    <nd ref="10001014" />
    <nd ref="10001015" />
    <nd ref="10001016" />
    <nd ref="10001017" />
    <nd ref="10001018" />
  </way>
  <way id="5000132" version="1" visible="true">
    <tag k="type" v="virtual" />
    <nd ref="10001019" />
    <nd ref="10001020" />
    <nd ref="10001021" />
    <nd ref="10001022" />
    <nd ref="10001010" />
  </way>
  <way id="5000133" version="1" visible="true">
    <tag k="type" v="virtual" />
    <nd ref="10001023" />
    <nd ref="10001024" />
    <nd ref="10001025" />
    <nd ref="10001026" />
    <nd ref="10001018" />
  </way>
  <way id="5000134" version="1" visible="true">
    <tag k="type" v="virtual" />
    <nd ref="10001010" />
    <nd ref="10001027" />
    <nd ref="10001028" />
    <nd ref="10001029" />
    <nd ref="10001030" />
    <nd ref="10001031" />
    <nd ref="10001032" />
    <nd ref="10001033" />
    <nd ref="10001034" />
    <nd ref="10001035" />
    <nd ref="10001036" />
    <nd ref="10001037" />
    <nd ref="10001038" />
    <nd ref="10001039" />
    <nd ref="10001040" />
    <nd ref="10001041" />
    <nd ref="10001042" />
    <nd ref="10001043" />
    <nd ref="10001044" />
    <nd ref="10001045" />
    <nd ref="10001046" />
    <nd ref="10001047" />
    <nd ref="10001048" />
    <nd ref="10001049" />
    <nd ref="10001050" />
    <nd ref="10001051" />
    <nd ref="10001052" />
    <nd ref="10001053" />
    <nd ref="10001054" />
    <nd ref="10001055" />
    <nd ref="10001056" />
    <nd ref="10001057" />
    <nd ref="10001058" />
    <nd ref="10001059" />
    <nd ref="10001060" />
    <nd ref="10001061" />
  </way>
  <way id="5000135" version="1" visible="true">
    <tag k="type" v="virtual" />
    <nd ref="10001018" />
    <nd ref="10001062" />
    <nd ref="10001063" />
    <nd ref="10001064" />
    <nd ref="10001065" />
    <nd ref="10001066" />
    <nd ref="10001067" />
    <nd ref="10001068" />
    <nd ref="10001069" />
    <nd ref="10001070" />
    <nd ref="10001071" />
    <nd ref="10001072" />
    <nd ref="10001073" />
    <nd ref="10001074" />
    <nd ref="10001075" />
    <nd ref="10001076" />
    <nd ref="10001077" />
    <nd ref="10001078" />
    <nd ref="10001079" />
    <nd ref="10001080" />
    <nd ref="10001081" />
    <nd ref="10001082" />
    <nd ref="10001083" />
    <nd ref="10001084" />
    <nd ref="10001085" />
    <nd ref="10001086" />
    <nd ref="10001087" />
    <nd ref="10001088" />
    <nd ref="10001089" />
    <nd ref="10001090" />
    <nd ref="10001091" />
    <nd ref="10001092" />
    <nd ref="10001093" />
    <nd ref="10001094" />
    <nd ref="10001095" />
    <nd ref="10001096" />
  </way>
  <way id="5000136" version="1" visible="true">
    <tag k="type" v="virtual" />
    <nd ref="10001097" />
    <nd ref="10001098" />
    <nd ref="10001099" />
    <nd ref="10001100" />
    <nd ref="10001101" />
    <nd ref="10001102" />
    <nd ref="10001103" />
  </way>
  <way id="5000137" version="1" visible="true">
    <tag k="type" v="virtual" />
    <nd ref="10001104" />
    <nd ref="10001105" />
    <nd ref="10001106" />
    <nd ref="10001107" />
    <nd ref="10001108" />
    <nd ref="10001109" />
    <nd ref="10001110" />
    <nd ref="10001111" />
  </way>
  <way id="5000138" version="1" visible="true">
    <tag k="type" v="virtual" />
    <nd ref="10001112" />
    <nd ref="10001113" />
    <nd ref="10001114" />
    <nd ref="10001115" />
    <nd ref="10001116" />
    <nd ref="10001117" />
    <nd ref="10001118" />
    <nd ref="10001119" />
    <nd ref="10001120" />
    <nd ref="10001121" />
    <nd ref="10001122" />
    <nd ref="10001123" />
    <nd ref="10001124" />
    <nd ref="10001125" />
    <nd ref="10001126" />
    <nd ref="10001127" />
  </way>
  <way id="5000139" version="1" visible="true">
    <tag k="type" v="virtual" />
    <nd ref="10001128" />
    <nd ref="10001129" />
    <nd ref="10001130" />
    <nd ref="10001131" />
    <nd ref="10001132" />
    <nd ref="10001133" />
    <nd ref="10001134" />
    <nd ref="10001135" />
    <nd ref="10001136" />
    <nd ref="10001137" />
    <nd ref="10001138" />
    <nd ref="10001139" />
    <nd ref="10001140" />
    <nd ref="10001141" />
    <nd ref="10001142" />
    <nd ref="10001143" />
    <nd ref="10001144" />
    <nd ref="10001145" />
    <nd ref="10001146" />
  </way>
  <way id="5000140" version="1" visible="true">
    <tag k="type" v="virtual" />
    <nd ref="10000957" />
    <nd ref="10001147" />
    <nd ref="10001148" />
    <nd ref="10001149" />
    <nd ref="10001150" />
    <nd ref="10001151" />
    <nd ref="10001152" />
    <nd ref="10001153" />
  </way>
  <way id="5000141" version="1" visible="true">
    <tag k="type" v="curbstone" />
    <nd ref="10001154" />
    <nd ref="10001154" />
  </way>
  <way id="5000142" version="1" visible="true">
    <tag k="type" v="curbstone" />
    <nd ref="10001155" />
    <nd ref="10001156" />
    <nd ref="10001157" />
    <nd ref="10001158" />
    <nd ref="10001159" />
  </way>
  <way id="5000143" version="1" visible="true">
    <tag k="type" v="curbstone" />
    <nd ref="10001159" />
    <nd ref="10001160" />
  </way>
  <way id="5000144" version="1" visible="true">
    <tag k="type" v="curbstone" />
    <nd ref="10001161" />
    <nd ref="10001162" />
    <nd ref="10001163" />
    <nd ref="10001164" />
  </way>
  <way id="5000145" version="1" visible="true">
    <tag k="type" v="curbstone" />
    <nd ref="10001164" />
    <nd ref="10001165" />
  </way>
  <way id="5000146" version="1" visible="true">
    <tag k="type" v="virtual" />
    <nd ref="10001153" />
    <nd ref="10001166" />
  </way>
  <way id="5000147" version="1" visible="true">
    <tag k="type" v="virtual" />
    <nd ref="10001166" />
    <nd ref="10001167" />
    <nd ref="10001168" />
    <nd ref="10001169" />
    <nd ref="10001170" />
    <nd ref="10001171" />
    <nd ref="10001172" />
    <nd ref="10001173" />
    <nd ref="10001174" />
    <nd ref="10001175" />
  </way>
  <way id="5000148" version="1" visible="true">
    <tag k="type" v="virtual" />
    <nd ref="10001176" />
    <nd ref="10001177" />
    <nd ref="10001178" />
    <nd ref="10001179" />
    <nd ref="10001180" />
    <nd ref="10001181" />
    <nd ref="10001182" />
    <nd ref="10001183" />
    <nd ref="10001184" />
  </way>
  <way id="5000149" version="1" visible="true">
    <tag k="type" v="virtual" />
    <nd ref="10001185" />
    <nd ref="10001186" />
    <nd ref="10001187" />
    <nd ref="10001188" />
  </way>
  <way id="5000150" version="1" visible="true">
    <tag k="type" v="virtual" />
    <nd ref="10001189" />
    <nd ref="10001190" />
    <nd ref="10001191" />
  </way>
  <way id="5000151" version="1" visible="true">
    <tag k="type" v="virtual" />
    <nd ref="10001192" />
    <nd ref="10001193" />
    <nd ref="10001194" />
    <nd ref="10001195" />
    <nd ref="10001196" />
    <nd ref="10001197" />
  </way>
  <way id="5000152" version="1" visible="true">
    <tag k="type" v="virtual" />
    <nd ref="10001198" />
    <nd ref="10001199" />
    <nd ref="10001200" />
    <nd ref="10001201" />
  </way>
  <way id="5000153" version="1" visible="true">
    <tag k="type" v="virtual" />
    <nd ref="10001202" />
    <nd ref="10001203" />
    <nd ref="10001204" />
    <nd ref="10001205" />
    <nd ref="10001206" />
  </way>
  <way id="5000154" version="1" visible="true">
    <tag k="type" v="virtual" />
    <nd ref="10001207" />
    <nd ref="10001208" />
    <nd ref="10001209" />
  </way>
  <way id="5000155" version="1" visible="true">
    <tag k="type" v="virtual" />
    <nd ref="10001210" />
    <nd ref="10001211" />
  </way>
  <way id="5000156" version="1" visible="true">
    <tag k="type" v="virtual" />
    <nd ref="10001212" />
    <nd ref="10001213" />
    <nd ref="10001214" />
    <nd ref="10001215" />
  </way>
  <way id="5000157" version="1" visible="true">
    <tag k="type" v="virtual" />
    <nd ref="10001216" />
    <nd ref="10001217" />
    <nd ref="10001218" />
    <nd ref="10001219" />
    <nd ref="10001220" />
    <nd ref="10001221" />
    <nd ref="10001222" />
    <nd ref="10001223" />
    <nd ref="10001224" />
    <nd ref="10001225" />
    <nd ref="10001226" />
    <nd ref="10001227" />
    <nd ref="10001228" />
    <nd ref="10001229" />
  </way>
  <way id="5000158" version="1" visible="true">
    <tag k="type" v="virtual" />
    <nd ref="10001230" />
    <nd ref="10001231" />
  </way>
  <way id="5000159" version="1" visible="true">
    <tag k="type" v="virtual" />
    <nd ref="10001232" />
    <nd ref="10001233" />
  </way>
  <way id="5000160" version="1" visible="true">
    <tag k="type" v="virtual" />
    <nd ref="10001234" />
    <nd ref="10001235" />
    <nd ref="10001236" />
    <nd ref="10001165" />
  </way>
  <way id="5000161" version="1" visible="true">
    <tag k="type" v="virtual" />
    <nd ref="10001188" />
    <nd ref="10001237" />
  </way>
  <way id="5000162" version="1" visible="true">
    <tag k="type" v="virtual" />
    <nd ref="10001191" />
    <nd ref="10001238" />
    <nd ref="10001239" />
  </way>
  <way id="5000163" version="1" visible="true">
    <tag k="type" v="virtual" />
    <nd ref="10001240" />
    <nd ref="10001241" />
    <nd ref="10001242" />
  </way>
  <way id="5000164" version="1" visible="true">
    <tag k="type" v="virtual" />
    <nd ref="10001184" />
    <nd ref="10001243" />
    <nd ref="10001244" />
    <nd ref="10001244" />
    <nd ref="10001233" />
  </way>
  <way id="5000165" version="1" visible="true">
    <tag k="type" v="virtual" />
    <nd ref="10001245" />
    <nd ref="10001246" />
    <nd ref="10001247" />
    <nd ref="10001247" />
  </way>
  <way id="5000166" version="1" visible="true">
    <tag k="type" v="virtual" />
    <nd ref="10001248" />
    <nd ref="10001237" />
  </way>
  <way id="5000167" version="1" visible="true">
    <tag k="type" v="virtual" />
    <nd ref="10001249" />
    <nd ref="10001250" />
  </way>
  <way id="5000168" version="1" visible="true">
    <tag k="type" v="virtual" />
    <nd ref="10001248" />
    <nd ref="10001251" />
  </way>
  <way id="5000169" version="1" visible="true">
    <tag k="type" v="virtual" />
    <nd ref="10001252" />
    <nd ref="10001253" />
    <nd ref="10001254" />
  </way>
  <way id="5000170" version="1" visible="true">
    <tag k="type" v="virtual" />
    <nd ref="10001255" />
    <nd ref="10001256" />
    <nd ref="10001257" />
    <nd ref="10001258" />
    <nd ref="10001259" />
    <nd ref="10001260" />
    <nd ref="10001261" />
    <nd ref="10001262" />
  </way>
  <way id="5000171" version="1" visible="true">
    <tag k="type" v="virtual" />
    <nd ref="10001229" />
    <nd ref="10001263" />
    <nd ref="10001264" />
  </way>
  <way id="5000172" version="1" visible="true">
    <tag k="type" v="virtual" />
    <nd ref="10001265" />
    <nd ref="10001266" />
  </way>
  <way id="5000173" version="1" visible="true">
    <tag k="type" v="virtual" />
    <nd ref="10001206" />
    <nd ref="10001206" />
  </way>
  <way id="5000174" version="1" visible="true">
    <tag k="type" v="virtual" />
    <nd ref="10001267" />
    <nd ref="10001268" />
    <nd ref="10001269" />
    <nd ref="10001270" />
  </way>
  <way id="5000175" version="1" visible="true">
    <tag k="type" v="virtual" />
    <nd ref="10001206" />
    <nd ref="10001271" />
    <nd ref="10001197" />
  </way>
  <way id="5000176" version="1" visible="true">
    <tag k="type" v="virtual" />
    <nd ref="10001209" />
    <nd ref="10001272" />
  </way>
  <way id="5000177" version="1" visible="true">
    <tag k="type" v="virtual" />
    <nd ref="10001248" />
    <nd ref="10001248" />
  </way>
  <way id="5000178" version="1" visible="true">
    <tag k="type" v="virtual" />
    <nd ref="10001249" />
    <nd ref="10001273" />
    <nd ref="10001274" />
    <nd ref="10001275" />
    <nd ref="10001276" />
    <nd ref="10001277" />
    <nd ref="10001278" />
    <nd ref="10001165" />
  </way>
  <way id="5000179" version="1" visible="true">
    <tag k="type" v="virtual" />
    <nd ref="10001188" />
    <nd ref="10001237" />
  </way>
  <way id="5000180" version="1" visible="true">
    <tag k="type" v="virtual" />
    <nd ref="10001279" />
    <nd ref="10001280" />
  </way>
  <way id="5000181" version="1" visible="true">
    <tag k="type" v="virtual" />
    <nd ref="10001281" />
    <nd ref="10001282" />
  </way>
  <way id="5000182" version="1" visible="true">
    <tag k="type" v="virtual" />
    <nd ref="10001283" />
    <nd ref="10001284" />
    <nd ref="10001285" />
    <nd ref="10001286" />
  </way>
  <way id="5000183" version="1" visible="true">
    <tag k="type" v="virtual" />
    <nd ref="10001287" />
    <nd ref="10001288" />
    <nd ref="10001289" />
  </way>
  <way id="5000184" version="1" visible="true">
    <tag k="type" v="virtual" />
    <nd ref="10001201" />
    <nd ref="10001267" />
  </way>
  <way id="5000185" version="1" visible="true">
    <tag k="type" v="virtual" />
    <nd ref="10001272" />
    <nd ref="10001290" />
    <nd ref="10001291" />
    <nd ref="10001292" />
    <nd ref="10001293" />
  </way>
  <way id="5000186" version="1" visible="true">
    <tag k="type" v="virtual" />
    <nd ref="10001251" />
    <nd ref="10001294" />
    <nd ref="10001295" />
    <nd ref="10001283" />
  </way>
  <way id="5000187" version="1" visible="true">
    <tag k="type" v="virtual" />
    <nd ref="10001296" />
    <nd ref="10001287" />
  </way>
  <way id="5000188" version="1" visible="true">
    <tag k="type" v="virtual" />
    <nd ref="10001280" />
    <nd ref="10001297" />
    <nd ref="10001248" />
  </way>
  <way id="5000189" version="1" visible="true">
    <tag k="type" v="virtual" />
    <nd ref="10001298" />
    <nd ref="10001249" />
  </way>
  <way id="5000190" version="1" visible="true">
    <tag k="type" v="virtual" />
    <nd ref="10001251" />
    <nd ref="10001299" />
    <nd ref="10001300" />
    <nd ref="10001301" />
    <nd ref="10001302" />
    <nd ref="10001303" />
    <nd ref="10001304" />
    <nd ref="10001197" />
  </way>
  <way id="5000191" version="1" visible="true">
    <tag k="type" v="virtual" />
    <nd ref="10001296" />
    <nd ref="10001305" />
    <nd ref="10001306" />
    <nd ref="10001307" />
    <nd ref="10001308" />
    <nd ref="10001309" />
    <nd ref="10001272" />
  </way>
  <way id="5000192" version="1" visible="true">
    <tag k="type" v="virtual" />
    <nd ref="10001251" />
    <nd ref="10001310" />
    <nd ref="10001311" />
    <nd ref="10001312" />
    <nd ref="10001313" />
    <nd ref="10001314" />
    <nd ref="10001315" />
    <nd ref="10001316" />
    <nd ref="10001206" />
  </way>
  <way id="5000193" version="1" visible="true">
    <tag k="type" v="virtual" />
    <nd ref="10001296" />
    <nd ref="10001317" />
    <nd ref="10001318" />
    <nd ref="10001319" />
    <nd ref="10001320" />
    <nd ref="10001321" />
    <nd ref="10001322" />
    <nd ref="10001323" />
    <nd ref="10001324" />
    <nd ref="10001325" />
    <nd ref="10001267" />
  </way>
  <way id="5000194" version="1" visible="true">
    <tag k="type" v="virtual" />
    <nd ref="10001206" />
    <nd ref="10001326" />
    <nd ref="10001327" />
    <nd ref="10001328" />
    <nd ref="10001329" />
    <nd ref="10001330" />
    <nd ref="10001331" />
    <nd ref="10001283" />
  </way>
  <way id="5000195" version="1" visible="true">
    <tag k="type" v="virtual" />
    <nd ref="10001209" />
    <nd ref="10001332" />
    <nd ref="10001333" />
    <nd ref="10001334" />
    <nd ref="10001335" />
    <nd ref="10001336" />
    <nd ref="10001337" />
    <nd ref="10001338" />
    <nd ref="10001339" />
    <nd ref="10001287" />
  </way>
  <way id="5000196" version="1" visible="true">
    <tag k="type" v="virtual" />
    <nd ref="10001206" />
    <nd ref="10001340" />
    <nd ref="10001341" />
    <nd ref="10001342" />
    <nd ref="10001343" />
    <nd ref="10001344" />
    <nd ref="10001345" />
    <nd ref="10001346" />
    <nd ref="10001347" />
    <nd ref="10001280" />
  </way>
  <way id="5000197" version="1" visible="true">
    <tag k="type" v="virtual" />
    <nd ref="10001209" />
    <nd ref="10001348" />
    <nd ref="10001349" />
    <nd ref="10001350" />
    <nd ref="10001351" />
    <nd ref="10001352" />
    <nd ref="10001353" />
    <nd ref="10001354" />
    <nd ref="10001298" />
  </way>
  <way id="5000198" version="1" visible="true">
    <tag k="type" v="virtual" />
    <nd ref="10001197" />
    <nd ref="10001355" />
    <nd ref="10001356" />
    <nd ref="10001357" />
    <nd ref="10001358" />
    <nd ref="10001359" />
    <nd ref="10001360" />
    <nd ref="10001280" />
  </way>
  <way id="5000199" version="1" visible="true">
    <tag k="type" v="virtual" />
    <nd ref="10001201" />
    <nd ref="10001361" />
    <nd ref="10001362" />
    <nd ref="10001363" />
    <nd ref="10001364" />
    <nd ref="10001365" />
    <nd ref="10001366" />
    <nd ref="10001367" />
    <nd ref="10001368" />
    <nd ref="10001298" />
  </way>
  <way id="5000200" version="1" visible="true">
    <tag k="type" v="virtual" />
    <nd ref="10001197" />
    <nd ref="10001369" />
    <nd ref="10001370" />
    <nd ref="10001371" />
    <nd ref="10001372" />
    <nd ref="10001373" />
    <nd ref="10001374" />
    <nd ref="10001375" />
    <nd ref="10001376" />
    <nd ref="10001283" />
  </way>
  <way id="5000201" version="1" visible="true">
    <tag k="type" v="virtual" />
    <nd ref="10001201" />
    <nd ref="10001377" />
    <nd ref="10001378" />
    <nd ref="10001379" />
    <nd ref="10001380" />
    <nd ref="10001381" />
    <nd ref="10001382" />
    <nd ref="10001287" />
  </way>
  <way id="5000202" version="1" visible="true">
    <tag k="type" v="virtual" />
    <nd ref="10001279" />
    <nd ref="10001383" />
    <nd ref="10001384" />
    <nd ref="10001385" />
    <nd ref="10001386" />
    <nd ref="10001387" />
    <nd ref="10001388" />
    <nd ref="10001197" />
  </way>
  <way id="5000203" version="1" visible="true">
    <tag k="type" v="virtual" />
    <nd ref="10001281" />
    <nd ref="10001389" />
    <nd ref="10001390" />
    <nd ref="10001391" />
    <nd ref="10001392" />
    <nd ref="10001393" />
    <nd ref="10001394" />
    <nd ref="10001395" />
    <nd ref="10001396" />
    <nd ref="10001272" />
  </way>
  <way id="5000204" version="1" visible="true">
    <tag k="type" v="virtual" />
    <nd ref="10001279" />
    <nd ref="10001397" />
    <nd ref="10001398" />
    <nd ref="10001399" />
    <nd ref="10001400" />
    <nd ref="10001401" />
    <nd ref="10001402" />
    <nd ref="10001403" />
    <nd ref="10001404" />
    <nd ref="10001206" />
  </way>
  <way id="5000205" version="1" visible="true">
    <tag k="type" v="virtual" />
    <nd ref="10001281" />
    <nd ref="10001405" />
    <nd ref="10001406" />
    <nd ref="10001407" />
    <nd ref="10001408" />
    <nd ref="10001409" />
    <nd ref="10001410" />
    <nd ref="10001267" />
  </way>
  <way id="5000206" version="1" visible="true">
    <tag k="type" v="virtual" />
    <nd ref="10001286" />
    <nd ref="10001411" />
    <nd ref="10001412" />
    <nd ref="10001279" />
  </way>
  <way id="5000207" version="1" visible="true">
    <tag k="type" v="virtual" />
    <nd ref="10001413" />
    <nd ref="10001414" />
  </way>
  <way id="5000208" version="1" visible="true">
    <tag k="type" v="virtual" />
    <nd ref="10001286" />
    <nd ref="10001415" />
    <nd ref="10001416" />
    <nd ref="10001417" />
    <nd ref="10001418" />
    <nd ref="10001419" />
    <nd ref="10001420" />
    <nd ref="10001421" />
    <nd ref="10001422" />
    <nd ref="10001423" />
    <nd ref="10001424" />
    <nd ref="10001425" />
    <nd ref="10001426" />
    <nd ref="10001229" />
  </way>
  <way id="5000209" version="1" visible="true">
    <tag k="type" v="virtual" />
    <nd ref="10001289" />
    <nd ref="10001427" />
    <nd ref="10001428" />
    <nd ref="10001429" />
    <nd ref="10001430" />
    <nd ref="10001431" />
    <nd ref="10001255" />
  </way>
  <way id="5000210" version="1" visible="true">
    <tag k="type" v="virtual" />
    <nd ref="10001286" />
    <nd ref="10001432" />
    <nd ref="10001433" />
    <nd ref="10001434" />
    <nd ref="10001435" />
    <nd ref="10001436" />
    <nd ref="10001437" />
    <nd ref="10001438" />
    <nd ref="10001439" />
    <nd ref="10001440" />
    <nd ref="10001441" />
    <nd ref="10001442" />
    <nd ref="10001443" />
    <nd ref="10001444" />
    <nd ref="10001445" />
    <nd ref="10001446" />
    <nd ref="10001447" />
    <nd ref="10001264" />
  </way>
  <way id="5000211" version="1" visible="true">
    <tag k="type" v="virtual" />
    <nd ref="10001289" />
    <nd ref="10001448" />
    <nd ref="10001449" />
    <nd ref="10001450" />
    <nd ref="10001451" />
    <nd ref="10001452" />
    <nd ref="10001453" />
    <nd ref="10001454" />
    <nd ref="10001455" />
    <nd ref="10001456" />
    <nd ref="10001457" />
  </way>
  <way id="5000212" version="1" visible="true">
    <tag k="type" v="virtual" />
    <nd ref="10001458" />
    <nd ref="10001255" />
  </way>
  <way id="5000213" version="1" visible="true">
    <tag k="type" v="virtual" />
    <nd ref="10001264" />
    <nd ref="10001459" />
    <nd ref="10001460" />
    <nd ref="10001461" />
    <nd ref="10001462" />
    <nd ref="10001463" />
  </way>
  <way id="5000214" version="1" visible="true">
    <tag k="type" v="virtual" />
    <nd ref="10001457" />
    <nd ref="10001464" />
    <nd ref="10001465" />
    <nd ref="10001466" />
    <nd ref="10001467" />
    <nd ref="10001468" />
    <nd ref="10001469" />
  </way>
  <way id="5000215" version="1" visible="true">
    <tag k="type" v="virtual" />
    <nd ref="10001458" />
    <nd ref="10001470" />
    <nd ref="10001471" />
    <nd ref="10001472" />
    <nd ref="10001473" />
    <nd ref="10001474" />
    <nd ref="10001475" />
    <nd ref="10001476" />
    <nd ref="10001413" />
  </way>
  <way id="5000216" version="1" visible="true">
    <tag k="type" v="virtual" />
    <nd ref="10001265" />
    <nd ref="10001477" />
    <nd ref="10001478" />
    <nd ref="10001479" />
    <nd ref="10001480" />
    <nd ref="10001481" />
    <nd ref="10001482" />
    <nd ref="10001483" />
    <nd ref="10001484" />
    <nd ref="10001485" />
    <nd ref="10001413" />
  </way>
  <way id="5000217" version="1" visible="true">
    <tag k="type" v="virtual" />
    <nd ref="10001233" />
    <nd ref="10001486" />
    <nd ref="10001487" />
    <nd ref="10001488" />
    <nd ref="10001489" />
    <nd ref="10001490" />
    <nd ref="10001491" />
    <nd ref="10001492" />
    <nd ref="10001493" />
    <nd ref="10001494" />
    <nd ref="10001495" />
    <nd ref="10001496" />
    <nd ref="10001497" />
    <nd ref="10001237" />
  </way>
  <way id="5000218" version="1" visible="true">
    <tag k="type" v="virtual" />
    <nd ref="10001237" />
    <nd ref="10001188" />
  </way>
  <way id="5000219" version="1" visible="true">
    <tag k="type" v="virtual" />
    <nd ref="10001188" />
    <nd ref="10001188" />
  </way>
  <way id="5000220" version="1" visible="true">
    <tag k="type" v="curbstone" />
    <nd ref="10001160" />
    <nd ref="10001240" />
  </way>
  <way id="5000221" version="1" visible="true">
    <tag k="type" v="virtual" />
    <nd ref="10001197" />
    <nd ref="10001197" />
  </way>
  <way id="5000222" version="1" visible="true">
    <tag k="type" v="virtual" />
    <nd ref="10001202" />
    <nd ref="10001498" />
    <nd ref="10001499" />
  </way>
  <way id="5000223" version="1" visible="true">
    <tag k="type" v="virtual" />
    <nd ref="10001270" />
    <nd ref="10001500" />
    <nd ref="10001501" />
  </way>
  <way id="5000224" version="1" visible="true">
    <tag k="type" v="virtual" />
    <nd ref="10001229" />
    <nd ref="10001229" />
  </way>
  <way id="5000225" version="1" visible="true">
    <tag k="type" v="virtual" />
    <nd ref="10001255" />
    <nd ref="10001255" />
  </way>
  <way id="5000226" version="1" visible="true">
    <tag k="type" v="virtual" />
    <nd ref="10001248" />
    <nd ref="10001502" />
    <nd ref="10001503" />
    <nd ref="10001504" />
    <nd ref="10001505" />
    <nd ref="10001506" />
    <nd ref="10001507" />
    <nd ref="10001508" />
    <nd ref="10001509" />
    <nd ref="10001510" />
    <nd ref="10001511" />
    <nd ref="10001512" />
    <nd ref="10001513" />
    <nd ref="10001233" />
  </way>
  <way id="5000227" version="1" visible="true">
    <tag k="type" v="virtual" />
    <nd ref="10001247" />
    <nd ref="10001514" />
  </way>
  <way id="5000228" version="1" visible="true">
    <tag k="type" v="virtual" />
    <nd ref="10001233" />
    <nd ref="10001233" />
  </way>
  <way id="5000229" version="1" visible="true">
    <tag k="type" v="virtual" />
    <nd ref="10001247" />
    <nd ref="10001515" />
    <nd ref="10001516" />
    <nd ref="10001517" />
    <nd ref="10001518" />
    <nd ref="10001519" />
    <nd ref="10001520" />
    <nd ref="10001521" />
    <nd ref="10001522" />
    <nd ref="10001252" />
  </way>
  <way id="5000230" version="1" visible="true">
    <tag k="type" v="virtual" />
    <nd ref="10001233" />
    <nd ref="10001233" />
  </way>
  <way id="5000231" version="1" visible="true">
    <tag k="type" v="virtual" />
    <nd ref="10001523" />
    <nd ref="10001240" />
  </way>
  <way id="5000232" version="1" visible="true">
    <tag k="type" v="virtual" />
    <nd ref="10001237" />
    <nd ref="10001188" />
  </way>
  <way id="5000233" version="1" visible="true">
    <tag k="type" v="virtual" />
    <nd ref="10001237" />
    <nd ref="10001188" />
  </way>
  <way id="5000234" version="1" visible="true">
    <tag k="type" v="virtual" />
    <nd ref="10001239" />
    <nd ref="10001524" />
  </way>
  <way id="5000235" version="1" visible="true">
    <tag k="type" v="virtual" />
    <nd ref="10001233" />
    <nd ref="10001233" />
  </way>
  <way id="5000236" version="1" visible="true">
    <tag k="type" v="virtual" />
    <nd ref="10001239" />
    <nd ref="10001525" />
    <nd ref="10001526" />
    <nd ref="10001527" />
    <nd ref="10001528" />
    <nd ref="10001529" />
    <nd ref="10001530" />
    <nd ref="10001531" />
    <nd ref="10001165" />
  </way>
  <way id="5000237" version="1" visible="true">
    <tag k="type" v="virtual" />
    <nd ref="10000826" />
    <nd ref="10001532" />
    <nd ref="10001533" />
    <nd ref="10001534" />
    <nd ref="10001535" />
    <nd ref="10001536" />
    <nd ref="10001537" />
  </way>
  <way id="5000238" version="1" visible="true">
    <tag k="type" v="virtual" />
    <nd ref="10001537" />
    <nd ref="10001538" />
    <nd ref="10001539" />
    <nd ref="10001540" />
    <nd ref="10001541" />
    <nd ref="10001542" />
    <nd ref="10001543" />
    <nd ref="10001544" />
    <nd ref="10001545" />
    <nd ref="10001546" />
    <nd ref="10001547" />
    <nd ref="10001548" />
  </way>
  <way id="5000239" version="1" visible="true">
    <tag k="type" v="virtual" />
    <nd ref="10000828" />
    <nd ref="10001549" />
    <nd ref="10001550" />
    <nd ref="10001551" />
    <nd ref="10001552" />
    <nd ref="10001553" />
    <nd ref="10001554" />
  </way>
  <way id="5000240" version="1" visible="true">
    <tag k="type" v="virtual" />
    <nd ref="10001554" />
    <nd ref="10001555" />
    <nd ref="10001556" />
    <nd ref="10001557" />
    <nd ref="10001558" />
    <nd ref="10001559" />
    <nd ref="10001560" />
    <nd ref="10001561" />
    <nd ref="10001562" />
    <nd ref="10001563" />
    <nd ref="10001564" />
    <nd ref="10001565" />
  </way>
  <way id="5000241" version="1" visible="true">
    <tag k="type" v="virtual" />
    <nd ref="10000892" />
    <nd ref="10001566" />
    <nd ref="10000898" />
  </way>
  <way id="5000242" version="1" visible="true">
    <tag k="type" v="virtual" />
    <nd ref="10000935" />
    <nd ref="10001567" />
    <nd ref="10001568" />
    <nd ref="10001569" />
    <nd ref="10001570" />
    <nd ref="10001571" />
    <nd ref="10001572" />
    <nd ref="10001573" />
    <nd ref="10001574" />
    <nd ref="10001575" />
    <nd ref="10001576" />
    <nd ref="10001577" />
    <nd ref="10001578" />
    <nd ref="10001579" />
    <nd ref="10001580" />
    <nd ref="10001581" />
  </way>
  <way id="5000243" version="1" visible="true">
    <tag k="type" v="virtual" />
    <nd ref="10001581" />
    <nd ref="10001582" />
  </way>
  <way id="5000244" version="1" visible="true">
    <tag k="type" v="virtual" />
    <nd ref="10001582" />
    <nd ref="10001583" />
  </way>
  <way id="5000245" version="1" visible="true">
    <tag k="type" v="virtual" />
    <nd ref="10001583" />
    <nd ref="10001584" />
    <nd ref="10001585" />
    <nd ref="10001586" />
    <nd ref="10001587" />
    <nd ref="10001588" />
    <nd ref="10001589" />
    <nd ref="10001590" />
    <nd ref="10001591" />
    <nd ref="10001592" />
    <nd ref="10001593" />
    <nd ref="10001594" />
    <nd ref="10001595" />
  </way>
  <way id="5000246" version="1" visible="true">
    <tag k="type" v="virtual" />
    <nd ref="10001595" />
    <nd ref="10001596" />
  </way>
  <way id="5000247" version="1" visible="true">
    <tag k="type" v="virtual" />
    <nd ref="10001596" />
    <nd ref="10001597" />
    <nd ref="10001598" />
    <nd ref="10001599" />
    <nd ref="10001600" />
    <nd ref="10001601" />
    <nd ref="10000895" />
  </way>
  <way id="5000248" version="1" visible="true">
    <tag k="type" v="virtual" />
    <nd ref="10000895" />
    <nd ref="10001011" />
  </way>
  <way id="5000249" version="1" visible="true">
    <tag k="type" v="virtual" />
    <nd ref="10001011" />
    <nd ref="10001602" />
    <nd ref="10001603" />
  </way>
  <way id="5000250" version="1" visible="true">
    <tag k="type" v="virtual" />
    <nd ref="10001603" />
    <nd ref="10001604" />
    <nd ref="10001605" />
    <nd ref="10001606" />
    <nd ref="10001607" />
    <nd ref="10001608" />
    <nd ref="10001609" />
    <nd ref="10001610" />
    <nd ref="10001611" />
    <nd ref="10001612" />
    <nd ref="10001613" />
    <nd ref="10001614" />
    <nd ref="10001615" />
    <nd ref="10001616" />
    <nd ref="10001617" />
    <nd ref="10001618" />
    <nd ref="10001619" />
    <nd ref="10001620" />
    <nd ref="10001621" />
  </way>
  <way id="5000251" version="1" visible="true">
    <tag k="type" v="virtual" />
    <nd ref="10001621" />
    <nd ref="10001622" />
    <nd ref="10001623" />
    <nd ref="10001624" />
    <nd ref="10001625" />
    <nd ref="10001626" />
  </way>
  <way id="5000252" version="1" visible="true">
    <tag k="type" v="virtual" />
    <nd ref="10001626" />
    <nd ref="10001627" />
  </way>
  <way id="5000253" version="1" visible="true">
    <tag k="type" v="virtual" />
    <nd ref="10001627" />
    <nd ref="10001628" />
    <nd ref="10001629" />
    <nd ref="10001630" />
    <nd ref="10001631" />
    <nd ref="10001632" />
    <nd ref="10001633" />
    <nd ref="10001634" />
    <nd ref="10001635" />
  </way>
  <way id="5000254" version="1" visible="true">
    <tag k="type" v="virtual" />
    <nd ref="10001635" />
    <nd ref="10001636" />
    <nd ref="10001637" />
    <nd ref="10001638" />
    <nd ref="10001639" />
  </way>
  <way id="5000255" version="1" visible="true">
    <tag k="type" v="virtual" />
    <nd ref="10001639" />
    <nd ref="10001640" />
    <nd ref="10001641" />
    <nd ref="10001642" />
    <nd ref="10001643" />
    <nd ref="10001644" />
    <nd ref="10001645" />
    <nd ref="10001646" />
    <nd ref="10001647" />
    <nd ref="10001648" />
  </way>
  <way id="5000256" version="1" visible="true">
    <tag k="type" v="virtual" />
    <nd ref="10001648" />
    <nd ref="10001649" />
    <nd ref="10001650" />
    <nd ref="10001651" />
  </way>
  <way id="5000257" version="1" visible="true">
    <tag k="type" v="virtual" />
    <nd ref="10001651" />
    <nd ref="10001652" />
    <nd ref="10001653" />
    <nd ref="10001654" />
    <nd ref="10001655" />
    <nd ref="10001656" />
    <nd ref="10001657" />
    <nd ref="10001658" />
    <nd ref="10001659" />
    <nd ref="10001660" />
    <nd ref="10001661" />
    <nd ref="10001662" />
    <nd ref="10001663" />
    <nd ref="10001664" />
    <nd ref="10001665" />
  </way>
  <way id="5000258" version="1" visible="true">
    <tag k="type" v="virtual" />
    <nd ref="10001665" />
    <nd ref="10001666" />
    <nd ref="10001667" />
    <nd ref="10001668" />
    <nd ref="10001669" />
    <nd ref="10001670" />
    <nd ref="10001671" />
    <nd ref="10001672" />
  </way>
  <way id="5000259" version="1" visible="true">
    <tag k="type" v="virtual" />
    <nd ref="10001672" />
    <nd ref="10000957" />
  </way>
  <way id="5000260" version="1" visible="true">
    <tag k="type" v="virtual" />
    <nd ref="10000937" />
    <nd ref="10001673" />
    <nd ref="10001674" />
    <nd ref="10001675" />
    <nd ref="10001676" />
    <nd ref="10001677" />
    <nd ref="10001678" />
    <nd ref="10001679" />
    <nd ref="10001680" />
    <nd ref="10001681" />
    <nd ref="10001682" />
    <nd ref="10001683" />
    <nd ref="10001684" />
    <nd ref="10001685" />
    <nd ref="10001686" />
    <nd ref="10001687" />
    <nd ref="10001688" />
    <nd ref="10001689" />
    <nd ref="10001690" />
    <nd ref="10001691" />
    <nd ref="10001692" />
    <nd ref="10001693" />
    <nd ref="10001694" />
  </way>
  <way id="5000261" version="1" visible="true">
    <tag k="type" v="virtual" />
    <nd ref="10001694" />
    <nd ref="10001695" />
    <nd ref="10001696" />
    <nd ref="10001697" />
    <nd ref="10001698" />
    <nd ref="10001699" />
    <nd ref="10001700" />
    <nd ref="10001701" />
    <nd ref="10001702" />
    <nd ref="10001703" />
    <nd ref="10001704" />
    <nd ref="10001705" />
    <nd ref="10001706" />
    <nd ref="10001707" />
    <nd ref="10001708" />
    <nd ref="10001709" />
    <nd ref="10001710" />
    <nd ref="10001711" />
    <nd ref="10001712" />
    <nd ref="10001713" />
    <nd ref="10001714" />
    <nd ref="10001715" />
    <nd ref="10001716" />
    <nd ref="10001717" />
    <nd ref="10001718" />
    <nd ref="10001719" />
    <nd ref="10001720" />
    <nd ref="10001721" />
    <nd ref="10001722" />
    <nd ref="10001723" />
    <nd ref="10001724" />
    <nd ref="10001725" />
    <nd ref="10001726" />
    <nd ref="10001727" />
    <nd ref="10001728" />
    <nd ref="10001729" />
  </way>
  <way id="5000262" version="1" visible="true">
    <tag k="type" v="virtual" />
    <nd ref="10000956" />
    <nd ref="10001730" />
    <nd ref="10001731" />
    <nd ref="10001732" />
    <nd ref="10001733" />
    <nd ref="10001734" />
  </way>
  <way id="5000263" version="1" visible="true">
    <tag k="type" v="virtual" />
    <nd ref="10001734" />
    <nd ref="10001735" />
    <nd ref="10001736" />
    <nd ref="10001737" />
    <nd ref="10001738" />
  </way>
  <way id="5000264" version="1" visible="true">
    <tag k="type" v="virtual" />
    <nd ref="10000958" />
    <nd ref="10001739" />
    <nd ref="10001740" />
    <nd ref="10001741" />
    <nd ref="10001742" />
    <nd ref="10001743" />
    <nd ref="10001744" />
    <nd ref="10001745" />
    <nd ref="10001746" />
    <nd ref="10001747" />
    <nd ref="10001748" />
    <nd ref="10001749" />
    <nd ref="10001750" />
    <nd ref="10001751" />
    <nd ref="10001752" />
    <nd ref="10001753" />
    <nd ref="10001754" />
    <nd ref="10001755" />
    <nd ref="10001756" />
    <nd ref="10001757" />
    <nd ref="10001758" />
    <nd ref="10001759" />
    <nd ref="10001760" />
  </way>
  <way id="5000265" version="1" visible="true">
    <tag k="type" v="virtual" />
    <nd ref="10001760" />
    <nd ref="10001761" />
    <nd ref="10001762" />
    <nd ref="10001763" />
    <nd ref="10001764" />
    <nd ref="10001765" />
    <nd ref="10001766" />
    <nd ref="10001767" />
    <nd ref="10001768" />
    <nd ref="10001769" />
    <nd ref="10001770" />
    <nd ref="10001771" />
    <nd ref="10001772" />
    <nd ref="10001773" />
    <nd ref="10001774" />
    <nd ref="10001775" />
    <nd ref="10001776" />
    <nd ref="10001777" />
    <nd ref="10001778" />
    <nd ref="10001779" />
    <nd ref="10001780" />
    <nd ref="10001781" />
    <nd ref="10001782" />
    <nd ref="10001783" />
    <nd ref="10001784" />
    <nd ref="10001785" />
    <nd ref="10001786" />
    <nd ref="10001787" />
    <nd ref="10001788" />
    <nd ref="10001789" />
    <nd ref="10001790" />
    <nd ref="10001791" />
    <nd ref="10001792" />
    <nd ref="10001793" />
    <nd ref="10001794" />
    <nd ref="10001795" />
  </way>
  <way id="5000266" version="1" visible="true">
    <tag k="type" v="virtual" />
    <nd ref="10001003" />
    <nd ref="10001796" />
    <nd ref="10001797" />
    <nd ref="10001798" />
    <nd ref="10001799" />
  </way>
  <way id="5000267" version="1" visible="true">
    <tag k="type" v="virtual" />
    <nd ref="10001799" />
    <nd ref="10001800" />
    <nd ref="10001801" />
    <nd ref="10001802" />
  </way>
  <way id="5000268" version="1" visible="true">
    <tag k="type" v="virtual" />
    <nd ref="10001103" />
    <nd ref="10001803" />
    <nd ref="10001804" />
    <nd ref="10001805" />
    <nd ref="10001806" />
    <nd ref="10001807" />
    <nd ref="10001808" />
  </way>
  <way id="5000269" version="1" visible="true">
    <tag k="type" v="virtual" />
    <nd ref="10001111" />
    <nd ref="10001809" />
  </way>
  <way id="5000270" version="1" visible="true">
    <tag k="type" v="virtual" />
    <nd ref="10001809" />
    <nd ref="10001810" />
    <nd ref="10001811" />
    <nd ref="10001812" />
    <nd ref="10001813" />
    <nd ref="10001814" />
    <nd ref="10001815" />
    <nd ref="10001816" />
  </way>
  <way id="5000271" version="1" visible="true">
    <tag k="type" v="virtual" />
    <nd ref="10001816" />
    <nd ref="10001817" />
  </way>
  <way id="5000272" version="1" visible="true">
    <tag k="type" v="virtual" />
    <nd ref="10001127" />
    <nd ref="10001818" />
  </way>
  <way id="5000273" version="1" visible="true">
    <tag k="type" v="virtual" />
    <nd ref="10001818" />
    <nd ref="10001819" />
  </way>
  <way id="5000274" version="1" visible="true">
    <tag k="type" v="virtual" />
    <nd ref="10001819" />
    <nd ref="10001820" />
    <nd ref="10001821" />
    <nd ref="10001822" />
    <nd ref="10001823" />
    <nd ref="10001824" />
    <nd ref="10001825" />
    <nd ref="10001826" />
    <nd ref="10001827" />
    <nd ref="10001828" />
    <nd ref="10001829" />
    <nd ref="10001830" />
    <nd ref="10001831" />
  </way>
  <way id="5000275" version="1" visible="true">
    <tag k="type" v="virtual" />
    <nd ref="10001831" />
    <nd ref="10001832" />
  </way>
  <way id="5000276" version="1" visible="true">
    <tag k="type" v="virtual" />
    <nd ref="10001832" />
    <nd ref="10001833" />
    <nd ref="10001834" />
    <nd ref="10001835" />
    <nd ref="10001836" />
    <nd ref="10001837" />
    <nd ref="10000893" />
  </way>
  <way id="5000277" version="1" visible="true">
    <tag k="type" v="virtual" />
    <nd ref="10000893" />
    <nd ref="10001004" />
  </way>
  <way id="5000278" version="1" visible="true">
    <tag k="type" v="virtual" />
    <nd ref="10001004" />
    <nd ref="10001838" />
    <nd ref="10001128" />
  </way>
  <way id="5000279" version="1" visible="true">
    <tag k="type" v="virtual" />
    <nd ref="10001146" />
    <nd ref="10001839" />
    <nd ref="10001840" />
    <nd ref="10001841" />
    <nd ref="10001842" />
    <nd ref="10001843" />
  </way>
  <way id="5000280" version="1" visible="true">
    <tag k="type" v="virtual" />
    <nd ref="10001843" />
    <nd ref="10001844" />
  </way>
  <way id="5000281" version="1" visible="true">
    <tag k="type" v="virtual" />
    <nd ref="10001844" />
    <nd ref="10001845" />
    <nd ref="10001846" />
    <nd ref="10001847" />
    <nd ref="10001848" />
    <nd ref="10001849" />
    <nd ref="10001850" />
    <nd ref="10001851" />
    <nd ref="10001852" />
  </way>
  <way id="5000282" version="1" visible="true">
    <tag k="type" v="virtual" />
    <nd ref="10001852" />
    <nd ref="10001853" />
    <nd ref="10001854" />
    <nd ref="10001855" />
    <nd ref="10001856" />
  </way>
  <way id="5000283" version="1" visible="true">
    <tag k="type" v="virtual" />
    <nd ref="10001856" />
    <nd ref="10001857" />
    <nd ref="10001858" />
    <nd ref="10001859" />
    <nd ref="10001860" />
    <nd ref="10001861" />
    <nd ref="10001862" />
    <nd ref="10001863" />
    <nd ref="10001864" />
    <nd ref="10001865" />
  </way>
  <way id="5000284" version="1" visible="true">
    <tag k="type" v="virtual" />
    <nd ref="10001865" />
    <nd ref="10001866" />
    <nd ref="10001867" />
  </way>
  <way id="5000285" version="1" visible="true">
    <tag k="type" v="virtual" />
    <nd ref="10001867" />
    <nd ref="10001868" />
    <nd ref="10001869" />
    <nd ref="10001870" />
    <nd ref="10001871" />
    <nd ref="10001872" />
    <nd ref="10001873" />
    <nd ref="10001874" />
    <nd ref="10001875" />
    <nd ref="10001876" />
    <nd ref="10001877" />
    <nd ref="10001878" />
    <nd ref="10001879" />
    <nd ref="10001880" />
    <nd ref="10001881" />
  </way>
  <way id="5000286" version="1" visible="true">
    <tag k="type" v="virtual" />
    <nd ref="10001881" />
    <nd ref="10001882" />
    <nd ref="10001883" />
    <nd ref="10001884" />
    <nd ref="10001885" />
    <nd ref="10001886" />
    <nd ref="10001887" />
    <nd ref="10001888" />
  </way>
  <way id="5000287" version="1" visible="true">
    <tag k="type" v="virtual" />
    <nd ref="10001888" />
    <nd ref="10000936" />
  </way>
  <way id="5000288" version="1" visible="true">
    <tag k="type" v="virtual" />
    <nd ref="10000936" />
    <nd ref="10001889" />
    <nd ref="10001890" />
    <nd ref="10001891" />
    <nd ref="10001892" />
    <nd ref="10001893" />
    <nd ref="10001894" />
  </way>
  <way id="5000289" version="1" visible="true">
    <tag k="type" v="virtual" />
    <nd ref="10001894" />
    <nd ref="10001895" />
  </way>
  <way id="5000290" version="1" visible="true">
    <tag k="type" v="virtual" />
    <nd ref="10001895" />
    <nd ref="10001896" />
    <nd ref="10001897" />
    <nd ref="10001898" />
    <nd ref="10001899" />
    <nd ref="10001900" />
    <nd ref="10001901" />
    <nd ref="10001902" />
    <nd ref="10001903" />
  </way>
  <way id="5000291" version="1" visible="true">
    <tag k="type" v="virtual" />
    <nd ref="10001903" />
    <nd ref="10001904" />
  </way>
  <way id="5000292" version="1" visible="true">
    <tag k="type" v="virtual" />
    <nd ref="10001904" />
    <nd ref="10001905" />
    <nd ref="10001906" />
    <nd ref="10001907" />
    <nd ref="10001908" />
    <nd ref="10001909" />
    <nd ref="10001910" />
    <nd ref="10001911" />
    <nd ref="10001912" />
    <nd ref="10001913" />
  </way>
  <way id="5000293" version="1" visible="true">
    <tag k="type" v="curbstone" />
    <nd ref="10001154" />
    <nd ref="10001914" />
    <nd ref="10001915" />
    <nd ref="10001916" />
    <nd ref="10001917" />
    <nd ref="10001918" />
    <nd ref="10001245" />
  </way>
  <way id="5000294" version="1" visible="true">
    <tag k="type" v="curbstone" />
    <nd ref="10001245" />
    <nd ref="10001155" />
  </way>
  <way id="5000295" version="1" visible="true">
    <tag k="type" v="curbstone" />
    <nd ref="10001155" />
    <nd ref="10001155" />
  </way>
  <way id="5000296" version="1" visible="true">
    <tag k="type" v="curbstone" />
    <nd ref="10001159" />
    <nd ref="10001159" />
  </way>
  <way id="5000297" version="1" visible="true">
    <tag k="type" v="curbstone" />
    <nd ref="10001165" />
    <nd ref="10001919" />
    <nd ref="10001920" />
    <nd ref="10001921" />
    <nd ref="10001922" />
    <nd ref="10001923" />
    <nd ref="10001924" />
    <nd ref="10001925" />
    <nd ref="10001926" />
    <nd ref="10001927" />
  </way>
  <way id="5000298" version="1" visible="true">
    <tag k="type" v="curbstone" />
    <nd ref="10001927" />
    <nd ref="10001927" />
  </way>
  <way id="5000299" version="1" visible="true">
    <tag k="type" v="virtual" />
    <nd ref="10001175" />
    <nd ref="10001928" />
    <nd ref="10001929" />
  </way>
  <way id="5000300" version="1" visible="true">
    <tag k="type" v="virtual" />
    <nd ref="10001929" />
    <nd ref="10001930" />
    <nd ref="10001931" />
    <nd ref="10001932" />
    <nd ref="10001933" />
    <nd ref="10001934" />
    <nd ref="10001935" />
    <nd ref="10001936" />
    <nd ref="10001937" />
    <nd ref="10001938" />
  </way>
  <way id="5000301" version="1" visible="true">
    <tag k="type" v="virtual" />
    <nd ref="10001184" />
    <nd ref="10001184" />
  </way>
  <way id="5000302" version="1" visible="true">
    <tag k="type" v="virtual" />
    <nd ref="10001188" />
    <nd ref="10001188" />
  </way>
  <way id="5000303" version="1" visible="true">
    <tag k="type" v="virtual" />
    <nd ref="10001197" />
    <nd ref="10001197" />
  </way>
  <way id="5000304" version="1" visible="true">
    <tag k="type" v="virtual" />
    <nd ref="10001206" />
    <nd ref="10001206" />
  </way>
  <way id="5000305" version="1" visible="true">
    <tag k="type" v="virtual" />
    <nd ref="10001211" />
    <nd ref="10001939" />
    <nd ref="10001940" />
    <nd ref="10001264" />
  </way>
  <way id="5000306" version="1" visible="true">
    <tag k="type" v="virtual" />
    <nd ref="10001215" />
    <nd ref="10001458" />
  </way>
  <way id="5000307" version="1" visible="true">
    <tag k="type" v="virtual" />
    <nd ref="10001229" />
    <nd ref="10001229" />
  </way>
  <way id="5000308" version="1" visible="true">
    <tag k="type" v="virtual" />
    <nd ref="10001231" />
    <nd ref="10001941" />
    <nd ref="10001942" />
    <nd ref="10001943" />
    <nd ref="10001944" />
    <nd ref="10001945" />
    <nd ref="10001946" />
    <nd ref="10001265" />
  </way>
  <way id="5000309" version="1" visible="true">
    <tag k="type" v="virtual" />
    <nd ref="10001233" />
    <nd ref="10001233" />
  </way>
  <way id="5000310" version="1" visible="true">
    <tag k="type" v="virtual" />
    <nd ref="10001239" />
    <nd ref="10001239" />
  </way>
  <way id="5000311" version="1" visible="true">
    <tag k="type" v="virtual" />
    <nd ref="10001242" />
    <nd ref="10001947" />
  </way>
  <way id="5000312" version="1" visible="true">
    <tag k="type" v="virtual" />
    <nd ref="10001233" />
    <nd ref="10001233" />
  </way>
  <way id="5000313" version="1" visible="true">
    <tag k="type" v="virtual" />
    <nd ref="10001237" />
    <nd ref="10001237" />
  </way>
  <way id="5000314" version="1" visible="true">
    <tag k="type" v="virtual" />
    <nd ref="10001250" />
    <nd ref="10001523" />
  </way>
  <way id="5000315" version="1" visible="true">
    <tag k="type" v="virtual" />
    <nd ref="10001254" />
    <nd ref="10001296" />
  </way>
  <way id="5000316" version="1" visible="true">
    <tag k="type" v="virtual" />
    <nd ref="10001264" />
    <nd ref="10001264" />
  </way>
  <way id="5000317" version="1" visible="true">
    <tag k="type" v="virtual" />
    <nd ref="10001266" />
    <nd ref="10001457" />
  </way>
  <way id="5000318" version="1" visible="true">
    <tag k="type" v="virtual" />
    <nd ref="10001197" />
    <nd ref="10001197" />
  </way>
  <way id="5000319" version="1" visible="true">
    <tag k="type" v="virtual" />
    <nd ref="10001282" />
    <nd ref="10001298" />
  </way>
  <way id="5000320" version="1" visible="true">
    <tag k="type" v="virtual" />
    <nd ref="10001414" />
    <nd ref="10001948" />
    <nd ref="10001281" />
  </way>
  <way id="5000321" version="1" visible="true">
    <tag k="type" v="virtual" />
    <nd ref="10001229" />
    <nd ref="10001229" />
  </way>
  <way id="5000322" version="1" visible="true">
    <tag k="type" v="virtual" />
    <nd ref="10001264" />
    <nd ref="10001264" />
  </way>
  <way id="5000323" version="1" visible="true">
    <tag k="type" v="virtual" />
    <nd ref="10001469" />
    <nd ref="10001949" />
  </way>
  <way id="5000324" version="1" visible="true">
    <tag k="type" v="virtual" />
    <nd ref="10001237" />
    <nd ref="10001237" />
  </way>
  <way id="5000325" version="1" visible="true">
    <tag k="type" v="curbstone" />
    <nd ref="10001240" />
    <nd ref="10001950" />
  </way>
  <way id="5000326" version="1" visible="true">
    <tag k="type" v="virtual" />
    <nd ref="10001233" />
    <nd ref="10001233" />
  </way>
  <way id="5000327" version="1" visible="true">
    <tag k="type" v="virtual" />
    <nd ref="10001524" />
    <nd ref="10001252" />
  </way>
  <way id="5000411" version="1" visible="true">
    <tag k="type" v="stop_line" />
    <tag k="api_id" v="Tartu/844/SG1" />
    <tag k="subtype" v="traffic_light" />
    <nd ref="10001959" />
    <nd ref="10000257" />
    <nd ref="10001960" />
  </way>
  <way id="5000412" version="1" visible="true">
    <tag k="type" v="stop_line" />
    <tag k="subtype" v="yield_stop" />
    <nd ref="10001961" />
    <nd ref="10001962" />
    <nd ref="10001963" />
  </way>
  <way id="2000000" version="1" visible="true">
    <tag k="type" v="traffic_light" />
    <tag k="subtype" v="red_yellow_green" />
    <nd ref="10001964" />
    <nd ref="10001965" />
    <tag k="height" v="0.85" />
  </way>
  <relation id="1" version="1" visible="true">
    <member type="way" ref="5000260" role="left" />
    <member type="way" ref="5000000" role="centerline" />
    <member type="way" ref="5000264" role="right" />
    <tag k="type" v="lanelet" />
    <tag k="subtype" v="road" />
    <tag k="location" v="urban" />
    <tag k="turn_direction" v="left" />
    <tag k="speed_limit" v="50" />
    <tag k="speed_ref" v="25" />
    <tag k="one_way" v="yes" />
  </relation>
  <relation id="2" version="1" visible="true">
    <member type="way" ref="5000138" role="left" />
    <member type="way" ref="5000002" role="centerline" />
    <member type="way" ref="5000242" role="right" />
    <tag k="type" v="lanelet" />
    <tag k="subtype" v="road" />
    <tag k="location" v="urban" />
    <tag k="turn_direction" v="right" />
    <tag k="speed_limit" v="50" />
    <tag k="speed_ref" v="25" />
    <tag k="one_way" v="yes" />
  </relation>
  <relation id="3" version="1" visible="true">
    <member type="way" ref="5000261" role="left" />
    <member type="way" ref="5000003" role="centerline" />
    <member type="way" ref="5000265" role="right" />
    <tag k="type" v="lanelet" />
    <tag k="subtype" v="road" />
    <tag k="location" v="urban" />
    <tag k="turn_direction" v="straight" />
    <tag k="speed_limit" v="50" />
    <tag k="speed_ref" v="50" />
    <tag k="one_way" v="yes" />
  </relation>
  <relation id="4" version="1" visible="true">
    <member type="way" ref="5000273" role="left" />
    <member type="way" ref="5000004" role="centerline" />
    <member type="way" ref="5000244" role="right" />
    <tag k="type" v="lanelet" />
    <tag k="subtype" v="road" />
    <tag k="location" v="urban" />
    <tag k="turn_direction" v="straight" />
    <tag k="speed_limit" v="50" />
    <tag k="speed_ref" v="40" />
    <tag k="one_way" v="yes" />
  </relation>
  <relation id="5" version="1" visible="true">
    <member type="way" ref="5000139" role="left" />
    <member type="way" ref="5000005" role="centerline" />
    <member type="way" ref="5000250" role="right" />
    <tag k="type" v="lanelet" />
    <tag k="subtype" v="road" />
    <tag k="location" v="urban" />
    <tag k="turn_direction" v="straight" />
    <tag k="speed_limit" v="50" />
    <tag k="speed_ref" v="40" />
    <tag k="one_way" v="yes" />
  </relation>
  <relation id="6" version="1" visible="true">
    <member type="way" ref="5000280" role="left" />
    <member type="way" ref="5000006" role="centerline" />
    <member type="way" ref="5000252" role="right" />
    <tag k="type" v="lanelet" />
    <tag k="subtype" v="road" />
    <tag k="location" v="urban" />
    <tag k="turn_direction" v="straight" />
    <tag k="speed_limit" v="50" />
    <tag k="speed_ref" v="40" />
    <tag k="one_way" v="yes" />
  </relation>
  <relation id="7" version="1" visible="true">
    <member type="way" ref="5000276" role="left" />
    <member type="way" ref="5000007" role="centerline" />
    <member type="way" ref="5000247" role="right" />
    <tag k="type" v="lanelet" />
    <tag k="subtype" v="road" />
    <tag k="location" v="urban" />
    <tag k="turn_direction" v="straight" />
    <tag k="speed_limit" v="50" />
    <tag k="speed_ref" v="40" />
    <tag k="one_way" v="yes" />
  </relation>
  <relation id="8" version="1" visible="true">
    <member type="way" ref="5000279" role="left" />
    <member type="way" ref="5000008" role="centerline" />
    <member type="way" ref="5000251" role="right" />
    <tag k="type" v="lanelet" />
    <tag k="subtype" v="road" />
    <tag k="location" v="urban" />
    <tag k="turn_direction" v="straight" />
    <tag k="speed_limit" v="50" />
    <tag k="speed_ref" v="40" />
    <tag k="one_way" v="yes" />
  </relation>
  <relation id="9" version="1" visible="true">
    <member type="way" ref="5000283" role="left" />
    <member type="way" ref="5000009" role="centerline" />
    <member type="way" ref="5000255" role="right" />
    <tag k="type" v="lanelet" />
    <tag k="subtype" v="road" />
    <tag k="location" v="urban" />
    <tag k="turn_direction" v="right" />
    <tag k="speed_limit" v="50" />
    <tag k="speed_ref" v="40" />
    <tag k="one_way" v="yes" />
  </relation>
  <relation id="10" version="1" visible="true">
    <member type="way" ref="5000285" role="left" />
    <member type="way" ref="5000010" role="centerline" />
    <member type="way" ref="5000257" role="right" />
    <tag k="type" v="lanelet" />
    <tag k="subtype" v="road" />
    <tag k="location" v="urban" />
    <tag k="turn_direction" v="straight" />
    <tag k="speed_limit" v="50" />
    <tag k="speed_ref" v="40" />
    <tag k="one_way" v="yes" />
  </relation>
  <relation id="11" version="1" visible="true">
    <member type="way" ref="5000286" role="left" />
    <member type="way" ref="5000011" role="centerline" />
    <member type="way" ref="5000258" role="right" />
    <tag k="type" v="lanelet" />
    <tag k="subtype" v="road" />
    <tag k="location" v="urban" />
    <tag k="turn_direction" v="straight" />
    <tag k="speed_limit" v="50" />
    <tag k="speed_ref" v="40" />
    <tag k="one_way" v="yes" />
  </relation>
  <relation id="12" version="1" visible="true">
    <member type="way" ref="5000287" role="left" />
    <member type="way" ref="5000012" role="centerline" />
    <member type="way" ref="5000259" role="right" />
    <tag k="type" v="lanelet" />
    <tag k="subtype" v="road" />
    <tag k="location" v="urban" />
    <tag k="turn_direction" v="straight" />
    <tag k="speed_limit" v="50" />
    <tag k="speed_ref" v="40" />
    <tag k="one_way" v="yes" />
  </relation>
  <relation id="13" version="1" visible="true">
    <member type="way" ref="5000126" role="left" />
    <member type="way" ref="5000013" role="centerline" />
    <member type="way" ref="5000128" role="right" />
    <tag k="type" v="lanelet" />
    <tag k="subtype" v="road" />
    <tag k="location" v="urban" />
    <tag k="turn_direction" v="straight" />
    <tag k="speed_limit" v="50" />
    <tag k="speed_ref" v="40" />
    <tag k="one_way" v="yes" />
  </relation>
  <relation id="14" version="1" visible="true">
    <member type="way" ref="5000288" role="left" />
    <member type="way" ref="5000014" role="centerline" />
    <member type="way" ref="5000140" role="right" />
    <tag k="type" v="lanelet" />
    <tag k="subtype" v="road" />
    <tag k="location" v="urban" />
    <tag k="turn_direction" v="left" />
    <tag k="speed_limit" v="50" />
    <tag k="speed_ref" v="40" />
    <tag k="one_way" v="yes" />
  </relation>
  <relation id="15" version="1" visible="true">
    <member type="way" ref="5000272" role="left" />
    <member type="way" ref="5000015" role="centerline" />
    <member type="way" ref="5000243" role="right" />
    <tag k="type" v="lanelet" />
    <tag k="subtype" v="road" />
    <tag k="location" v="urban" />
    <tag k="turn_direction" v="straight" />
    <tag k="speed_limit" v="50" />
    <tag k="speed_ref" v="40" />
    <tag k="one_way" v="yes" />
  </relation>
  <relation id="16" version="1" visible="true">
    <member type="way" ref="5000292" role="left" />
    <member type="way" ref="5000016" role="centerline" />
    <member type="way" ref="5000300" role="right" />
    <tag k="type" v="lanelet" />
    <tag k="subtype" v="road" />
    <tag k="location" v="urban" />
    <tag k="turn_direction" v="straight" />
    <tag k="speed_limit" v="50" />
    <tag k="speed_ref" v="40" />
    <tag k="one_way" v="yes" />
  </relation>
  <relation id="17" version="1" visible="true">
    <member type="way" ref="5000091" role="left" />
    <member type="way" ref="5000017" role="centerline" />
    <member type="way" ref="5000090" role="right" />
    <tag k="type" v="lanelet" />
    <tag k="subtype" v="road" />
    <tag k="location" v="urban" />
    <tag k="turn_direction" v="straight" />
    <tag k="speed_limit" v="50" />
    <tag k="speed_ref" v="40" />
    <tag k="one_way" v="yes" />
  </relation>
  <relation id="18" version="1" visible="true">
    <member type="way" ref="5000136" role="left" />
    <member type="way" ref="5000018" role="centerline" />
    <member type="way" ref="5000137" role="right" />
    <tag k="type" v="lanelet" />
    <tag k="subtype" v="road" />
    <tag k="location" v="urban" />
    <tag k="turn_direction" v="left" />
    <tag k="speed_limit" v="50" />
    <tag k="speed_ref" v="40" />
    <tag k="one_way" v="yes" />
  </relation>
  <relation id="19" version="1" visible="true">
    <member type="way" ref="5000268" role="left" />
    <member type="way" ref="5000019" role="centerline" />
    <member type="way" ref="5000270" role="right" />
    <tag k="type" v="lanelet" />
    <tag k="subtype" v="road" />
    <tag k="location" v="urban" />
    <tag k="turn_direction" v="straight" />
    <tag k="speed_limit" v="50" />
    <tag k="speed_ref" v="40" />
    <tag k="one_way" v="yes" />
    <member type="relation" ref="100000" role="regulatory_element" />
  </relation>
  <relation id="20" version="1" visible="true">
    <member type="way" ref="5000274" role="left" />
    <member type="way" ref="5000020" role="centerline" />
    <member type="way" ref="5000245" role="right" />
    <tag k="type" v="lanelet" />
    <tag k="subtype" v="road" />
    <tag k="location" v="urban" />
    <tag k="turn_direction" v="left" />
    <tag k="speed_limit" v="50" />
    <tag k="speed_ref" v="40" />
    <tag k="one_way" v="yes" />
  </relation>
  <relation id="21" version="1" visible="true">
    <member type="way" ref="5000275" role="left" />
    <member type="way" ref="5000021" role="centerline" />
    <member type="way" ref="5000246" role="right" />
    <tag k="type" v="lanelet" />
    <tag k="subtype" v="road" />
    <tag k="location" v="urban" />
    <tag k="turn_direction" v="straight" />
    <tag k="speed_limit" v="50" />
    <tag k="speed_ref" v="40" />
    <tag k="one_way" v="yes" />
  </relation>
  <relation id="22" version="1" visible="true">
    <member type="way" ref="5000284" role="left" />
    <member type="way" ref="5000022" role="centerline" />
    <member type="way" ref="5000256" role="right" />
    <tag k="type" v="lanelet" />
    <tag k="subtype" v="road" />
    <tag k="location" v="urban" />
    <tag k="turn_direction" v="straight" />
    <tag k="speed_limit" v="50" />
    <tag k="speed_ref" v="40" />
    <tag k="one_way" v="yes" />
  </relation>
  <relation id="23" version="1" visible="true">
    <member type="way" ref="5000289" role="left" />
    <member type="way" ref="5000023" role="centerline" />
    <member type="way" ref="5000146" role="right" />
    <tag k="type" v="lanelet" />
    <tag k="subtype" v="road" />
    <tag k="location" v="urban" />
    <tag k="turn_direction" v="straight" />
    <tag k="speed_limit" v="50" />
    <tag k="speed_ref" v="40" />
    <tag k="one_way" v="yes" />
  </relation>
  <relation id="24" version="1" visible="true">
    <member type="way" ref="5000290" role="left" />
    <member type="way" ref="5000024" role="centerline" />
    <member type="way" ref="5000147" role="right" />
    <tag k="type" v="lanelet" />
    <tag k="subtype" v="road" />
    <tag k="location" v="urban" />
    <tag k="turn_direction" v="left" />
    <tag k="speed_limit" v="50" />
    <tag k="speed_ref" v="40" />
    <tag k="one_way" v="yes" />
  </relation>
  <relation id="25" version="1" visible="true">
    <member type="way" ref="5000291" role="left" />
    <member type="way" ref="5000025" role="centerline" />
    <member type="way" ref="5000299" role="right" />
    <tag k="type" v="lanelet" />
    <tag k="subtype" v="road" />
    <tag k="location" v="urban" />
    <tag k="turn_direction" v="straight" />
    <tag k="speed_limit" v="50" />
    <tag k="speed_ref" v="40" />
    <tag k="one_way" v="yes" />
  </relation>
  <relation id="26" version="1" visible="true">
    <member type="way" ref="5000281" role="left" />
    <member type="way" ref="5000026" role="centerline" />
    <member type="way" ref="5000253" role="right" />
    <tag k="type" v="lanelet" />
    <tag k="subtype" v="road" />
    <tag k="location" v="urban" />
    <tag k="turn_direction" v="right" />
    <tag k="speed_limit" v="50" />
    <tag k="speed_ref" v="40" />
    <tag k="one_way" v="yes" />
  </relation>
  <relation id="27" version="1" visible="true">
    <member type="way" ref="5000282" role="left" />
    <member type="way" ref="5000027" role="centerline" />
    <member type="way" ref="5000254" role="right" />
    <tag k="type" v="lanelet" />
    <tag k="subtype" v="road" />
    <tag k="location" v="urban" />
    <tag k="turn_direction" v="straight" />
    <tag k="speed_limit" v="50" />
    <tag k="speed_ref" v="40" />
    <tag k="one_way" v="yes" />
  </relation>
  <relation id="28" version="1" visible="true">
    <member type="way" ref="5000239" role="left" />
    <member type="way" ref="5000028" role="centerline" />
    <member type="way" ref="5000237" role="right" />
    <tag k="type" v="lanelet" />
    <tag k="subtype" v="road" />
    <tag k="location" v="urban" />
    <tag k="turn_direction" v="straight" />
    <tag k="speed_limit" v="50" />
    <tag k="speed_ref" v="40" />
    <tag k="one_way" v="yes" />
  </relation>
  <relation id="29" version="1" visible="true">
    <member type="way" ref="5000240" role="left" />
    <member type="way" ref="5000029" role="centerline" />
    <member type="way" ref="5000238" role="right" />
    <tag k="type" v="lanelet" />
    <tag k="subtype" v="road" />
    <tag k="location" v="urban" />
    <tag k="turn_direction" v="straight" />
    <tag k="speed_limit" v="50" />
    <tag k="speed_ref" v="40" />
    <tag k="one_way" v="yes" />
  </relation>
  <relation id="30" version="1" visible="true">
    <member type="way" ref="5000262" role="left" />
    <member type="way" ref="5000030" role="centerline" />
    <member type="way" ref="5000266" role="right" />
    <tag k="type" v="lanelet" />
    <tag k="subtype" v="road" />
    <tag k="location" v="urban" />
    <tag k="turn_direction" v="right" />
    <tag k="speed_limit" v="50" />
    <tag k="speed_ref" v="40" />
    <tag k="one_way" v="yes" />
  </relation>
  <relation id="31" version="1" visible="true">
    <member type="way" ref="5000263" role="left" />
    <member type="way" ref="5000031" role="centerline" />
    <member type="way" ref="5000267" role="right" />
    <tag k="type" v="lanelet" />
    <tag k="subtype" v="road" />
    <tag k="location" v="urban" />
    <tag k="turn_direction" v="straight" />
    <tag k="speed_limit" v="50" />
    <tag k="speed_ref" v="40" />
    <tag k="one_way" v="yes" />
  </relation>
  <relation id="32" version="1" visible="true">
    <member type="way" ref="5000132" role="left" />
    <member type="way" ref="5000032" role="centerline" />
    <member type="way" ref="5000133" role="right" />
    <tag k="type" v="lanelet" />
    <tag k="subtype" v="road" />
    <tag k="location" v="urban" />
    <tag k="turn_direction" v="straight" />
    <tag k="speed_limit" v="50" />
    <tag k="speed_ref" v="40" />
    <tag k="one_way" v="yes" />
  </relation>
  <relation id="33" version="1" visible="true">
    <member type="way" ref="5000119" role="left" />
    <member type="way" ref="5000033" role="centerline" />
    <member type="way" ref="5000241" role="right" />
    <tag k="type" v="lanelet" />
    <tag k="subtype" v="road" />
    <tag k="location" v="urban" />
    <tag k="turn_direction" v="straight" />
    <tag k="speed_limit" v="50" />
    <tag k="speed_ref" v="40" />
    <tag k="one_way" v="yes" />
  </relation>
  <relation id="34" version="1" visible="true">
    <member type="way" ref="5000277" role="left" />
    <member type="way" ref="5000034" role="centerline" />
    <member type="way" ref="5000248" role="right" />
    <tag k="type" v="lanelet" />
    <tag k="subtype" v="road" />
    <tag k="location" v="urban" />
    <tag k="turn_direction" v="straight" />
    <tag k="speed_limit" v="50" />
    <tag k="speed_ref" v="40" />
    <tag k="one_way" v="yes" />
  </relation>
  <relation id="35" version="1" visible="true">
    <member type="way" ref="5000105" role="left" />
    <member type="way" ref="5000035" role="centerline" />
    <member type="way" ref="5000106" role="right" />
    <tag k="type" v="lanelet" />
    <tag k="subtype" v="road" />
    <tag k="location" v="urban" />
    <tag k="turn_direction" v="straight" />
    <tag k="speed_limit" v="50" />
    <tag k="speed_ref" v="40" />
    <tag k="one_way" v="yes" />
  </relation>
  <relation id="36" version="1" visible="true">
    <member type="way" ref="5000278" role="left" />
    <member type="way" ref="5000036" role="centerline" />
    <member type="way" ref="5000249" role="right" />
    <tag k="type" v="lanelet" />
    <tag k="subtype" v="road" />
    <tag k="location" v="urban" />
    <tag k="turn_direction" v="straight" />
    <tag k="speed_limit" v="50" />
    <tag k="speed_ref" v="40" />
    <tag k="one_way" v="yes" />
  </relation>
  <relation id="37" version="1" visible="true">
    <member type="way" ref="5000134" role="left" />
    <member type="way" ref="5000037" role="centerline" />
    <member type="way" ref="5000135" role="right" />
    <tag k="type" v="lanelet" />
    <tag k="subtype" v="road" />
    <tag k="location" v="urban" />
    <tag k="turn_direction" v="straight" />
    <tag k="speed_limit" v="50" />
    <tag k="speed_ref" v="40" />
    <tag k="one_way" v="yes" />
  </relation>
  <relation id="38" version="1" visible="true">
    <member type="way" ref="5000130" role="left" />
    <member type="way" ref="5000038" role="centerline" />
    <member type="way" ref="5000131" role="right" />
    <tag k="type" v="lanelet" />
    <tag k="subtype" v="road" />
    <tag k="location" v="urban" />
    <tag k="turn_direction" v="left" />
    <tag k="speed_limit" v="50" />
    <tag k="speed_ref" v="40" />
    <tag k="one_way" v="yes" />
  </relation>
  <relation id="39" version="1" visible="true">
    <member type="way" ref="5000121" role="left" />
    <member type="way" ref="5000039" role="centerline" />
    <member type="way" ref="5000123" role="right" />
    <tag k="type" v="lanelet" />
    <tag k="subtype" v="road" />
    <tag k="location" v="urban" />
    <tag k="turn_direction" v="straight" />
    <tag k="speed_limit" v="50" />
    <tag k="speed_ref" v="40" />
    <tag k="one_way" v="yes" />
  </relation>
  <relation id="40" version="1" visible="true">
    <member type="way" ref="5000127" role="left" />
    <member type="way" ref="5000040" role="centerline" />
    <member type="way" ref="5000129" role="right" />
    <tag k="type" v="lanelet" />
    <tag k="subtype" v="road" />
    <tag k="location" v="urban" />
    <tag k="turn_direction" v="straight" />
    <tag k="speed_limit" v="50" />
    <tag k="speed_ref" v="40" />
    <tag k="one_way" v="yes" />
  </relation>
  <relation id="41" version="1" visible="true">
    <member type="way" ref="5000122" role="left" />
    <member type="way" ref="5000041" role="centerline" />
    <member type="way" ref="5000124" role="right" />
    <tag k="type" v="lanelet" />
    <tag k="subtype" v="road" />
    <tag k="location" v="urban" />
    <tag k="turn_direction" v="left" />
    <tag k="speed_limit" v="50" />
    <tag k="speed_ref" v="40" />
    <tag k="one_way" v="yes" />
  </relation>
  <relation id="42" version="1" visible="true">
    <member type="way" ref="5000148" role="left" />
    <member type="way" ref="5000042" role="centerline" />
    <member type="way" ref="5000293" role="right" />
    <tag k="type" v="lanelet" />
    <tag k="subtype" v="road" />
    <tag k="location" v="urban" />
    <tag k="turn_direction" v="straight" />
    <tag k="speed_limit" v="40" />
    <tag k="speed_ref" v="40" />
    <tag k="one_way" v="yes" />
  </relation>
  <relation id="43" version="1" visible="true">
    <member type="way" ref="5000149" role="left" />
    <member type="way" ref="5000043" role="centerline" />
    <member type="way" ref="5000150" role="right" />
    <tag k="type" v="lanelet" />
    <tag k="subtype" v="road" />
    <tag k="location" v="urban" />
    <tag k="turn_direction" v="straight" />
    <tag k="speed_limit" v="40" />
    <tag k="speed_ref" v="30" />
    <tag k="one_way" v="yes" />
  </relation>
  <relation id="44" version="1" visible="true">
    <member type="way" ref="5000151" role="left" />
    <member type="way" ref="5000044" role="centerline" />
    <member type="way" ref="5000152" role="right" />
    <tag k="type" v="lanelet" />
    <tag k="subtype" v="road" />
    <tag k="location" v="urban" />
    <tag k="turn_direction" v="straight" />
    <tag k="speed_limit" v="40" />
    <tag k="speed_ref" v="30" />
    <tag k="one_way" v="yes" />
  </relation>
  <relation id="45" version="1" visible="true">
    <member type="way" ref="5000153" role="left" />
    <member type="way" ref="5000045" role="centerline" />
    <member type="way" ref="5000154" role="right" />
    <tag k="type" v="lanelet" />
    <tag k="subtype" v="road" />
    <tag k="location" v="urban" />
    <tag k="turn_direction" v="straight" />
    <tag k="speed_limit" v="40" />
    <tag k="speed_ref" v="40" />
    <tag k="one_way" v="yes" />
  </relation>
  <relation id="46" version="1" visible="true">
    <member type="way" ref="5000305" role="left" />
    <member type="way" ref="5000046" role="centerline" />
    <member type="way" ref="5000156" role="right" />
    <tag k="type" v="lanelet" />
    <tag k="subtype" v="road" />
    <tag k="location" v="urban" />
    <tag k="turn_direction" v="straight" />
    <tag k="speed_limit" v="40" />
    <tag k="speed_ref" v="40" />
    <tag k="one_way" v="yes" />
  </relation>
  <relation id="47" version="1" visible="true">
    <member type="way" ref="5000157" role="left" />
    <member type="way" ref="5000047" role="centerline" />
    <member type="way" ref="5000308" role="right" />
    <tag k="type" v="lanelet" />
    <tag k="subtype" v="road" />
    <tag k="location" v="urban" />
    <tag k="turn_direction" v="straight" />
    <tag k="speed_limit" v="40" />
    <tag k="speed_ref" v="30" />
    <tag k="one_way" v="yes" />
  </relation>
  <relation id="48" version="1" visible="true">
    <member type="way" ref="5000161" role="left" />
    <member type="way" ref="5000049" role="centerline" />
    <member type="way" ref="5000162" role="right" />
    <tag k="type" v="lanelet" />
    <tag k="subtype" v="road" />
    <tag k="location" v="urban" />
    <tag k="turn_direction" v="straight" />
    <tag k="speed_limit" v="40" />
    <tag k="speed_ref" v="30" />
    <tag k="one_way" v="yes" />
  </relation>
  <relation id="49" version="1" visible="true">
    <member type="way" ref="5000149" role="left" />
    <member type="way" ref="5000050" role="centerline" />
    <member type="way" ref="5000163" role="right" />
    <tag k="type" v="lanelet" />
    <tag k="subtype" v="road" />
    <tag k="location" v="urban" />
    <tag k="turn_direction" v="straight" />
    <tag k="speed_limit" v="40" />
    <tag k="speed_ref" v="30" />
    <tag k="one_way" v="yes" />
  </relation>
  <relation id="50" version="1" visible="true">
    <member type="way" ref="5000148" role="left" />
    <member type="way" ref="5000052" role="centerline" />
    <member type="way" ref="5000297" role="right" />
    <tag k="type" v="lanelet" />
    <tag k="subtype" v="road" />
    <tag k="location" v="urban" />
    <tag k="turn_direction" v="straight" />
    <tag k="speed_limit" v="40" />
    <tag k="speed_ref" v="40" />
    <tag k="one_way" v="yes" />
  </relation>
  <relation id="51" version="1" visible="true">
    <member type="way" ref="5000168" role="left" />
    <member type="way" ref="5000054" role="centerline" />
    <member type="way" ref="5000169" role="right" />
    <tag k="type" v="lanelet" />
    <tag k="subtype" v="road" />
    <tag k="location" v="urban" />
    <tag k="turn_direction" v="straight" />
    <tag k="speed_limit" v="40" />
    <tag k="speed_ref" v="30" />
    <tag k="one_way" v="yes" />
  </relation>
  <relation id="52" version="1" visible="true">
    <member type="way" ref="5000157" role="left" />
    <member type="way" ref="5000055" role="centerline" />
    <member type="way" ref="5000170" role="right" />
    <tag k="type" v="lanelet" />
    <tag k="subtype" v="road" />
    <tag k="location" v="urban" />
    <tag k="turn_direction" v="straight" />
    <tag k="speed_limit" v="40" />
    <tag k="speed_ref" v="30" />
    <tag k="one_way" v="yes" />
  </relation>
  <relation id="53" version="1" visible="true">
    <member type="way" ref="5000171" role="left" />
    <member type="way" ref="5000056" role="centerline" />
    <member type="way" ref="5000172" role="right" />
    <tag k="type" v="lanelet" />
    <tag k="subtype" v="road" />
    <tag k="location" v="urban" />
    <tag k="turn_direction" v="straight" />
    <tag k="speed_limit" v="40" />
    <tag k="speed_ref" v="40" />
    <tag k="one_way" v="yes" />
  </relation>
  <relation id="54" version="1" visible="true">
    <member type="way" ref="5000153" role="left" />
    <member type="way" ref="5000057" role="centerline" />
    <member type="way" ref="5000174" role="right" />
    <tag k="type" v="lanelet" />
    <tag k="subtype" v="road" />
    <tag k="location" v="urban" />
    <tag k="turn_direction" v="straight" />
    <tag k="speed_limit" v="40" />
    <tag k="speed_ref" v="40" />
    <tag k="one_way" v="yes" />
  </relation>
  <relation id="55" version="1" visible="true">
    <member type="way" ref="5000175" role="left" />
    <member type="way" ref="5000058" role="centerline" />
    <member type="way" ref="5000176" role="right" />
    <tag k="type" v="lanelet" />
    <tag k="subtype" v="road" />
    <tag k="location" v="urban" />
    <tag k="turn_direction" v="straight" />
    <tag k="speed_limit" v="40" />
    <tag k="speed_ref" v="30" />
    <tag k="one_way" v="yes" />
  </relation>
  <relation id="56" version="1" visible="true">
    <member type="way" ref="5000164" role="left" />
    <member type="way" ref="5000062" role="centerline" />
    <member type="way" ref="5000294" role="right" />
    <tag k="type" v="lanelet" />
    <tag k="subtype" v="road" />
    <tag k="location" v="urban" />
    <tag k="turn_direction" v="right" />
    <tag k="speed_limit" v="40" />
    <tag k="speed_ref" v="25" />
    <tag k="one_way" v="yes" />
  </relation>
  <relation id="57" version="1" visible="true">
    <member type="way" ref="5000180" role="left" />
    <member type="way" ref="5000063" role="centerline" />
    <member type="way" ref="5000319" role="right" />
    <tag k="type" v="lanelet" />
    <tag k="subtype" v="road" />
    <tag k="location" v="urban" />
    <tag k="turn_direction" v="straight" />
    <tag k="speed_limit" v="40" />
    <tag k="speed_ref" v="30" />
    <tag k="one_way" v="yes" />
  </relation>
  <relation id="58" version="1" visible="true">
    <member type="way" ref="5000182" role="left" />
    <member type="way" ref="5000064" role="centerline" />
    <member type="way" ref="5000183" role="right" />
    <tag k="type" v="lanelet" />
    <tag k="subtype" v="road" />
    <tag k="location" v="urban" />
    <tag k="turn_direction" v="straight" />
    <tag k="speed_limit" v="40" />
    <tag k="speed_ref" v="30" />
    <tag k="one_way" v="yes" />
  </relation>
  <relation id="59" version="1" visible="true">
    <member type="way" ref="5000175" role="left" />
    <member type="way" ref="5000065" role="centerline" />
    <member type="way" ref="5000184" role="right" />
    <tag k="type" v="lanelet" />
    <tag k="subtype" v="road" />
    <tag k="location" v="urban" />
    <tag k="turn_direction" v="straight" />
    <tag k="speed_limit" v="40" />
    <tag k="speed_ref" v="30" />
    <tag k="one_way" v="yes" />
  </relation>
  <relation id="60" version="1" visible="true">
    <member type="way" ref="5000151" role="left" />
    <member type="way" ref="5000066" role="centerline" />
    <member type="way" ref="5000185" role="right" />
    <tag k="type" v="lanelet" />
    <tag k="subtype" v="road" />
    <tag k="location" v="urban" />
    <tag k="turn_direction" v="straight" />
    <tag k="speed_limit" v="40" />
    <tag k="speed_ref" v="30" />
    <tag k="one_way" v="yes" />
  </relation>
  <relation id="61" version="1" visible="true">
    <member type="way" ref="5000186" role="left" />
    <member type="way" ref="5000067" role="centerline" />
    <member type="way" ref="5000187" role="right" />
    <tag k="type" v="lanelet" />
    <tag k="subtype" v="road" />
    <tag k="location" v="urban" />
    <tag k="turn_direction" v="straight" />
    <tag k="speed_limit" v="40" />
    <tag k="speed_ref" v="30" />
    <tag k="one_way" v="yes" />
  </relation>
  <relation id="62" version="1" visible="true">
    <member type="way" ref="5000188" role="left" />
    <member type="way" ref="5000068" role="centerline" />
    <member type="way" ref="5000189" role="right" />
    <tag k="type" v="lanelet" />
    <tag k="subtype" v="road" />
    <tag k="location" v="urban" />
    <tag k="turn_direction" v="straight" />
    <tag k="speed_limit" v="40" />
    <tag k="speed_ref" v="30" />
    <tag k="one_way" v="yes" />
  </relation>
  <relation id="63" version="1" visible="true">
    <member type="way" ref="5000190" role="left" />
    <member type="way" ref="5000069" role="centerline" />
    <member type="way" ref="5000191" role="right" />
    <tag k="type" v="lanelet" />
    <tag k="subtype" v="road" />
    <tag k="location" v="urban" />
    <tag k="turn_direction" v="right" />
    <tag k="speed_limit" v="50" />
    <tag k="speed_ref" v="25" />
    <tag k="one_way" v="yes" />
  </relation>
  <relation id="64" version="1" visible="true">
    <member type="way" ref="5000192" role="left" />
    <member type="way" ref="5000070" role="centerline" />
    <member type="way" ref="5000193" role="right" />
    <tag k="type" v="lanelet" />
    <tag k="subtype" v="road" />
    <tag k="location" v="urban" />
    <tag k="turn_direction" v="left" />
    <tag k="speed_limit" v="50" />
    <tag k="speed_ref" v="25" />
    <tag k="one_way" v="yes" />
  </relation>
  <relation id="65" version="1" visible="true">
    <member type="way" ref="5000194" role="left" />
    <member type="way" ref="5000071" role="centerline" />
    <member type="way" ref="5000195" role="right" />
    <tag k="type" v="lanelet" />
    <tag k="subtype" v="road" />
    <tag k="location" v="urban" />
    <tag k="turn_direction" v="left" />
    <tag k="speed_limit" v="40" />
    <tag k="speed_ref" v="25" />
    <tag k="one_way" v="yes" />
  </relation>
  <relation id="66" version="1" visible="true">
    <member type="way" ref="5000196" role="left" />
    <member type="way" ref="5000072" role="centerline" />
    <member type="way" ref="5000197" role="right" />
    <tag k="type" v="lanelet" />
    <tag k="subtype" v="road" />
    <tag k="location" v="urban" />
    <tag k="turn_direction" v="right" />
    <tag k="speed_limit" v="40" />
    <tag k="speed_ref" v="25" />
    <tag k="one_way" v="yes" />
  </relation>
  <relation id="67" version="1" visible="true">
    <member type="way" ref="5000198" role="left" />
    <member type="way" ref="5000073" role="centerline" />
    <member type="way" ref="5000199" role="right" />
    <tag k="type" v="lanelet" />
    <tag k="subtype" v="road" />
    <tag k="location" v="urban" />
    <tag k="turn_direction" v="left" />
    <tag k="speed_limit" v="50" />
    <tag k="speed_ref" v="25" />
    <tag k="one_way" v="yes" />
  </relation>
  <relation id="68" version="1" visible="true">
    <member type="way" ref="5000200" role="left" />
    <member type="way" ref="5000074" role="centerline" />
    <member type="way" ref="5000201" role="right" />
    <tag k="type" v="lanelet" />
    <tag k="subtype" v="road" />
    <tag k="location" v="urban" />
    <tag k="turn_direction" v="right" />
    <tag k="speed_limit" v="40" />
    <tag k="speed_ref" v="25" />
    <tag k="one_way" v="yes" />
  </relation>
  <relation id="69" version="1" visible="true">
    <member type="way" ref="5000202" role="left" />
    <member type="way" ref="5000075" role="centerline" />
    <member type="way" ref="5000203" role="right" />
    <tag k="type" v="lanelet" />
    <tag k="subtype" v="road" />
    <tag k="location" v="urban" />
    <tag k="turn_direction" v="left" />
    <tag k="speed_limit" v="40" />
    <tag k="speed_ref" v="25" />
    <tag k="one_way" v="yes" />
  </relation>
  <relation id="70" version="1" visible="true">
    <member type="way" ref="5000204" role="left" />
    <member type="way" ref="5000076" role="centerline" />
    <member type="way" ref="5000205" role="right" />
    <tag k="type" v="lanelet" />
    <tag k="subtype" v="road" />
    <tag k="location" v="urban" />
    <tag k="turn_direction" v="right" />
    <tag k="speed_limit" v="40" />
    <tag k="speed_ref" v="25" />
    <tag k="one_way" v="yes" />
  </relation>
  <relation id="71" version="1" visible="true">
    <member type="way" ref="5000206" role="left" />
    <member type="way" ref="5000077" role="centerline" />
    <member type="way" ref="5000320" role="right" />
    <tag k="type" v="lanelet" />
    <tag k="subtype" v="road" />
    <tag k="location" v="urban" />
    <tag k="turn_direction" v="straight" />
    <tag k="speed_limit" v="40" />
    <tag k="speed_ref" v="30" />
    <tag k="one_way" v="yes" />
  </relation>
  <relation id="72" version="1" visible="true">
    <member type="way" ref="5000208" role="left" />
    <member type="way" ref="5000078" role="centerline" />
    <member type="way" ref="5000209" role="right" />
    <tag k="type" v="lanelet" />
    <tag k="subtype" v="road" />
    <tag k="location" v="urban" />
    <tag k="turn_direction" v="right" />
    <tag k="speed_limit" v="50" />
    <tag k="speed_ref" v="25" />
    <tag k="one_way" v="yes" />
  </relation>
  <relation id="73" version="1" visible="true">
    <member type="way" ref="5000210" role="left" />
    <member type="way" ref="5000079" role="centerline" />
    <member type="way" ref="5000211" role="right" />
    <tag k="type" v="lanelet" />
    <tag k="subtype" v="road" />
    <tag k="location" v="urban" />
    <tag k="turn_direction" v="left" />
    <tag k="speed_limit" v="40" />
    <tag k="speed_ref" v="25" />
    <tag k="one_way" v="yes" />
  </relation>
  <relation id="74" version="1" visible="true">
    <member type="way" ref="5000171" role="left" />
    <member type="way" ref="5000080" role="centerline" />
    <member type="way" ref="5000212" role="right" />
    <tag k="type" v="lanelet" />
    <tag k="subtype" v="road" />
    <tag k="location" v="urban" />
    <tag k="turn_direction" v="straight" />
    <tag k="speed_limit" v="40" />
    <tag k="speed_ref" v="40" />
    <tag k="one_way" v="yes" />
  </relation>
  <relation id="75" version="1" visible="true">
    <member type="way" ref="5000213" role="left" />
    <member type="way" ref="5000081" role="centerline" />
    <member type="way" ref="5000214" role="right" />
    <tag k="type" v="lanelet" />
    <tag k="subtype" v="road" />
    <tag k="location" v="urban" />
    <tag k="turn_direction" v="straight" />
    <tag k="speed_limit" v="40" />
    <tag k="speed_ref" v="40" />
    <tag k="one_way" v="yes" />
  </relation>
  <relation id="76" version="1" visible="true">
    <member type="way" ref="5000210" role="left" />
    <member type="way" ref="5000082" role="centerline" />
    <member type="way" ref="5000215" role="right" />
    <tag k="type" v="lanelet" />
    <tag k="subtype" v="road" />
    <tag k="location" v="urban" />
    <tag k="turn_direction" v="right" />
    <tag k="speed_limit" v="40" />
    <tag k="speed_ref" v="25" />
    <tag k="one_way" v="yes" />
  </relation>
  <relation id="77" version="1" visible="true">
    <member type="way" ref="5000208" role="left" />
    <member type="way" ref="5000083" role="centerline" />
    <member type="way" ref="5000216" role="right" />
    <tag k="type" v="lanelet" />
    <tag k="subtype" v="road" />
    <tag k="location" v="urban" />
    <tag k="turn_direction" v="left" />
    <tag k="speed_limit" v="40" />
    <tag k="speed_ref" v="25" />
    <tag k="one_way" v="yes" />
  </relation>
  <relation id="78" version="1" visible="true">
    <member type="way" ref="5000166" role="left" />
    <member type="way" ref="5000085" role="centerline" />
    <member type="way" ref="5000234" role="right" />
    <tag k="type" v="lanelet" />
    <tag k="subtype" v="road" />
    <tag k="location" v="urban" />
    <tag k="turn_direction" v="straight" />
    <tag k="speed_limit" v="40" />
    <tag k="speed_ref" v="30" />
    <tag k="one_way" v="yes" />
  </relation>
  <relation id="79" version="1" visible="true">
    <member type="way" ref="5000222" role="left" />
    <member type="way" ref="5000086" role="centerline" />
    <member type="way" ref="5000223" role="right" />
    <tag k="type" v="lanelet" />
    <tag k="subtype" v="road" />
    <tag k="location" v="urban" />
    <tag k="turn_direction" v="straight" />
    <tag k="speed_limit" v="40" />
    <tag k="speed_ref" v="40" />
    <tag k="one_way" v="yes" />
  </relation>
  <relation id="80" version="1" visible="true">
    <member type="way" ref="5000217" role="left" />
    <member type="way" ref="5000087" role="centerline" />
    <member type="way" ref="5000142" role="right" />
    <tag k="type" v="lanelet" />
    <tag k="subtype" v="road" />
    <tag k="location" v="urban" />
    <tag k="turn_direction" v="right" />
    <tag k="speed_limit" v="40" />
    <tag k="speed_ref" v="25" />
    <tag k="one_way" v="yes" />
  </relation>
  <relation id="81" version="1" visible="true">
    <member type="way" ref="5000218" role="left" />
    <member type="way" ref="5000088" role="centerline" />
    <member type="way" ref="5000143" role="right" />
    <tag k="type" v="lanelet" />
    <tag k="subtype" v="road" />
    <tag k="location" v="urban" />
    <tag k="turn_direction" v="right" />
    <tag k="speed_limit" v="40" />
    <tag k="speed_ref" v="25" />
    <tag k="one_way" v="yes" />
  </relation>
  <relation id="82" version="1" visible="true">
    <member type="way" ref="5000218" role="left" />
    <member type="way" ref="5000089" role="centerline" />
    <member type="way" ref="5000220" role="right" />
    <tag k="type" v="lanelet" />
    <tag k="subtype" v="road" />
    <tag k="location" v="urban" />
    <tag k="turn_direction" v="right" />
    <tag k="speed_limit" v="40" />
    <tag k="speed_ref" v="25" />
    <tag k="one_way" v="yes" />
  </relation>
  <relation id="100000" version="1" visible="true">
    <member type="way" ref="5000411" role="ref_line" />
    <member type="way" ref="2000000" role="refers" />
    <tag k="type" v="regulatory_element" />
    <tag k="subtype" v="traffic_light" />
  </relation>
</osm>
