{
  "type": "FeatureCollection",
  "features": [
    {
      "type": "Feature",
      "properties": {
        "id": 5034112,
        "offset": 0,
        "red_duration": 10,
        "green_duration": 8
      },
      "geometry": {
        "type": "LineString",
        "coordinates": [
          [
            26.740633012684214,
            58.36468604080471,
            37.858123779296875
          ],
          [
            26.74063244295303,
            58.36469905882202,
            37.834999084472656
          ],
          [
            26.740631613066952,
            58.36471441796405,
            37.821250915527344
          ]
        ]
      }
    },
    {
      "type": "Feature",
      "properties": {
        "id": 5034109,
        "offset": 0,
        "red_duration": 10,
        "green_duration": 8
      },
      "geometry": {
        "type": "LineString",
        "coordinates": [
          [
            26.739821580107662,
            58.364645531359194,
            38.66937255859375
          ],
          [
            26.739822756574675,
            58.36462886618733,
            38.64249801635742
          ],
          [
            26.73982504377186,
            58.36460573659968,
            38.68562316894531
          ]
        ]
      }
    },
    {
      "type": "Feature",
      "properties": {
        "id": 5034111,
        "offset": 0,
        "red_duration": 10,
        "green_duration": 8
      },
      "geometry": {
        "type": "LineString",
        "coordinates": [
          [
            26.74021561227589,
            58.364836327520216,
            38.11437225341797
          ],
          [
            26.740186398021056,
            58.364837378284385,
            38.12437438964844
          ],
          [
            26.74013353251512,
            58.364839722422744,
            38.106876373291016
          ],
          [
            26.740109434072586,
            58.364840417434664,
            38.30062484741211
          ]
        ]
      }
    },
    {
      "type": "Feature",
      "properties": {
        "id": 5034110,
        "offset": 0,
        "red_duration": 10,
        "green_duration": 8
      },
      "geometry": {
        "type": "LineString",
        "coordinates": [
          [
            26.740265412568842,
            58.36483521478392,
            38.09687423706055
          ],
          [
            26.740240141481795,
            58.36483592124648,
            38.10874938964844
          ],
          [
            26.74021561227589,
            58.364836327520216,
            38.11437225341797
          ]
        ]
      }
    },
    {
      "type": "Feature",
      "properties": {
        "id": 5034108,
        "offset": 0,
        "red_duration": 10,
        "green_duration": 8
      },
      "geometry": {
        "type": "LineString",
        "coordinates": [
          [
            26.740266739355746,
            58.364479796269215,
            38.333126068115234
          ],
          [
            26.740295781429577,
            58.364480270017324,
            38.274375915527344
          ],
          [
            26.740350885088517,
            58.36448095256069,
            38.209373474121094
          ],
          [
            26.740406256330722,
            58.36448200466464,
            38.12562561035156
          ],
          [
            26.74043634118413,
            58.364482701487205,
            38.133750915527344
          ]
        ]
      }
    },
    {
      "type": "Feature",
      "properties": {
        "id": 5033716,
        "offset": 0,
        "red_duration": 10,
        "green_duration": 8
      },
      "geometry": {
        "type": "LineString",
        "coordinates": [
          [
            26.72970231081489,
            58.376675836082946,
            35.9375
          ],
          [
            26.729716484179345,
            58.37666761270254,
            35.98812484741211
          ],
          [
            26.729733924476815,
            58.3766579455862,
            35.9693717956543
          ],
          [
            26.729831674209425,
            58.37670469362736,
            35.70000076293945
          ],
          [
            26.729846560715128,
            58.376695487532906,
            35.676876068115234
          ],
          [
            26.72986115837195,
            58.376686248281445,
            35.70812225341797
          ]
        ]
      }
    },
    {
      "type": "Feature",
      "properties": {
        "id": 5033715,
        "offset": 0,
        "red_duration": 10,
        "green_duration": 8
      },
      "geometry": {
        "type": "LineString",
        "coordinates": [
          [
            26.73018679681609,
            58.37691292079995,
            34.709999084472656
          ],
          [
            26.73020133334262,
            58.376903996101404,
            34.73749923706055
          ],
          [
            26.730235448805118,
            58.37688469005478,
            34.80999755859375
          ],
          [
            26.730252302359172,
            58.37687509498353,
            34.86750030517578
          ]
        ]
      }
    },
    {
      "type": "Feature",
      "properties": {
        "id": 5033288,
        "offset": 0,
        "red_duration": 10,
        "green_duration": 8
      },
      "geometry": {
        "type": "LineString",
        "coordinates": [
          [
            26.73030986909021,
            58.37716963682628,
            34.3125
          ],
          [
            26.730291341271187,
            58.377160901678394,
            34.29874801635742
          ],
          [
            26.73027067284084,
            58.377151157307054,
            34.282501220703125
          ],
          [
            26.73025056158459,
            58.37714167561349,
            34.26499938964844
          ],
          [
            26.730231327674183,
            58.37713260754744,
            34.2443733215332
          ],
          [
            26.7302136826775,
            58.37712428858785,
            34.25124740600586
          ],
          [
            26.730197804757008,
            58.37711678427089,
            34.258750915527344
          ]
        ]
      }
    },
    {
      "type": "Feature",
      "properties": {
        "id": 5033227,
        "offset": 0,
        "red_duration": 10,
        "green_duration": 8
      },
      "geometry": {
        "type": "LineString",
        "coordinates": [
          [
            26.73090569523009,
            58.37719270188279,
            34.19874954223633
          ],
          [
            26.73087815559689,
            58.3772073557231,
            34.09812545776367
          ],
          [
            26.7308374811918,
            58.377230264521366,
            34.0724983215332
          ],
          [
            26.73079573513861,
            58.377253252281974,
            34.05187225341797
          ],
          [
            26.73076770023076,
            58.37726868987855,
            34.09062576293945
          ]
        ]
      }
    },
    {
      "type": "Feature",
      "properties": {
        "id": 5033717,
        "offset": 0,
        "red_duration": 10,
        "green_duration": 8
      },
      "geometry": {
        "type": "LineString",
        "coordinates": [
          [
            26.730770602754717,
            58.37694534319351,
            34.46500015258789
          ],
          [
            26.730787303480984,
            58.37695284627735,
            34.44062423706055
          ],
          [
            26.730825522703924,
            58.376972040723246,
            34.380001068115234
          ],
          [
            26.730863535930094,
            58.37699001988024,
            34.29874801635742
          ],
          [
            26.73088644288131,
            58.37700073191967,
            34.323123931884766
          ]
        ]
      }
    },
    {
      "type": "Feature",
      "properties": {
        "id": 5033718,
        "offset": 0,
        "red_duration": 10,
        "green_duration": 8
      },
      "geometry": {
        "type": "LineString",
        "coordinates": [
          [
            26.73193436572884,
            58.37622020984679,
            34.82187271118164
          ],
          [
            26.73191631332081,
            58.376211963870816,
            34.81749725341797
          ],
          [
            26.7318765662773,
            58.376194069733074,
            34.79812240600586
          ],
          [
            26.731858798435574,
            58.37618583451543,
            34.83937454223633
          ]
        ]
      }
    },
    {
      "type": "Feature",
      "properties": {
        "id": 5033228,
        "offset": 0,
        "red_duration": 10,
        "green_duration": 8
      },
      "geometry": {
        "type": "LineString",
        "coordinates": [
          [
            26.731744195748178,
            58.37637484014125,
            34.796875
          ],
          [
            26.731725078739505,
            58.37636604442862,
            34.79624938964844
          ],
          [
            26.73170684503527,
            58.37635746951182,
            34.78312683105469
          ]
        ]
      }
    },
    {
      "type": "Feature",
      "properties": {
        "id": 5033790,
        "offset": 0,
        "red_duration": 10,
        "green_duration": 8
      },
      "geometry": {
        "type": "LineString",
        "coordinates": [
          [
            26.727793492815294,
            58.37556246035631,
            41.991249084472656
          ],
          [
            26.72781380786525,
            58.37557145347982,
            42.01499938964844
          ],
          [
            26.72784864520416,
            58.375586103186635,
            41.96062469482422
          ],
          [
            26.72787232819888,
            58.37559655982282,
            41.95000076293945
          ]
        ]
      }
    },
    {
      "type": "Feature",
      "properties": {
        "id": 5033787,
        "offset": 0,
        "red_duration": 10,
        "green_duration": 8
      },
      "geometry": {
        "type": "LineString",
        "coordinates": [
          [
            26.727500568757023,
            58.375745360422215,
            42.131874084472656
          ],
          [
            26.727482507792324,
            58.3757365235881,
            42.100624084472656
          ],
          [
            26.727458142790674,
            58.37572514703315,
            42.205623626708984
          ]
        ]
      }
    },
    {
      "type": "Feature",
      "properties": {
        "id": 5033695,
        "offset": 0,
        "red_duration": 10,
        "green_duration": 8
      },
      "geometry": {
        "type": "LineString",
        "coordinates": [
          [
            26.727895282991902,
            58.37575974159398,
            41.26499938964844
          ],
          [
            26.72788058789296,
            58.375768236051144,
            41.319374084472656
          ],
          [
            26.727851535745035,
            58.375785029539685,
            41.299373626708984
          ],
          [
            26.727828385077522,
            58.375797363080466,
            41.30500030517578
          ]
        ]
      }
    },
    {
      "type": "Feature",
      "properties": {
        "id": 5033788,
        "offset": 0,
        "red_duration": 10,
        "green_duration": 8
      },
      "geometry": {
        "type": "LineString",
        "coordinates": [
          [
            26.735399622097134,
            58.37416717992714,
            34.16875076293945
          ],
          [
            26.73537950570281,
            58.37415820226782,
            34.13874816894531
          ],
          [
            26.735337244231825,
            58.374139341552045,
            34.06812286376953
          ],
          [
            26.735315067035454,
            58.37412944416771,
            34.06749725341797
          ]
        ]
      }
    },
    {
      "type": "Feature",
      "properties": {
        "id": 5033786,
        "offset": 0,
        "red_duration": 10,
        "green_duration": 8
      },
      "geometry": {
        "type": "LineString",
        "coordinates": [
          [
            26.736117446649175,
            58.37417413869637,
            33.78437423706055
          ],
          [
            26.73610454555907,
            58.37418382457919,
            33.799373626708984
          ],
          [
            26.736089902362774,
            58.37419563409915,
            33.82749938964844
          ],
          [
            26.73593786694977,
            58.37414566707572,
            33.866249084472656
          ],
          [
            26.735924530677366,
            58.37415575714327,
            33.82562255859375
          ],
          [
            26.735904894343122,
            58.374171619843395,
            33.963748931884766
          ]
        ]
      }
    },
    {
      "type": "Feature",
      "properties": {
        "id": 5034107,
        "offset": 0,
        "red_duration": 10,
        "green_duration": 8
      },
      "geometry": {
        "type": "LineString",
        "coordinates": [
          [
            26.73588367679794,
            58.37389373676717,
            34.18562316894531
          ],
          [
            26.73590246223824,
            58.373902619039185,
            34.20249938964844
          ],
          [
            26.73592040684451,
            58.37391052615886,
            34.18562316894531
          ],
          [
            26.73595336835061,
            58.37389206491045,
            34.1974983215332
          ],
          [
            26.73597190159649,
            58.373899948502185,
            34.166873931884766
          ],
          [
            26.736015464902554,
            58.37391945535215,
            34.09749984741211
          ],
          [
            26.73603534632523,
            58.373928805146114,
            34.1349983215332
          ]
        ]
      }
    },
    {
      "type": "Feature",
      "properties": {
        "id": 5034102,
        "offset": 0,
        "red_duration": 10,
        "green_duration": 8
      },
      "geometry": {
        "type": "LineString",
        "coordinates": [
          [
            26.737653093108023,
            58.372852847673656,
            34.022499084472656
          ],
          [
            26.737632651086336,
            58.37284327504504,
            34.00437545776367
          ],
          [
            26.737593498674084,
            58.372824709423554,
            33.955623626708984
          ],
          [
            26.737572487867215,
            58.3728151523341,
            33.975624084472656
          ]
        ]
      }
    },
    {
      "type": "Feature",
      "properties": {
        "id": 5034103,
        "offset": 0,
        "red_duration": 10,
        "green_duration": 8
      },
      "geometry": {
        "type": "LineString",
        "coordinates": [
          [
            26.73808906720347,
            58.37259722721898,
            34.14125061035156
          ],
          [
            26.73810684223053,
            58.37260554908169,
            34.14437484741211
          ],
          [
            26.73812232382667,
            58.372613109464794,
            34.12687683105469
          ]
        ]
      }
    },
    {
      "type": "Feature",
      "properties": {
        "id": 5034104,
        "offset": 0,
        "red_duration": 10,
        "green_duration": 8
      },
      "geometry": {
        "type": "LineString",
        "coordinates": [
          [
            26.73812232382667,
            58.372613109464794,
            34.12687683105469
          ],
          [
            26.738144151049543,
            58.37262279816396,
            34.108123779296875
          ],
          [
            26.738185303856955,
            58.37264102773172,
            34.084373474121094
          ],
          [
            26.738208902417814,
            58.37265156669978,
            34.11249923706055
          ]
        ]
      }
    },
    {
      "type": "Feature",
      "properties": {
        "id": 5034106,
        "offset": 0,
        "red_duration": 10,
        "green_duration": 8
      },
      "geometry": {
        "type": "LineString",
        "coordinates": [
          [
            26.74008537371449,
            58.37084526230662,
            34.01874923706055
          ],
          [
            26.740098778735597,
            58.37083285610473,
            34.01499938964844
          ],
          [
            26.740123215730566,
            58.370806794982656,
            33.979373931884766
          ],
          [
            26.740138599888127,
            58.370793084892036,
            33.94499969482422
          ]
        ]
      }
    },
    {
      "type": "Feature",
      "properties": {
        "id": 5034105,
        "offset": 0,
        "red_duration": 10,
        "green_duration": 8
      },
      "geometry": {
        "type": "LineString",
        "coordinates": [
          [
            26.74021091676258,
            58.371126105974085,
            33.95812225341797
          ],
          [
            26.740193127039888,
            58.37112034688998,
            33.95249938964844
          ],
          [
            26.740171619261858,
            58.371113346246474,
            33.920623779296875
          ],
          [
            26.74014926610412,
            58.37110598749372,
            33.875
          ],
          [
            26.74010148623073,
            58.371090459998605,
            33.837501525878906
          ],
          [
            26.740069689234524,
            58.371079502688076,
            33.75937271118164
          ]
        ]
      }
    },
    {
      "type": "Feature",
      "properties": {
        "id": 5033719,
        "offset": 0,
        "red_duration": 10,
        "green_duration": 8
      },
      "geometry": {
        "type": "LineString",
        "coordinates": [
          [
            26.73217782533193,
            58.37614234545024,
            34.81187438964844
          ],
          [
            26.732198483455555,
            58.376150793462074,
            34.78312301635742
          ],
          [
            26.73223975951642,
            58.37616754558277,
            34.744998931884766
          ],
          [
            26.73226547422939,
            58.37617818887355,
            34.75
          ]
        ]
      }
    },
    {
      "type": "Feature",
      "properties": {
        "id": 5033789,
        "offset": 0,
        "red_duration": 10,
        "green_duration": 8
      },
      "geometry": {
        "type": "LineString",
        "coordinates": [
          [
            26.735382828174327,
            58.373922014368674,
            34.1724967956543
          ],
          [
            26.735395863491977,
            58.37391175831739,
            34.17749786376953
          ],
          [
            26.735425002240724,
            58.373888832228886,
            34.13999938964844
          ],
          [
            26.735439399549257,
            58.37387750455089,
            34.178749084472656
          ]
        ]
      }
    },
    {
      "type": "Feature",
      "properties": {
        "id": 5034057,
        "offset": 0,
        "red_duration": 10,
        "green_duration": 8
      },
      "geometry": {
        "type": "LineString",
        "coordinates": [
          [
            26.731591659308855,
            58.342946500802555,
            42.91437530517578
          ],
          [
            26.73159287622144,
            58.34296435378836,
            42.87062454223633
          ],
          [
            26.73159281190525,
            58.34299762088449,
            42.803749084472656
          ],
          [
            26.73159444459017,
            58.34302837508404,
            42.68812561035156
          ],
          [
            26.73159421789836,
            58.343045558237755,
            42.75562286376953
          ]
        ]
      }
    },
    {
      "type": "Feature",
      "properties": {
        "id": 5034056,
        "offset": 0,
        "red_duration": 10,
        "green_duration": 8
      },
      "geometry": {
        "type": "LineString",
        "coordinates": [
          [
            26.731590445520975,
            58.34291419308954,
            43.10749816894531
          ],
          [
            26.73159123103898,
            58.34293072002329,
            42.96187210083008
          ],
          [
            26.731591659308855,
            58.342946500802555,
            42.91437530517578
          ]
        ]
      }
    },
    {
      "type": "Feature",
      "properties": {
        "id": 5034055,
        "offset": 0,
        "red_duration": 10,
        "green_duration": 8
      },
      "geometry": {
        "type": "LineString",
        "coordinates": [
          [
            26.730914622831783,
            58.34286425454145,
            43.66562271118164
          ],
          [
            26.730913725702482,
            58.342847665146536,
            43.62062454223633
          ],
          [
            26.730911911192727,
            58.34281475071748,
            43.5099983215332
          ],
          [
            26.730910693344786,
            58.34278125936999,
            43.43499755859375
          ],
          [
            26.730910019705394,
            58.34276617068301,
            43.48500061035156
          ]
        ]
      }
    },
    {
      "type": "Feature",
      "properties": {
        "id": 5034054,
        "offset": 0,
        "red_duration": 10,
        "green_duration": 8
      },
      "geometry": {
        "type": "LineString",
        "coordinates": [
          [
            26.730915816293855,
            58.342897919036034,
            43.90437316894531
          ],
          [
            26.73091545022543,
            58.342878948041125,
            43.70249938964844
          ],
          [
            26.730914622831783,
            58.34286425454145,
            43.66562271118164
          ]
        ]
      }
    },
    {
      "type": "Feature",
      "properties": {
        "id": 5034053,
        "offset": 0,
        "red_duration": 10,
        "green_duration": 8
      },
      "geometry": {
        "type": "LineString",
        "coordinates": [
          [
            26.725290913979443,
            58.34297832092611,
            49.432498931884766
          ],
          [
            26.72529203215777,
            58.34299369405758,
            49.38437271118164
          ],
          [
            26.725292843238158,
            58.34302720331097,
            49.27937316894531
          ],
          [
            26.725295530701885,
            58.343058676765054,
            49.22374725341797
          ],
          [
            26.72529606748691,
            58.34307368019131,
            49.286251068115234
          ]
        ]
      }
    },
    {
      "type": "Feature",
      "properties": {
        "id": 5034052,
        "offset": 0,
        "red_duration": 10,
        "green_duration": 8
      },
      "geometry": {
        "type": "LineString",
        "coordinates": [
          [
            26.725288610801226,
            58.342944942732984,
            49.52124786376953
          ],
          [
            26.72529030448536,
            58.3429642475828,
            49.45624923706055
          ],
          [
            26.725290913979443,
            58.34297832092611,
            49.432498931884766
          ]
        ]
      }
    },
    {
      "type": "Feature",
      "properties": {
        "id": 5034050,
        "offset": 0,
        "red_duration": 10,
        "green_duration": 8
      },
      "geometry": {
        "type": "LineString",
        "coordinates": [
          [
            26.724611619368808,
            58.34293940175905,
            50.28312301635742
          ],
          [
            26.724609627162476,
            58.34292206995562,
            50.20750045776367
          ],
          [
            26.72460773952528,
            58.34290786572374,
            50.17124938964844
          ]
        ]
      }
    },
    {
      "type": "Feature",
      "properties": {
        "id": 5034051,
        "offset": 0,
        "red_duration": 10,
        "green_duration": 8
      },
      "geometry": {
        "type": "LineString",
        "coordinates": [
          [
            26.72460707074424,
            58.34290668586024,
            50.17124938964844
          ],
          [
            26.72460464046028,
            58.34289096128188,
            50.115623474121094
          ],
          [
            26.724599666212498,
            58.34285748298491,
            50.03125
          ],
          [
            26.72459475791406,
            58.34282546734965,
            49.94937515258789
          ],
          [
            26.72459280777411,
            58.3428094193556,
            49.9474983215332
          ]
        ]
      }
    },
    {
      "type": "Feature",
      "properties": {
        "id": 5034049,
        "offset": 0,
        "red_duration": 10,
        "green_duration": 8
      },
      "geometry": {
        "type": "LineString",
        "coordinates": [
          [
            26.740880939019732,
            58.3551928465806,
            35.38687515258789
          ],
          [
            26.74090659627705,
            58.355193569637336,
            35.350624084472656
          ],
          [
            26.740932942475546,
            58.35519415165908,
            35.276248931884766
          ],
          [
            26.74096142540102,
            58.35519499608483,
            35.24562454223633
          ],
          [
            26.740985218503088,
            58.35519574052147,
            35.16062545776367
          ]
        ]
      }
    },
    {
      "type": "Feature",
      "properties": {
        "id": 5034048,
        "offset": 0,
        "red_duration": 10,
        "green_duration": 8
      },
      "geometry": {
        "type": "LineString",
        "coordinates": [
          [
            26.74083209672392,
            58.35519160521441,
            35.41187286376953
          ],
          [
            26.740855988566032,
            58.355192149882654,
            35.40687561035156
          ],
          [
            26.740880939019732,
            58.3551928465806,
            35.38687515258789
          ]
        ]
      }
    },
    {
      "type": "Feature",
      "properties": {
        "id": 5034047,
        "offset": 0,
        "red_duration": 10,
        "green_duration": 8
      },
      "geometry": {
        "type": "LineString",
        "coordinates": [
          [
            26.740732736508235,
            58.35555984770432,
            35.540000915527344
          ],
          [
            26.740705141277008,
            58.35555909592379,
            35.52937316894531
          ],
          [
            26.74065084611691,
            58.355557853369376,
            35.46624755859375
          ],
          [
            26.740627255600973,
            58.355556979350254,
            35.45062255859375
          ]
        ]
      }
    },
    {
      "type": "Feature",
      "properties": {
        "id": 5034046,
        "offset": 0,
        "red_duration": 10,
        "green_duration": 8
      },
      "geometry": {
        "type": "LineString",
        "coordinates": [
          [
            26.74078174068436,
            58.35556187563,
            35.60874938964844
          ],
          [
            26.740756532609986,
            58.35556083858344,
            35.584999084472656
          ],
          [
            26.740732736508235,
            58.35555984770432,
            35.540000915527344
          ]
        ]
      }
    },
    {
      "type": "Feature",
      "properties": {
        "id": 5034045,
        "offset": 0,
        "red_duration": 10,
        "green_duration": 8
      },
      "geometry": {
        "type": "LineString",
        "coordinates": [
          [
            26.741183717097964,
            58.355407088955076,
            35.108123779296875
          ],
          [
            26.74118125271944,
            58.35542096936929,
            35.111873626708984
          ],
          [
            26.741178934047124,
            58.35543705335287,
            35.11750030517578
          ]
        ]
      }
    },
    {
      "type": "Feature",
      "properties": {
        "id": 5034044,
        "offset": 0,
        "red_duration": 10,
        "green_duration": 8
      },
      "geometry": {
        "type": "LineString",
        "coordinates": [
          [
            26.723158132570735,
            58.35546716728063,
            55.631874084472656
          ],
          [
            26.723155464699932,
            58.355477697370546,
            55.639373779296875
          ],
          [
            26.72314919248803,
            58.355502451292324,
            55.640625
          ],
          [
            26.723142120762116,
            58.35553657101425,
            55.61812210083008
          ]
        ]
      }
    },
    {
      "type": "Feature",
      "properties": {
        "id": 5034027,
        "offset": 0,
        "red_duration": 10,
        "green_duration": 8
      },
      "geometry": {
        "type": "LineString",
        "coordinates": [
          [
            26.722051615301645,
            58.35541224953573,
            56.04499816894531
          ],
          [
            26.72204891053997,
            58.355428509066925,
            56.01749801635742
          ],
          [
            26.72204358624529,
            58.355457391812394,
            55.964996337890625
          ],
          [
            26.722040258070216,
            58.355472592674886,
            55.95375061035156
          ]
        ]
      }
    },
    {
      "type": "Feature",
      "properties": {
        "id": 5034028,
        "offset": 0,
        "red_duration": 10,
        "green_duration": 8
      },
      "geometry": {
        "type": "LineString",
        "coordinates": [
          [
            26.72202495540021,
            58.355382126626054,
            56.07937240600586
          ],
          [
            26.722022660085443,
            58.35539482148528,
            56.076873779296875
          ],
          [
            26.72201984419327,
            58.35540902845567,
            56.051246643066406
          ]
        ]
      }
    },
    {
      "type": "Feature",
      "properties": {
        "id": 5034032,
        "offset": 0,
        "red_duration": 10,
        "green_duration": 8
      },
      "geometry": {
        "type": "LineString",
        "coordinates": [
          [
            26.721174039982394,
            58.35533637411962,
            56.44874954223633
          ],
          [
            26.72117626444624,
            58.3553171379625,
            56.24374771118164
          ],
          [
            26.721178162677717,
            58.35530481246699,
            56.207496643066406
          ]
        ]
      }
    },
    {
      "type": "Feature",
      "properties": {
        "id": 5034031,
        "offset": 0,
        "red_duration": 10,
        "green_duration": 8
      },
      "geometry": {
        "type": "LineString",
        "coordinates": [
          [
            26.721178421697456,
            58.35530421555605,
            56.207496643066406
          ],
          [
            26.721180113036695,
            58.3552855816544,
            56.17625045776367
          ],
          [
            26.721184084968,
            58.355257801574396,
            56.11750030517578
          ],
          [
            26.72118545943221,
            58.35524669106444,
            56.1193733215332
          ]
        ]
      }
    },
    {
      "type": "Feature",
      "properties": {
        "id": 5034043,
        "offset": 0,
        "red_duration": 10,
        "green_duration": 8
      },
      "geometry": {
        "type": "LineString",
        "coordinates": [
          [
            26.72283221555239,
            58.35527786840628,
            55.81187438964844
          ],
          [
            26.722864823814966,
            58.35527788102232,
            55.79874801635742
          ],
          [
            26.72293438217329,
            58.355278817389795,
            55.77312469482422
          ],
          [
            26.72296625104486,
            58.35527937467595,
            55.75062561035156
          ]
        ]
      }
    },
    {
      "type": "Feature",
      "properties": {
        "id": 5034042,
        "offset": 0,
        "red_duration": 10,
        "green_duration": 8
      },
      "geometry": {
        "type": "LineString",
        "coordinates": [
          [
            26.7404458451448,
            58.35536383646742,
            35.553749084472656
          ],
          [
            26.74044637617149,
            58.35535088309547,
            35.529998779296875
          ],
          [
            26.740447907603354,
            58.355334097341235,
            35.49187469482422
          ]
        ]
      }
    },
    {
      "type": "Feature",
      "properties": {
        "id": 5034041,
        "offset": 0,
        "red_duration": 10,
        "green_duration": 8
      },
      "geometry": {
        "type": "LineString",
        "coordinates": [
          [
            26.722661261680006,
            58.35540143632065,
            55.890625
          ],
          [
            26.722668254805324,
            58.35538668081635,
            55.865623474121094
          ],
          [
            26.722674757428916,
            58.355372076946395,
            55.86312484741211
          ]
        ]
      }
    },
    {
      "type": "Feature",
      "properties": {
        "id": 5034029,
        "offset": 0,
        "red_duration": 10,
        "green_duration": 8
      },
      "geometry": {
        "type": "LineString",
        "coordinates": [
          [
            26.721574006220308,
            58.35513611121716,
            56.19624710083008
          ],
          [
            26.72160109016521,
            58.355131982691475,
            56.15625
          ],
          [
            26.72166325685108,
            58.35512349043062,
            56.11124801635742
          ],
          [
            26.72169243348599,
            58.3551198820369,
            56.11499786376953
          ]
        ]
      }
    },
    {
      "type": "Feature",
      "properties": {
        "id": 5034030,
        "offset": 0,
        "red_duration": 10,
        "green_duration": 8
      },
      "geometry": {
        "type": "LineString",
        "coordinates": [
          [
            26.721525060356328,
            58.355143099548556,
            56.27812576293945
          ],
          [
            26.721547773191045,
            58.35513939489854,
            56.2287483215332
          ],
          [
            26.721571737864807,
            58.35513637011294,
            56.19624710083008
          ]
        ]
      }
    },
    {
      "type": "Feature",
      "properties": {
        "id": 5034026,
        "offset": 0,
        "red_duration": 10,
        "green_duration": 8
      },
      "geometry": {
        "type": "LineString",
        "coordinates": [
          [
            26.72158951395517,
            58.35559047806903,
            56.12999725341797
          ],
          [
            26.72155950757529,
            58.35559260312775,
            56.073123931884766
          ],
          [
            26.721497718169243,
            58.35559738839957,
            56.010623931884766
          ],
          [
            26.721473305291674,
            58.35559939979001,
            56.1506233215332
          ]
        ]
      }
    },
    {
      "type": "Feature",
      "properties": {
        "id": 5034040,
        "offset": 0,
        "red_duration": 10,
        "green_duration": 8
      },
      "geometry": {
        "type": "LineString",
        "coordinates": [
          [
            26.721653716838897,
            58.35558587491876,
            56.21687316894531
          ],
          [
            26.721614139620208,
            58.355588169030455,
            56.170623779296875
          ],
          [
            26.721589844403837,
            58.3555903099996,
            56.12999725341797
          ]
        ]
      }
    },
    {
      "type": "Feature",
      "properties": {
        "id": 5034023,
        "offset": 0,
        "red_duration": 10,
        "green_duration": 8
      },
      "geometry": {
        "type": "LineString",
        "coordinates": [
          [
            26.716258276607444,
            58.34822532139559,
            56.77124786376953
          ],
          [
            26.71623262650712,
            58.34823077308572,
            56.71687316894531
          ],
          [
            26.716201208445575,
            58.34823788351699,
            56.69562530517578
          ]
        ]
      }
    },
    {
      "type": "Feature",
      "properties": {
        "id": 5034024,
        "offset": 0,
        "red_duration": 10,
        "green_duration": 8
      },
      "geometry": {
        "type": "LineString",
        "coordinates": [
          [
            26.71644728372642,
            58.348034698798585,
            56.66187286376953
          ],
          [
            26.716457672208282,
            58.34804892368319,
            56.65187454223633
          ],
          [
            26.716474835815138,
            58.34807356415271,
            56.63624954223633
          ]
        ]
      }
    },
    {
      "type": "Feature",
      "properties": {
        "id": 5034025,
        "offset": 0,
        "red_duration": 10,
        "green_duration": 8
      },
      "geometry": {
        "type": "LineString",
        "coordinates": [
          [
            26.716071072304356,
            58.34793094102163,
            56.9381217956543
          ],
          [
            26.71610103573768,
            58.34792429545517,
            56.893123626708984
          ],
          [
            26.716134612059438,
            58.34791626648556,
            56.93062210083008
          ]
        ]
      }
    },
    {
      "type": "Feature",
      "properties": {
        "id": 5034021,
        "offset": 0,
        "red_duration": 10,
        "green_duration": 8
      },
      "geometry": {
        "type": "LineString",
        "coordinates": [
          [
            26.718310897913355,
            58.350891624166294,
            57.29374694824219
          ],
          [
            26.718334723968507,
            58.35088668307207,
            57.28499984741211
          ],
          [
            26.718370311051526,
            58.3508797529296,
            57.29499816894531
          ]
        ]
      }
    },
    {
      "type": "Feature",
      "properties": {
        "id": 5034022,
        "offset": 0,
        "red_duration": 10,
        "green_duration": 8
      },
      "geometry": {
        "type": "LineString",
        "coordinates": [
          [
            26.71845531991738,
            58.3511497769953,
            57.41374969482422
          ],
          [
            26.7184359429401,
            58.35115388462766,
            57.40187454223633
          ],
          [
            26.71839882351976,
            58.351162387966085,
            57.408748626708984
          ]
        ]
      }
    },
    {
      "type": "Feature",
      "properties": {
        "id": 5034019,
        "offset": 0,
        "red_duration": 10,
        "green_duration": 8
      },
      "geometry": {
        "type": "LineString",
        "coordinates": [
          [
            26.72144207122246,
            58.36524595484943,
            56.125
          ],
          [
            26.721464718787384,
            58.36524504864002,
            56.07624816894531
          ],
          [
            26.721505360983404,
            58.3652432140064,
            56.156246185302734
          ]
        ]
      }
    },
    {
      "type": "Feature",
      "properties": {
        "id": 5034020,
        "offset": 0,
        "red_duration": 10,
        "green_duration": 8
      },
      "geometry": {
        "type": "LineString",
        "coordinates": [
          [
            26.721364244521904,
            58.365515122965135,
            56.22187423706055
          ],
          [
            26.72133777745261,
            58.36551519338627,
            56.24812316894531
          ],
          [
            26.721310057945622,
            58.36551528239055,
            56.36062240600586
          ]
        ]
      }
    },
    {
      "type": "Feature",
      "properties": {
        "id": 5034018,
        "offset": 0,
        "red_duration": 10,
        "green_duration": 8
      },
      "geometry": {
        "type": "LineString",
        "coordinates": [
          [
            26.72140732567018,
            58.36627248241589,
            55.92250061035156
          ],
          [
            26.721437006946566,
            58.36627425848096,
            55.85312271118164
          ],
          [
            26.721477990971177,
            58.366275957001676,
            55.82437515258789
          ]
        ]
      }
    },
    {
      "type": "Feature",
      "properties": {
        "id": 5034017,
        "offset": 0,
        "red_duration": 10,
        "green_duration": 8
      },
      "geometry": {
        "type": "LineString",
        "coordinates": [
          [
            26.72135854214783,
            58.366272028397134,
            55.98187255859375
          ],
          [
            26.721387215898385,
            58.366272096926515,
            55.94874954223633
          ],
          [
            26.72140732567018,
            58.36627248241589,
            55.92250061035156
          ]
        ]
      }
    },
    {
      "type": "Feature",
      "properties": {
        "id": 5034016,
        "offset": 0,
        "red_duration": 10,
        "green_duration": 8
      },
      "geometry": {
        "type": "LineString",
        "coordinates": [
          [
            26.721332577978654,
            58.366600205276654,
            56.02687454223633
          ],
          [
            26.72129953198637,
            58.366599247022805,
            56.014373779296875
          ],
          [
            26.721272607361243,
            58.366598640561534,
            56.03624725341797
          ]
        ]
      }
    },
    {
      "type": "Feature",
      "properties": {
        "id": 5034015,
        "offset": 0,
        "red_duration": 10,
        "green_duration": 8
      },
      "geometry": {
        "type": "LineString",
        "coordinates": [
          [
            26.721256012606602,
            58.3671971873182,
            56.316871643066406
          ],
          [
            26.72128574009632,
            58.367198024763056,
            56.296875
          ],
          [
            26.72131190717317,
            58.36719839270432,
            56.320621490478516
          ]
        ]
      }
    },
    {
      "type": "Feature",
      "properties": {
        "id": 5034014,
        "offset": 0,
        "red_duration": 10,
        "green_duration": 8
      },
      "geometry": {
        "type": "LineString",
        "coordinates": [
          [
            26.721248788452506,
            58.367353742320816,
            56.36499786376953
          ],
          [
            26.721212908471674,
            58.367353439682546,
            56.32187271118164
          ],
          [
            26.72117619613366,
            58.36735296568181,
            56.318748474121094
          ]
        ]
      }
    },
    {
      "type": "Feature",
      "properties": {
        "id": 5034013,
        "offset": 0,
        "red_duration": 10,
        "green_duration": 8
      },
      "geometry": {
        "type": "LineString",
        "coordinates": [
          [
            26.721801291791376,
            58.37139132673168,
            54.785621643066406
          ],
          [
            26.721774309553815,
            58.37139414072509,
            54.76874923706055
          ],
          [
            26.721743655928535,
            58.371397376078775,
            54.76312255859375
          ]
        ]
      }
    },
    {
      "type": "Feature",
      "properties": {
        "id": 5034012,
        "offset": 0,
        "red_duration": 10,
        "green_duration": 8
      },
      "geometry": {
        "type": "LineString",
        "coordinates": [
          [
            26.721733598623178,
            58.37111940250318,
            54.71437454223633
          ],
          [
            26.721784030503724,
            58.37111466118251,
            54.65374755859375
          ],
          [
            26.721821689905386,
            58.3711105770641,
            54.72249984741211
          ]
        ]
      }
    },
    {
      "type": "Feature",
      "properties": {
        "id": 5033299,
        "offset": 0,
        "red_duration": 10,
        "green_duration": 8
      },
      "geometry": {
        "type": "LineString",
        "coordinates": [
          [
            26.721118195083605,
            58.38596379278893,
            33.44062423706055
          ],
          [
            26.721141494752956,
            58.38595122534487,
            33.46500015258789
          ],
          [
            26.721158527063757,
            58.3859422106233,
            33.42250061035156
          ]
        ]
      }
    },
    {
      "type": "Feature",
      "properties": {
        "id": 5033720,
        "offset": 0,
        "red_duration": 10,
        "green_duration": 8
      },
      "geometry": {
        "type": "LineString",
        "coordinates": [
          [
            26.721536014641742,
            58.38618889497052,
            35.40999984741211
          ],
          [
            26.721512800806416,
            58.38620180438447,
            35.40999984741211
          ],
          [
            26.721487030911256,
            58.38621595418711,
            35.810001373291016
          ]
        ]
      }
    },
    {
      "type": "Feature",
      "properties": {
        "id": 5033226,
        "offset": 0,
        "red_duration": 10,
        "green_duration": 8
      },
      "geometry": {
        "type": "LineString",
        "coordinates": [
          [
            26.721528293126887,
            58.38597936820363,
            33.8381233215332
          ],
          [
            26.721551643794633,
            58.385990475515825,
            33.787498474121094
          ],
          [
            26.721579528430865,
            58.38600417568614,
            33.91749954223633
          ]
        ]
      }
    },
    {
      "type": "Feature",
      "properties": {
        "id": 5033300,
        "offset": 0,
        "red_duration": 10,
        "green_duration": 8
      },
      "geometry": {
        "type": "LineString",
        "coordinates": [
          [
            26.721051133542097,
            58.38624601928525,
            33.353126525878906
          ],
          [
            26.72103495267441,
            58.38623763140416,
            33.365623474121094
          ],
          [
            26.72100954168293,
            58.386224990906285,
            33.3849983215332
          ]
        ]
      }
    },
    {
      "type": "Feature",
      "properties": {
        "id": 5033352,
        "offset": 0,
        "red_duration": 10,
        "green_duration": 8
      },
      "geometry": {
        "type": "LineString",
        "coordinates": [
          [
            26.691226430271037,
            58.36151634629775,
            76.73062133789062
          ],
          [
            26.691231839225175,
            58.36152564618821,
            76.734375
          ],
          [
            26.6912404357745,
            58.361540794738474,
            76.80374908447266
          ]
        ]
      }
    },
    {
      "type": "Feature",
      "properties": {
        "id": 5033351,
        "offset": 0,
        "red_duration": 10,
        "green_duration": 8
      },
      "geometry": {
        "type": "LineString",
        "coordinates": [
          [
            26.690693612331106,
            58.36172886775124,
            76.57937622070312
          ],
          [
            26.690672722332963,
            58.36172097465764,
            76.58000183105469
          ],
          [
            26.690649702545784,
            58.36171211048993,
            76.63499450683594
          ]
        ]
      }
    },
    {
      "type": "Feature",
      "properties": {
        "id": 5033350,
        "offset": 0,
        "red_duration": 10,
        "green_duration": 8
      },
      "geometry": {
        "type": "LineString",
        "coordinates": [
          [
            26.690733590459814,
            58.361536812326,
            76.62062072753906
          ],
          [
            26.69074621664112,
            58.361528942502716,
            76.64624786376953
          ],
          [
            26.690778397738075,
            58.3615088294998,
            76.60687255859375
          ],
          [
            26.690811381349345,
            58.36148832240197,
            76.56187438964844
          ],
          [
            26.690825999051793,
            58.36147981957078,
            76.54499816894531
          ]
        ]
      }
    },
    {
      "type": "Feature",
      "properties": {
        "id": 5033349,
        "offset": 0,
        "red_duration": 10,
        "green_duration": 8
      },
      "geometry": {
        "type": "LineString",
        "coordinates": [
          [
            26.691174644217273,
            58.36172149882904,
            76.53624725341797
          ],
          [
            26.691157664212916,
            58.36173427526712,
            76.49812316894531
          ],
          [
            26.691128927767583,
            58.36175601691331,
            76.44124603271484
          ],
          [
            26.691114484853884,
            58.36176785738446,
            76.5262451171875
          ]
        ]
      }
    },
    {
      "type": "Feature",
      "properties": {
        "id": 5033348,
        "offset": 0,
        "red_duration": 10,
        "green_duration": 8
      },
      "geometry": {
        "type": "LineString",
        "coordinates": [
          [
            26.698402956027373,
            58.36388618489757,
            72.97437286376953
          ],
          [
            26.69843675881207,
            58.36389804143735,
            72.91437530517578
          ],
          [
            26.698470074047464,
            58.36390934207434,
            72.95874786376953
          ]
        ]
      }
    },
    {
      "type": "Feature",
      "properties": {
        "id": 5033347,
        "offset": 0,
        "red_duration": 10,
        "green_duration": 8
      },
      "geometry": {
        "type": "LineString",
        "coordinates": [
          [
            26.69797258698161,
            58.364238320635735,
            72.45812225341797
          ],
          [
            26.697953050374633,
            58.364231972503845,
            72.47249603271484
          ],
          [
            26.697908964645105,
            58.364216753795525,
            72.44249725341797
          ],
          [
            26.697882902697593,
            58.36420811688663,
            72.44312286376953
          ]
        ]
      }
    },
    {
      "type": "Feature",
      "properties": {
        "id": 5033345,
        "offset": 0,
        "red_duration": 10,
        "green_duration": 8
      },
      "geometry": {
        "type": "LineString",
        "coordinates": [
          [
            26.69787058312102,
            58.36397485912401,
            72.85187530517578
          ],
          [
            26.697883744403086,
            58.363963770885874,
            72.859375
          ],
          [
            26.697896919062906,
            58.36395204031253,
            72.83374786376953
          ]
        ]
      }
    },
    {
      "type": "Feature",
      "properties": {
        "id": 5033346,
        "offset": 0,
        "red_duration": 10,
        "green_duration": 8
      },
      "geometry": {
        "type": "LineString",
        "coordinates": [
          [
            26.697896919062906,
            58.36395204031253,
            72.83374786376953
          ],
          [
            26.69791046267298,
            58.36393978379957,
            72.77499389648438
          ],
          [
            26.697925953782935,
            58.36392563415852,
            72.7562484741211
          ]
        ]
      }
    },
    {
      "type": "Feature",
      "properties": {
        "id": 5033343,
        "offset": 0,
        "red_duration": 10,
        "green_duration": 8
      },
      "geometry": {
        "type": "LineString",
        "coordinates": [
          [
            26.69850369580529,
            58.36413501159072,
            72.17062377929688
          ],
          [
            26.69849071999713,
            58.36414627052062,
            72.18937683105469
          ],
          [
            26.698478618396074,
            58.36415712390243,
            72.1937484741211
          ]
        ]
      }
    },
    {
      "type": "Feature",
      "properties": {
        "id": 5033344,
        "offset": 0,
        "red_duration": 10,
        "green_duration": 8
      },
      "geometry": {
        "type": "LineString",
        "coordinates": [
          [
            26.698478618396074,
            58.36415712390243,
            72.1937484741211
          ],
          [
            26.698467489577258,
            58.36416801240355,
            72.18499755859375
          ],
          [
            26.69843865326454,
            58.36419416067668,
            72.11750030517578
          ],
          [
            26.698425603122416,
            58.36420582184245,
            72.12687683105469
          ]
        ]
      }
    },
    {
      "type": "Feature",
      "properties": {
        "id": 5033342,
        "offset": 0,
        "red_duration": 10,
        "green_duration": 8
      },
      "geometry": {
        "type": "LineString",
        "coordinates": [
          [
            26.701174685821695,
            58.36525099780127,
            70.14250183105469
          ],
          [
            26.701192471023134,
            58.36524023467426,
            70.13624572753906
          ],
          [
            26.7012275833035,
            58.36521903458407,
            70.0356216430664
          ],
          [
            26.70124302469733,
            58.365208571402064,
            70.11312103271484
          ]
        ]
      }
    },
    {
      "type": "Feature",
      "properties": {
        "id": 5033341,
        "offset": 0,
        "red_duration": 10,
        "green_duration": 8
      },
      "geometry": {
        "type": "LineString",
        "coordinates": [
          [
            26.701390489834115,
            58.36560988588366,
            69.92937469482422
          ],
          [
            26.701365170714524,
            58.365602898525175,
            69.87812042236328
          ],
          [
            26.70134169832541,
            58.365595524730836,
            69.86812591552734
          ]
        ]
      }
    },
    {
      "type": "Feature",
      "properties": {
        "id": 5033340,
        "offset": 0,
        "red_duration": 10,
        "green_duration": 8
      },
      "geometry": {
        "type": "LineString",
        "coordinates": [
          [
            26.701799476359223,
            58.36551802598594,
            70.63062286376953
          ],
          [
            26.7017803656294,
            58.36553061476669,
            70.58999633789062
          ],
          [
            26.701750822624323,
            58.36555157869205,
            70.51249694824219
          ],
          [
            26.701734967733767,
            58.36556187050846,
            70.52375030517578
          ]
        ]
      }
    },
    {
      "type": "Feature",
      "properties": {
        "id": 5033339,
        "offset": 0,
        "red_duration": 10,
        "green_duration": 8
      },
      "geometry": {
        "type": "LineString",
        "coordinates": [
          [
            26.70382269490874,
            58.36612101692039,
            70.4887466430664
          ],
          [
            26.703846915155612,
            58.3661292462131,
            70.44686889648438
          ],
          [
            26.703870504810947,
            58.36613751715127,
            70.44625091552734
          ]
        ]
      }
    },
    {
      "type": "Feature",
      "properties": {
        "id": 5033338,
        "offset": 0,
        "red_duration": 10,
        "green_duration": 8
      },
      "geometry": {
        "type": "LineString",
        "coordinates": [
          [
            26.703615927563174,
            58.366474943849965,
            69.85812377929688
          ],
          [
            26.703590050927584,
            58.366471542423895,
            69.85624694824219
          ],
          [
            26.703560748307023,
            58.36646773974378,
            69.87812042236328
          ],
          [
            26.703572387217818,
            58.36644337228968,
            69.921875
          ],
          [
            26.703540545000045,
            58.3664384849136,
            69.91374969482422
          ],
          [
            26.703507236562338,
            58.366433984604086,
            69.96437072753906
          ]
        ]
      }
    },
    {
      "type": "Feature",
      "properties": {
        "id": 5033337,
        "offset": 0,
        "red_duration": 10,
        "green_duration": 8
      },
      "geometry": {
        "type": "LineString",
        "coordinates": [
          [
            26.703430065130306,
            58.36617139918626,
            70.52312469482422
          ],
          [
            26.703444739586878,
            58.36616173064455,
            70.51625061035156
          ],
          [
            26.703476898366343,
            58.366140415795314,
            70.49500274658203
          ],
          [
            26.703493696350552,
            58.36612866643152,
            70.47062683105469
          ]
        ]
      }
    },
    {
      "type": "Feature",
      "properties": {
        "id": 5033336,
        "offset": 0,
        "red_duration": 10,
        "green_duration": 8
      },
      "geometry": {
        "type": "LineString",
        "coordinates": [
          [
            26.704029544409185,
            58.366432664822476,
            70.12312316894531
          ],
          [
            26.704012355405336,
            58.366443992573174,
            70.09625244140625
          ],
          [
            26.7039793116949,
            58.366465326516575,
            70.01187133789062
          ],
          [
            26.70396416372194,
            58.36647481754427,
            69.98999786376953
          ]
        ]
      }
    },
    {
      "type": "Feature",
      "properties": {
        "id": 5033335,
        "offset": 0,
        "red_duration": 10,
        "green_duration": 8
      },
      "geometry": {
        "type": "LineString",
        "coordinates": [
          [
            26.706779830949117,
            58.36755745177246,
            68.61249542236328
          ],
          [
            26.706794062090093,
            58.367546917691,
            68.5824966430664
          ],
          [
            26.706822771755533,
            58.36752663191146,
            68.54312133789062
          ],
          [
            26.706838900602452,
            58.36751539988583,
            68.65999603271484
          ]
        ]
      }
    },
    {
      "type": "Feature",
      "properties": {
        "id": 5033334,
        "offset": 0,
        "red_duration": 10,
        "green_duration": 8
      },
      "geometry": {
        "type": "LineString",
        "coordinates": [
          [
            26.707124325661066,
            58.36770198959769,
            68.22250366210938
          ],
          [
            26.70711338639712,
            58.36770954985006,
            68.23686981201172
          ],
          [
            26.707093982190287,
            58.36772233474919,
            68.19874572753906
          ],
          [
            26.70706404149391,
            58.367743261687046,
            68.1468734741211
          ],
          [
            26.70704743236608,
            58.36775532011333,
            68.11812591552734
          ]
        ]
      }
    },
    {
      "type": "Feature",
      "properties": {
        "id": 5033332,
        "offset": 0,
        "red_duration": 10,
        "green_duration": 8
      },
      "geometry": {
        "type": "LineString",
        "coordinates": [
          [
            26.711146223991047,
            58.369375099896764,
            61.02937316894531
          ],
          [
            26.711160539365487,
            58.36936521455229,
            61.0474967956543
          ],
          [
            26.711173402203684,
            58.369357078771294,
            61.02124786376953
          ]
        ]
      }
    },
    {
      "type": "Feature",
      "properties": {
        "id": 5033333,
        "offset": 0,
        "red_duration": 10,
        "green_duration": 8
      },
      "geometry": {
        "type": "LineString",
        "coordinates": [
          [
            26.71131476901268,
            58.36941006611052,
            60.713748931884766
          ],
          [
            26.711330345148937,
            58.36939812427266,
            60.69124984741211
          ],
          [
            26.711361178896844,
            58.369375183412686,
            60.64374923706055
          ],
          [
            26.71137409740171,
            58.3693662913174,
            60.65937423706055
          ]
        ]
      }
    },
    {
      "type": "Feature",
      "properties": {
        "id": 5033331,
        "offset": 0,
        "red_duration": 10,
        "green_duration": 8
      },
      "geometry": {
        "type": "LineString",
        "coordinates": [
          [
            26.711088695086783,
            58.36960169595165,
            60.803123474121094
          ],
          [
            26.711069631719685,
            58.36959346947726,
            60.86687469482422
          ],
          [
            26.711028231142286,
            58.369575432391386,
            60.90250015258789
          ],
          [
            26.71100350172129,
            58.3695642999716,
            61.03062438964844
          ]
        ]
      }
    },
    {
      "type": "Feature",
      "properties": {
        "id": 5033330,
        "offset": 0,
        "red_duration": 10,
        "green_duration": 8
      },
      "geometry": {
        "type": "LineString",
        "coordinates": [
          [
            26.711662897343512,
            58.36957679838994,
            59.70062255859375
          ],
          [
            26.711646427487885,
            58.369588221341175,
            59.66562271118164
          ],
          [
            26.7116165369424,
            58.369608938476645,
            59.615623474121094
          ],
          [
            26.711601102324522,
            58.36961920145201,
            59.569374084472656
          ]
        ]
      }
    },
    {
      "type": "Feature",
      "properties": {
        "id": 5033329,
        "offset": 0,
        "red_duration": 10,
        "green_duration": 8
      },
      "geometry": {
        "type": "LineString",
        "coordinates": [
          [
            26.713583302342688,
            58.370019816556606,
            58.631248474121094
          ],
          [
            26.713603650327496,
            58.37002895233611,
            58.59499740600586
          ],
          [
            26.7136270660803,
            58.37003990469033,
            58.57937240600586
          ]
        ]
      }
    },
    {
      "type": "Feature",
      "properties": {
        "id": 5033328,
        "offset": 0,
        "red_duration": 10,
        "green_duration": 8
      },
      "geometry": {
        "type": "LineString",
        "coordinates": [
          [
            26.7135445398201,
            58.37000276217286,
            58.66562271118164
          ],
          [
            26.713563681645706,
            58.37001093952704,
            58.64937210083008
          ],
          [
            26.713583302342688,
            58.370019816556606,
            58.631248474121094
          ]
        ]
      }
    },
    {
      "type": "Feature",
      "properties": {
        "id": 5033327,
        "offset": 0,
        "red_duration": 10,
        "green_duration": 8
      },
      "geometry": {
        "type": "LineString",
        "coordinates": [
          [
            26.71303694801246,
            58.370114861773146,
            58.25562286376953
          ],
          [
            26.713051656780554,
            58.37010454855323,
            58.23187255859375
          ],
          [
            26.713066561892113,
            58.37009412001595,
            58.20062255859375
          ],
          [
            26.712941049264884,
            58.370043309926714,
            58.1506233215332
          ],
          [
            26.712954411050905,
            58.37003427958476,
            58.116249084472656
          ],
          [
            26.71298772237688,
            58.370011153724136,
            58.051246643066406
          ],
          [
            26.713005635549084,
            58.36999904730696,
            58.0568733215332
          ]
        ]
      }
    },
    {
      "type": "Feature",
      "properties": {
        "id": 5033326,
        "offset": 0,
        "red_duration": 10,
        "green_duration": 8
      },
      "geometry": {
        "type": "LineString",
        "coordinates": [
          [
            26.71285056056607,
            58.370349658921405,
            58.65937423706055
          ],
          [
            26.712829881896255,
            58.370341727095955,
            58.64187240600586
          ],
          [
            26.712811448200682,
            58.37033366904778,
            58.629371643066406
          ]
        ]
      }
    },
    {
      "type": "Feature",
      "properties": {
        "id": 5033325,
        "offset": 0,
        "red_duration": 10,
        "green_duration": 8
      },
      "geometry": {
        "type": "LineString",
        "coordinates": [
          [
            26.712892654866433,
            58.37036657461349,
            58.75749969482422
          ],
          [
            26.71287083830015,
            58.370357993569066,
            58.69562530517578
          ],
          [
            26.71285056056607,
            58.370349658921405,
            58.65937423706055
          ]
        ]
      }
    },
    {
      "type": "Feature",
      "properties": {
        "id": 5033324,
        "offset": 0,
        "red_duration": 10,
        "green_duration": 8
      },
      "geometry": {
        "type": "LineString",
        "coordinates": [
          [
            26.713470697490767,
            58.370314115422175,
            58.33937454223633
          ],
          [
            26.71345229546094,
            58.37032691840555,
            58.29499816894531
          ],
          [
            26.713421986156636,
            58.37034874183115,
            58.22999954223633
          ],
          [
            26.71340596274303,
            58.37036128696553,
            58.20812225341797
          ]
        ]
      }
    },
    {
      "type": "Feature",
      "properties": {
        "id": 5033323,
        "offset": 0,
        "red_duration": 10,
        "green_duration": 8
      },
      "geometry": {
        "type": "LineString",
        "coordinates": [
          [
            26.713500370223908,
            58.3702934457211,
            58.42937469482422
          ],
          [
            26.71348527297332,
            58.37030343834939,
            58.365623474121094
          ],
          [
            26.713470697490767,
            58.370314115422175,
            58.33937454223633
          ]
        ]
      }
    },
    {
      "type": "Feature",
      "properties": {
        "id": 5033322,
        "offset": 0,
        "red_duration": 10,
        "green_duration": 8
      },
      "geometry": {
        "type": "LineString",
        "coordinates": [
          [
            26.714876716412693,
            58.37062905883343,
            58.66749954223633
          ],
          [
            26.71489983923177,
            58.37063750500211,
            58.68874740600586
          ],
          [
            26.714945584069905,
            58.37065468202418,
            58.68937301635742
          ],
          [
            26.714986855479584,
            58.37067073046897,
            58.65187454223633
          ],
          [
            26.715010560721876,
            58.37067935718375,
            58.61124801635742
          ]
        ]
      }
    },
    {
      "type": "Feature",
      "properties": {
        "id": 5033320,
        "offset": 0,
        "red_duration": 10,
        "green_duration": 8
      },
      "geometry": {
        "type": "LineString",
        "coordinates": [
          [
            26.714696249354333,
            58.370984628485985,
            58.77312469482422
          ],
          [
            26.714665893478838,
            58.37097468939133,
            58.72249984741211
          ],
          [
            26.714653674944433,
            58.37097084082092,
            58.72687530517578
          ],
          [
            26.714594599057484,
            58.37095212973219,
            58.709373474121094
          ],
          [
            26.714570609425873,
            58.37094486434382,
            58.80562210083008
          ]
        ]
      }
    },
    {
      "type": "Feature",
      "properties": {
        "id": 5033321,
        "offset": 0,
        "red_duration": 10,
        "green_duration": 8
      },
      "geometry": {
        "type": "LineString",
        "coordinates": [
          [
            26.714512164292223,
            58.370699780472364,
            58.665000915527344
          ],
          [
            26.714526682797494,
            58.370690102564524,
            58.627498626708984
          ],
          [
            26.714561055060653,
            58.370668377660735,
            58.54312515258789
          ],
          [
            26.714580273719477,
            58.37065651162689,
            58.538124084472656
          ]
        ]
      }
    },
    {
      "type": "Feature",
      "properties": {
        "id": 5033319,
        "offset": 0,
        "red_duration": 10,
        "green_duration": 8
      },
      "geometry": {
        "type": "LineString",
        "coordinates": [
          [
            26.7150159936038,
            58.370934943861705,
            58.78312301635742
          ],
          [
            26.71499845877192,
            58.37094615320709,
            58.72624969482422
          ],
          [
            26.71496758292098,
            58.37096733036956,
            58.66749954223633
          ],
          [
            26.714951987169222,
            58.37097877907658,
            58.69312286376953
          ]
        ]
      }
    },
    {
      "type": "Feature",
      "properties": {
        "id": 5033318,
        "offset": 0,
        "red_duration": 10,
        "green_duration": 8
      },
      "geometry": {
        "type": "LineString",
        "coordinates": [
          [
            26.717048625389683,
            58.37173773439175,
            58.84874725341797
          ],
          [
            26.717063773440692,
            58.37172690886051,
            58.79062271118164
          ],
          [
            26.71709243840625,
            58.37170740187017,
            58.686248779296875
          ],
          [
            26.717108559119612,
            58.371695981435835,
            58.6256217956543
          ]
        ]
      }
    },
    {
      "type": "Feature",
      "properties": {
        "id": 5033316,
        "offset": 0,
        "red_duration": 10,
        "green_duration": 8
      },
      "geometry": {
        "type": "LineString",
        "coordinates": [
          [
            26.71734549713677,
            58.371865984561225,
            58.83374786376953
          ],
          [
            26.71733228370437,
            58.3718750678162,
            58.865623474121094
          ],
          [
            26.717306856768776,
            58.37189225084941,
            58.82749938964844
          ],
          [
            26.71727673586192,
            58.37191263342164,
            58.79499816894531
          ],
          [
            26.717258474292663,
            58.371924940815134,
            59.02437210083008
          ]
        ]
      }
    },
    {
      "type": "Feature",
      "properties": {
        "id": 5033314,
        "offset": 0,
        "red_duration": 10,
        "green_duration": 8
      },
      "geometry": {
        "type": "LineString",
        "coordinates": [
          [
            26.720544349417914,
            58.372885327639494,
            59.084999084472656
          ],
          [
            26.720570678330326,
            58.37289561801371,
            59.07624816894531
          ],
          [
            26.720604847266536,
            58.372909050008445,
            59.06624984741211
          ]
        ]
      }
    },
    {
      "type": "Feature",
      "properties": {
        "id": 5033313,
        "offset": 0,
        "red_duration": 10,
        "green_duration": 8
      },
      "geometry": {
        "type": "LineString",
        "coordinates": [
          [
            26.720004957198206,
            58.37296523908468,
            59.631874084472656
          ],
          [
            26.720020575049844,
            58.372954045212424,
            59.643123626708984
          ],
          [
            26.720038589158968,
            58.37294031226526,
            59.60624694824219
          ]
        ]
      }
    },
    {
      "type": "Feature",
      "properties": {
        "id": 5033317,
        "offset": 0,
        "red_duration": 10,
        "green_duration": 8
      },
      "geometry": {
        "type": "LineString",
        "coordinates": [
          [
            26.720038589158968,
            58.37294031226526,
            59.60624694824219
          ],
          [
            26.720052893010685,
            58.37292940780093,
            59.56187438964844
          ],
          [
            26.72008463139324,
            58.37290498097941,
            59.44999694824219
          ],
          [
            26.72010205486095,
            58.372892737049305,
            59.43874740600586
          ]
        ]
      }
    },
    {
      "type": "Feature",
      "properties": {
        "id": 5033312,
        "offset": 0,
        "red_duration": 10,
        "green_duration": 8
      },
      "geometry": {
        "type": "LineString",
        "coordinates": [
          [
            26.720143626360006,
            58.373240629725274,
            59.619998931884766
          ],
          [
            26.72012308095224,
            58.373235527061325,
            59.59499740600586
          ],
          [
            26.72009229623351,
            58.37322780201238,
            59.68000030517578
          ]
        ]
      }
    },
    {
      "type": "Feature",
      "properties": {
        "id": 5033315,
        "offset": 0,
        "red_duration": 10,
        "green_duration": 8
      },
      "geometry": {
        "type": "LineString",
        "coordinates": [
          [
            26.720647239912118,
            58.373231062113206,
            59.53312301635742
          ],
          [
            26.720629506580547,
            58.37324291648946,
            59.52812194824219
          ],
          [
            26.720597444356837,
            58.37326565101418,
            59.47437286376953
          ],
          [
            26.72057014393905,
            58.37328386682951,
            59.55937194824219
          ]
        ]
      }
    },
    {
      "type": "Feature",
      "properties": {
        "id": 5033294,
        "offset": 0,
        "red_duration": 10,
        "green_duration": 8
      },
      "geometry": {
        "type": "LineString",
        "coordinates": [
          [
            26.720679932203097,
            58.373209466436364,
            59.52499771118164
          ],
          [
            26.720663335240534,
            58.37322030270013,
            59.53062438964844
          ],
          [
            26.720647239912118,
            58.373231062113206,
            59.53312301635742
          ]
        ]
      }
    },
    {
      "type": "Feature",
      "properties": {
        "id": 5033309,
        "offset": 0,
        "red_duration": 10,
        "green_duration": 8
      },
      "geometry": {
        "type": "LineString",
        "coordinates": [
          [
            26.723556419856756,
            58.37408284412177,
            56.75562286376953
          ],
          [
            26.723570400755417,
            58.37409357488718,
            56.72749710083008
          ],
          [
            26.72359050775798,
            58.374109614094436,
            56.79624938964844
          ]
        ]
      }
    },
    {
      "type": "Feature",
      "properties": {
        "id": 5033308,
        "offset": 0,
        "red_duration": 10,
        "green_duration": 8
      },
      "geometry": {
        "type": "LineString",
        "coordinates": [
          [
            26.722919449826602,
            58.3739231516433,
            57.58687210083008
          ],
          [
            26.722959115227322,
            58.37392170148119,
            57.510623931884766
          ],
          [
            26.72302985855253,
            58.37391942224785,
            57.524375915527344
          ],
          [
            26.723073426249503,
            58.37391792809539,
            57.50562286376953
          ]
        ]
      }
    },
    {
      "type": "Feature",
      "properties": {
        "id": 5033311,
        "offset": 0,
        "red_duration": 10,
        "green_duration": 8
      },
      "geometry": {
        "type": "LineString",
        "coordinates": [
          [
            26.722610268602043,
            58.374035059168264,
            57.71999740600586
          ],
          [
            26.722629864638392,
            58.37402275186284,
            57.691871643066406
          ],
          [
            26.72266012854584,
            58.37400256149489,
            57.619998931884766
          ],
          [
            26.722679463760446,
            58.373991476682335,
            57.77750015258789
          ]
        ]
      }
    },
    {
      "type": "Feature",
      "properties": {
        "id": 5033310,
        "offset": 0,
        "red_duration": 10,
        "green_duration": 8
      },
      "geometry": {
        "type": "LineString",
        "coordinates": [
          [
            26.722683223986564,
            58.37440674673968,
            57.198123931884766
          ],
          [
            26.722660112081613,
            58.374397153679695,
            57.14812469482422
          ],
          [
            26.722625982820137,
            58.37438310781626,
            57.13249969482422
          ]
        ]
      }
    },
    {
      "type": "Feature",
      "properties": {
        "id": 5033307,
        "offset": 0,
        "red_duration": 10,
        "green_duration": 8
      },
      "geometry": {
        "type": "LineString",
        "coordinates": [
          [
            26.723268078243454,
            58.37436358862881,
            56.38624954223633
          ],
          [
            26.723246154043466,
            58.37437570351162,
            56.22687530517578
          ],
          [
            26.723204567490296,
            58.37439645521003,
            56.05875015258789
          ],
          [
            26.7231789673928,
            58.37441017363285,
            56.041873931884766
          ]
        ]
      }
    },
    {
      "type": "Feature",
      "properties": {
        "id": 5033306,
        "offset": 0,
        "red_duration": 10,
        "green_duration": 8
      },
      "geometry": {
        "type": "LineString",
        "coordinates": [
          [
            26.72707464849039,
            58.377015088053085,
            39.24812316894531
          ],
          [
            26.72709904219812,
            58.37700236760135,
            39.12812423706055
          ],
          [
            26.727136551783307,
            58.376980118131954,
            39.11687469482422
          ],
          [
            26.727172860250395,
            58.37696058690075,
            39.07749938964844
          ],
          [
            26.727192051359328,
            58.376949100929664,
            39.04437255859375
          ]
        ]
      }
    },
    {
      "type": "Feature",
      "properties": {
        "id": 5033305,
        "offset": 0,
        "red_duration": 10,
        "green_duration": 8
      },
      "geometry": {
        "type": "LineString",
        "coordinates": [
          [
            26.727400570331383,
            58.37721964786032,
            38.08749771118164
          ],
          [
            26.727377839332995,
            58.377232606701455,
            38.040000915527344
          ],
          [
            26.727332933108674,
            58.37725857863085,
            38.010623931884766
          ],
          [
            26.72730082909194,
            58.37727716089881,
            38.06437301635742
          ]
        ]
      }
    },
    {
      "type": "Feature",
      "properties": {
        "id": 5033304,
        "offset": 0,
        "red_duration": 10,
        "green_duration": 8
      },
      "geometry": {
        "type": "LineString",
        "coordinates": [
          [
            26.72603379854066,
            58.37644365153239,
            43.93562316894531
          ],
          [
            26.726060551344037,
            58.37643449719545,
            43.86062240600586
          ],
          [
            26.726086374624263,
            58.376424682526626,
            43.776248931884766
          ],
          [
            26.72612148403659,
            58.376449911772596,
            43.64624786376953
          ],
          [
            26.72614546611483,
            58.37643993648018,
            43.59874725341797
          ],
          [
            26.726166912059117,
            58.37643150523813,
            43.50499725341797
          ]
        ]
      }
    },
    {
      "type": "Feature",
      "properties": {
        "id": 5033303,
        "offset": 0,
        "red_duration": 10,
        "green_duration": 8
      },
      "geometry": {
        "type": "LineString",
        "coordinates": [
          [
            26.72640373974024,
            58.37643033205944,
            42.93937301635742
          ],
          [
            26.726425361987424,
            58.37643929636684,
            42.9006233215332
          ],
          [
            26.726463588451963,
            58.376455484304145,
            42.83625030517578
          ],
          [
            26.726486161266983,
            58.376465386627125,
            42.84124755859375
          ]
        ]
      }
    },
    {
      "type": "Feature",
      "properties": {
        "id": 5033302,
        "offset": 0,
        "red_duration": 10,
        "green_duration": 8
      },
      "geometry": {
        "type": "LineString",
        "coordinates": [
          [
            26.72592801596754,
            58.376766312424074,
            42.90937423706055
          ],
          [
            26.725907758197675,
            58.37675646100809,
            42.95874786376953
          ],
          [
            26.72587223496545,
            58.376739501343366,
            43.07374954223633
          ],
          [
            26.725834050625135,
            58.376721583957455,
            43.17937469482422
          ],
          [
            26.725799017043247,
            58.376705504999975,
            43.29624938964844
          ]
        ]
      }
    },
    {
      "type": "Feature",
      "properties": {
        "id": 5033275,
        "offset": 0,
        "red_duration": 10,
        "green_duration": 8
      },
      "geometry": {
        "type": "LineString",
        "coordinates": [
          [
            26.727287820798427,
            58.38800842951399,
            38.788124084472656
          ],
          [
            26.72726107264671,
            58.388013667674386,
            38.72624969482422
          ],
          [
            26.72723612507558,
            58.38801878094256,
            38.69499969482422
          ]
        ]
      }
    },
    {
      "type": "Feature",
      "properties": {
        "id": 5033273,
        "offset": 0,
        "red_duration": 10,
        "green_duration": 8
      },
      "geometry": {
        "type": "LineString",
        "coordinates": [
          [
            26.72710131004263,
            58.387735801624274,
            37.67937469482422
          ],
          [
            26.727131015672818,
            58.38773064634235,
            37.721248626708984
          ],
          [
            26.72717855380094,
            58.387722754097645,
            37.71562194824219
          ],
          [
            26.72720234933773,
            58.38771873556084,
            37.75499725341797
          ]
        ]
      }
    },
    {
      "type": "Feature",
      "properties": {
        "id": 5033270,
        "offset": 0,
        "red_duration": 10,
        "green_duration": 8
      },
      "geometry": {
        "type": "LineString",
        "coordinates": [
          [
            26.72334267639396,
            58.38466897293767,
            35.510623931884766
          ],
          [
            26.723367332592687,
            58.384665203916796,
            35.49749755859375
          ],
          [
            26.723396823889043,
            58.38466032121201,
            35.467498779296875
          ],
          [
            26.72342178494511,
            58.38465618854675,
            35.471248626708984
          ],
          [
            26.723448669566885,
            58.3846517096009,
            35.545623779296875
          ]
        ]
      }
    },
    {
      "type": "Feature",
      "properties": {
        "id": 5033271,
        "offset": 0,
        "red_duration": 10,
        "green_duration": 8
      },
      "geometry": {
        "type": "LineString",
        "coordinates": [
          [
            26.72354034321379,
            58.38488120539514,
            36.470001220703125
          ],
          [
            26.723507897169462,
            58.38489031800337,
            36.41999816894531
          ],
          [
            26.723454209177685,
            58.38490616813811,
            36.63999938964844
          ]
        ]
      }
    },
    {
      "type": "Feature",
      "properties": {
        "id": 5033272,
        "offset": 0,
        "red_duration": 10,
        "green_duration": 8
      },
      "geometry": {
        "type": "LineString",
        "coordinates": [
          [
            26.72318878639186,
            58.38482994166994,
            35.35124969482422
          ],
          [
            26.723163132179593,
            58.384821296898096,
            35.279998779296875
          ],
          [
            26.723138385973048,
            58.38481246559251,
            35.25562286376953
          ]
        ]
      }
    },
    {
      "type": "Feature",
      "properties": {
        "id": 5033260,
        "offset": 0,
        "red_duration": 10,
        "green_duration": 8
      },
      "geometry": {
        "type": "LineString",
        "coordinates": [
          [
            26.727396048600227,
            58.378582712267914,
            36.14500045776367
          ],
          [
            26.727419593391108,
            58.378568825724564,
            36.01312255859375
          ],
          [
            26.7274513214142,
            58.378549053573835,
            36.006248474121094
          ],
          [
            26.727467227159046,
            58.37853914147992,
            35.99374771118164
          ],
          [
            26.72748297944108,
            58.37852949407502,
            35.97187423706055
          ],
          [
            26.72751139027464,
            58.378510579337885,
            36.06687545776367
          ]
        ]
      }
    },
    {
      "type": "Feature",
      "properties": {
        "id": 5033263,
        "offset": 0,
        "red_duration": 10,
        "green_duration": 8
      },
      "geometry": {
        "type": "LineString",
        "coordinates": [
          [
            26.727396522935745,
            58.378883840808854,
            35.88999938964844
          ],
          [
            26.727367916272538,
            58.37887202092739,
            35.86874771118164
          ],
          [
            26.72732993828668,
            58.37885614918426,
            35.82437515258789
          ],
          [
            26.727281983818045,
            58.37883610803725,
            35.758750915527344
          ],
          [
            26.727246064768163,
            58.3788209737602,
            35.8849983215332
          ]
        ]
      }
    },
    {
      "type": "Feature",
      "properties": {
        "id": 5033262,
        "offset": 0,
        "red_duration": 10,
        "green_duration": 8
      },
      "geometry": {
        "type": "LineString",
        "coordinates": [
          [
            26.72795552356291,
            58.37886289274364,
            35.529998779296875
          ],
          [
            26.727920307014656,
            58.378881585163285,
            35.396873474121094
          ],
          [
            26.727902556309274,
            58.37889100936451,
            35.40374755859375
          ],
          [
            26.727885138259367,
            58.37890025694507,
            35.377498626708984
          ],
          [
            26.727846827453824,
            58.3789201015219,
            35.44312286376953
          ]
        ]
      }
    },
    {
      "type": "Feature",
      "properties": {
        "id": 5033252,
        "offset": 0,
        "red_duration": 10,
        "green_duration": 8
      },
      "geometry": {
        "type": "LineString",
        "coordinates": [
          [
            26.728760960850753,
            58.378087749336956,
            35.15687561035156
          ],
          [
            26.72874096838337,
            58.378078093817095,
            35.06437301635742
          ],
          [
            26.72870400707776,
            58.3780605186533,
            35.07749938964844
          ],
          [
            26.72866671866328,
            58.378042513201464,
            35.11000061035156
          ],
          [
            26.72864723579126,
            58.378032956090735,
            35.12937545776367
          ]
        ]
      }
    },
    {
      "type": "Feature",
      "properties": {
        "id": 5033258,
        "offset": 0,
        "red_duration": 10,
        "green_duration": 8
      },
      "geometry": {
        "type": "LineString",
        "coordinates": [
          [
            26.7289589633458,
            58.377763442135674,
            34.953125
          ],
          [
            26.728972186166686,
            58.37774658272723,
            34.87937545776367
          ],
          [
            26.728987543754688,
            58.377727910229346,
            34.83562469482422
          ],
          [
            26.729020585509808,
            58.37773661340702,
            34.79437255859375
          ],
          [
            26.72906076287232,
            58.37774367023853,
            34.76937484741211
          ],
          [
            26.72907103533279,
            58.377725996682685,
            34.72624969482422
          ],
          [
            26.729081640465544,
            58.37770455742864,
            34.69937515258789
          ]
        ]
      }
    },
    {
      "type": "Feature",
      "properties": {
        "id": 5033355,
        "offset": 0,
        "red_duration": 10,
        "green_duration": 8
      },
      "geometry": {
        "type": "LineString",
        "coordinates": [
          [
            26.72881369327969,
            58.3778037485731,
            35.04999923706055
          ],
          [
            26.728833780503066,
            58.37779206982346,
            35.05437469482422
          ],
          [
            26.728849701646357,
            58.377782367200716,
            35.064998626708984
          ],
          [
            26.7288684169828,
            58.377770105722746,
            35.049373626708984
          ],
          [
            26.728887628104747,
            58.37775827114831,
            35.03187561035156
          ]
        ]
      }
    },
    {
      "type": "Feature",
      "properties": {
        "id": 5033257,
        "offset": 0,
        "red_duration": 10,
        "green_duration": 8
      },
      "geometry": {
        "type": "LineString",
        "coordinates": [
          [
            26.728773653021797,
            58.377828035632355,
            35.06749725341797
          ],
          [
            26.728794154980775,
            58.377815541518814,
            35.02937316894531
          ],
          [
            26.72881369327969,
            58.3778037485731,
            35.04999923706055
          ]
        ]
      }
    },
    {
      "type": "Feature",
      "properties": {
        "id": 5033254,
        "offset": 0,
        "red_duration": 10,
        "green_duration": 8
      },
      "geometry": {
        "type": "LineString",
        "coordinates": [
          [
            26.72927812787533,
            58.37784232005754,
            34.86249923706055
          ],
          [
            26.72930085356852,
            58.37785374399429,
            34.84937286376953
          ],
          [
            26.729318558276315,
            58.37786217629086,
            34.849998474121094
          ],
          [
            26.72934051877698,
            58.37787208530852,
            34.82437515258789
          ],
          [
            26.729362145461128,
            58.377882463275085,
            34.805625915527344
          ]
        ]
      }
    },
    {
      "type": "Feature",
      "properties": {
        "id": 5033255,
        "offset": 0,
        "red_duration": 10,
        "green_duration": 8
      },
      "geometry": {
        "type": "LineString",
        "coordinates": [
          [
            26.729336366413534,
            58.37776965146588,
            34.798126220703125
          ],
          [
            26.72935855346742,
            58.3777802176519,
            34.77937316894531
          ],
          [
            26.729377172614104,
            58.37778923284385,
            34.772499084472656
          ]
        ]
      }
    },
    {
      "type": "Feature",
      "properties": {
        "id": 5033250,
        "offset": 0,
        "red_duration": 10,
        "green_duration": 8
      },
      "geometry": {
        "type": "LineString",
        "coordinates": [
          [
            26.729272004330333,
            58.378055857450306,
            35.35124969482422
          ],
          [
            26.72925368318776,
            58.37806687310645,
            35.265625
          ],
          [
            26.72923601240365,
            58.3780766602543,
            35.23875045776367
          ],
          [
            26.7292207810064,
            58.37808673550104,
            35.21249771118164
          ],
          [
            26.72920337466152,
            58.37809724762107,
            35.18000030517578
          ]
        ]
      }
    },
    {
      "type": "Feature",
      "properties": {
        "id": 5033248,
        "offset": 0,
        "red_duration": 10,
        "green_duration": 8
      },
      "geometry": {
        "type": "LineString",
        "coordinates": [
          [
            26.729364978604664,
            58.38161969467224,
            34.0881233215332
          ],
          [
            26.72935174854366,
            58.3816327960846,
            34.078125
          ],
          [
            26.729339671793415,
            58.38164562515857,
            34.066871643066406
          ],
          [
            26.72932845075228,
            58.381657545207446,
            34.040000915527344
          ],
          [
            26.72931207560576,
            58.381675071167905,
            34.07500076293945
          ]
        ]
      }
    },
    {
      "type": "Feature",
      "properties": {
        "id": 5033247,
        "offset": 0,
        "red_duration": 10,
        "green_duration": 8
      },
      "geometry": {
        "type": "LineString",
        "coordinates": [
          [
            26.729209853765695,
            58.38144873161575,
            34.32875061035156
          ],
          [
            26.72923587387531,
            58.381458944383205,
            34.303749084472656
          ],
          [
            26.729261529154602,
            58.38146844476711,
            34.26187515258789
          ],
          [
            26.729283623737242,
            58.38147662658433,
            34.21624755859375
          ],
          [
            26.72931027020489,
            58.38148595571545,
            34.146873474121094
          ]
        ]
      }
    },
    {
      "type": "Feature",
      "properties": {
        "id": 5033244,
        "offset": 0,
        "red_duration": 10,
        "green_duration": 8
      },
      "geometry": {
        "type": "LineString",
        "coordinates": [
          [
            26.72846099500532,
            58.38203544180962,
            34.64937210083008
          ],
          [
            26.72848772830143,
            58.382044594003794,
            34.630001068115234
          ],
          [
            26.728512159955706,
            58.382053005623575,
            34.59749984741211
          ],
          [
            26.728557412835052,
            58.38201771603981,
            34.57437515258789
          ],
          [
            26.728583757084042,
            58.38202678290505,
            34.490623474121094
          ],
          [
            26.728609274854005,
            58.382035662424286,
            34.49812316894531
          ]
        ]
      }
    },
    {
      "type": "Feature",
      "properties": {
        "id": 5033241,
        "offset": 0,
        "red_duration": 10,
        "green_duration": 8
      },
      "geometry": {
        "type": "LineString",
        "coordinates": [
          [
            26.7273128386909,
            58.38324713523551,
            34.010623931884766
          ],
          [
            26.727285111649483,
            58.383240967440045,
            33.98500061035156
          ],
          [
            26.727261673910068,
            58.383235979806756,
            33.95000076293945
          ],
          [
            26.727237963070163,
            58.38323067567711,
            33.89500045776367
          ],
          [
            26.72720673098918,
            58.38322326766204,
            33.80937194824219
          ]
        ]
      }
    },
    {
      "type": "Feature",
      "properties": {
        "id": 5033267,
        "offset": 0,
        "red_duration": 10,
        "green_duration": 8
      },
      "geometry": {
        "type": "LineString",
        "coordinates": [
          [
            26.722917717029546,
            58.38433474872101,
            34.951873779296875
          ],
          [
            26.722919570138068,
            58.38430810793703,
            34.950626373291016
          ],
          [
            26.72292082347773,
            58.384288432383194,
            34.96062469482422
          ]
        ]
      }
    },
    {
      "type": "Feature",
      "properties": {
        "id": 5033223,
        "offset": 0,
        "red_duration": 10,
        "green_duration": 8
      },
      "geometry": {
        "type": "LineString",
        "coordinates": [
          [
            26.69648309144689,
            58.38727747291186,
            53.37125015258789
          ],
          [
            26.696463527107298,
            58.38726820787613,
            53.34000015258789
          ],
          [
            26.696437481047397,
            58.387255873295985,
            53.373748779296875
          ]
        ]
      }
    },
    {
      "type": "Feature",
      "properties": {
        "id": 5033224,
        "offset": 0,
        "red_duration": 10,
        "green_duration": 8
      },
      "geometry": {
        "type": "LineString",
        "coordinates": [
          [
            26.697021311374865,
            58.38719859480676,
            53.49625015258789
          ],
          [
            26.69700522270054,
            58.38720715754283,
            53.50374984741211
          ],
          [
            26.696985806947943,
            58.38721817173818,
            53.46999740600586
          ]
        ]
      }
    },
    {
      "type": "Feature",
      "properties": {
        "id": 5033678,
        "offset": 0,
        "red_duration": 10,
        "green_duration": 8
      },
      "geometry": {
        "type": "LineString",
        "coordinates": [
          [
            26.697009579683257,
            58.386964244704274,
            53.7912483215332
          ],
          [
            26.697034456135185,
            58.38697621254025,
            53.748748779296875
          ],
          [
            26.69705655493554,
            58.3869871837221,
            53.79437255859375
          ]
        ]
      }
    },
    {
      "type": "Feature",
      "properties": {
        "id": 5033243,
        "offset": 0,
        "red_duration": 10,
        "green_duration": 8
      },
      "geometry": {
        "type": "LineString",
        "coordinates": [
          [
            26.728115993683783,
            58.382211414429634,
            34.502498626708984
          ],
          [
            26.728090427322382,
            58.38220603676851,
            34.46500015258789
          ],
          [
            26.728065015004137,
            58.382200776893484,
            34.42687225341797
          ],
          [
            26.728041863825457,
            58.38219632319013,
            34.423126220703125
          ],
          [
            26.728010019411084,
            58.38219025424889,
            34.49374771118164
          ]
        ]
      }
    },
    {
      "type": "Feature",
      "properties": {
        "id": 5033246,
        "offset": 0,
        "red_duration": 10,
        "green_duration": 8
      },
      "geometry": {
        "type": "LineString",
        "coordinates": [
          [
            26.728672559532175,
            58.381592090774916,
            34.63437271118164
          ],
          [
            26.728618592376616,
            58.3815779238449,
            34.48812484741211
          ],
          [
            26.72858955152724,
            58.38156999131195,
            34.483123779296875
          ],
          [
            26.728567810739378,
            58.38156405279038,
            34.47437286376953
          ],
          [
            26.728524475763436,
            58.38155105523565,
            34.64437484741211
          ]
        ]
      }
    },
    {
      "type": "Feature",
      "properties": {
        "id": 5033249,
        "offset": 0,
        "red_duration": 10,
        "green_duration": 8
      },
      "geometry": {
        "type": "LineString",
        "coordinates": [
          [
            26.7290743932912,
            58.37812735862029,
            34.98249816894531
          ],
          [
            26.72905900267076,
            58.378153185367,
            34.946876525878906
          ],
          [
            26.72904954175991,
            58.37816982641054,
            35.07437515258789
          ]
        ]
      }
    },
    {
      "type": "Feature",
      "properties": {
        "id": 5033261,
        "offset": 0,
        "red_duration": 10,
        "green_duration": 8
      },
      "geometry": {
        "type": "LineString",
        "coordinates": [
          [
            26.72787666476944,
            58.37860116415378,
            35.77375030517578
          ],
          [
            26.7279038548298,
            58.37861467448681,
            35.6349983215332
          ],
          [
            26.727921684095506,
            58.37862307701728,
            35.58625030517578
          ],
          [
            26.72793786973155,
            58.378631249531765,
            35.54249954223633
          ],
          [
            26.72796086417116,
            58.37864228499834,
            35.45124816894531
          ],
          [
            26.727976461088083,
            58.37865005459723,
            35.438751220703125
          ],
          [
            26.72800347562399,
            58.378662706396554,
            35.432498931884766
          ]
        ]
      }
    },
    {
      "type": "Feature",
      "properties": {
        "id": 5033264,
        "offset": 0,
        "red_duration": 10,
        "green_duration": 8
      },
      "geometry": {
        "type": "LineString",
        "coordinates": [
          [
            26.725153649719044,
            58.38048854940609,
            35.43000030517578
          ],
          [
            26.725173227495773,
            58.380492815971195,
            35.40625
          ],
          [
            26.725188580993166,
            58.38049620434806,
            35.384376525878906
          ]
        ]
      }
    },
    {
      "type": "Feature",
      "properties": {
        "id": 5033253,
        "offset": 0,
        "red_duration": 10,
        "green_duration": 8
      },
      "geometry": {
        "type": "LineString",
        "coordinates": [
          [
            26.728659140849903,
            58.37816945493708,
            35.078125
          ],
          [
            26.728693857769365,
            58.37818647114433,
            34.96812438964844
          ],
          [
            26.72871743151979,
            58.3781979591745,
            34.883750915527344
          ],
          [
            26.728735605565685,
            58.37820621112299,
            34.854373931884766
          ],
          [
            26.728758984279686,
            58.37821826555634,
            34.875
          ]
        ]
      }
    },
    {
      "type": "Feature",
      "properties": {
        "id": 5033266,
        "offset": 0,
        "red_duration": 10,
        "green_duration": 8
      },
      "geometry": {
        "type": "LineString",
        "coordinates": [
          [
            26.723301898786815,
            58.38419317289336,
            34.64187240600586
          ],
          [
            26.72332151647065,
            58.38419300522021,
            34.602500915527344
          ],
          [
            26.723369004194204,
            58.3841919329135,
            34.63624954223633
          ]
        ]
      }
    },
    {
      "type": "Feature",
      "properties": {
        "id": 5033240,
        "offset": 0,
        "red_duration": 10,
        "green_duration": 8
      },
      "geometry": {
        "type": "LineString",
        "coordinates": [
          [
            26.727770008942056,
            58.3832211202744,
            33.923126220703125
          ],
          [
            26.727749422089502,
            58.38323267864487,
            33.859375
          ],
          [
            26.727728271212246,
            58.38324532025507,
            33.90687561035156
          ]
        ]
      }
    },
    {
      "type": "Feature",
      "properties": {
        "id": 5033242,
        "offset": 0,
        "red_duration": 10,
        "green_duration": 8
      },
      "geometry": {
        "type": "LineString",
        "coordinates": [
          [
            26.727572097761943,
            58.382970424456474,
            34.16937255859375
          ],
          [
            26.727601880515344,
            58.38297630161111,
            34.09000015258789
          ],
          [
            26.727656212990045,
            58.38298722002519,
            34.006874084472656
          ],
          [
            26.727683435602042,
            58.382992789517914,
            34.06562423706055
          ]
        ]
      }
    },
    {
      "type": "Feature",
      "properties": {
        "id": 5033229,
        "offset": 0,
        "red_duration": 10,
        "green_duration": 8
      },
      "geometry": {
        "type": "LineString",
        "coordinates": [
          [
            26.72740020689384,
            58.38775880637343,
            38.10312271118164
          ],
          [
            26.72742351033896,
            58.38777463168881,
            38.13874816894531
          ],
          [
            26.727444601224864,
            58.387788612096294,
            38.1818733215332
          ]
        ]
      }
    },
    {
      "type": "Feature",
      "properties": {
        "id": 5033274,
        "offset": 0,
        "red_duration": 10,
        "green_duration": 8
      },
      "geometry": {
        "type": "LineString",
        "coordinates": [
          [
            26.727020494269247,
            58.38792515294776,
            38.131248474121094
          ],
          [
            26.726998908004926,
            58.38791218505841,
            38.07437515258789
          ],
          [
            26.726974067539015,
            58.387896864679135,
            38.07749938964844
          ]
        ]
      }
    },
    {
      "type": "Feature",
      "properties": {
        "id": 5033277,
        "offset": 0,
        "red_duration": 10,
        "green_duration": 8
      },
      "geometry": {
        "type": "LineString",
        "coordinates": [
          [
            26.728394620603297,
            58.38945684709124,
            47.80500030517578
          ],
          [
            26.728420119590435,
            58.38945136773995,
            47.741249084472656
          ],
          [
            26.728438558194394,
            58.389447455722106,
            47.81999969482422
          ]
        ]
      }
    },
    {
      "type": "Feature",
      "properties": {
        "id": 5033278,
        "offset": 0,
        "red_duration": 10,
        "green_duration": 8
      },
      "geometry": {
        "type": "LineString",
        "coordinates": [
          [
            26.72881416587049,
            58.389503387823375,
            49.346248626708984
          ],
          [
            26.72882888271196,
            58.38951521112969,
            49.423126220703125
          ],
          [
            26.728831509702054,
            58.389517447216264,
            49.423126220703125
          ],
          [
            26.728859219519972,
            58.38954133141818,
            49.51874923706055
          ],
          [
            26.72887612915307,
            58.38955552046251,
            49.60687255859375
          ]
        ]
      }
    },
    {
      "type": "Feature",
      "properties": {
        "id": 5033282,
        "offset": 0,
        "red_duration": 10,
        "green_duration": 8
      },
      "geometry": {
        "type": "LineString",
        "coordinates": [
          [
            26.728616228194266,
            58.38978643595772,
            49.38062286376953
          ],
          [
            26.728592880398203,
            58.38979315868268,
            49.38874816894531
          ],
          [
            26.728563315520898,
            58.389803096248805,
            49.37187576293945
          ]
        ]
      }
    },
    {
      "type": "Feature",
      "properties": {
        "id": 5033280,
        "offset": 0,
        "red_duration": 10,
        "green_duration": 8
      },
      "geometry": {
        "type": "LineString",
        "coordinates": [
          [
            26.728202546680166,
            58.38971274834259,
            49.014373779296875
          ],
          [
            26.728187782199917,
            58.38970061920898,
            48.99937438964844
          ],
          [
            26.728172551559606,
            58.38968884571974,
            49.0625
          ]
        ]
      }
    },
    {
      "type": "Feature",
      "properties": {
        "id": 5033284,
        "offset": 0,
        "red_duration": 10,
        "green_duration": 8
      },
      "geometry": {
        "type": "LineString",
        "coordinates": [
          [
            26.730821820227256,
            58.39209161098147,
            53.1881217956543
          ],
          [
            26.7308034602224,
            58.39207823048765,
            53.20124816894531
          ],
          [
            26.73077511963031,
            58.39205757626767,
            53.11750030517578
          ],
          [
            26.730754278542,
            58.392042387559776,
            53.19937515258789
          ]
        ]
      }
    },
    {
      "type": "Feature",
      "properties": {
        "id": 5033286,
        "offset": 0,
        "red_duration": 10,
        "green_duration": 8
      },
      "geometry": {
        "type": "LineString",
        "coordinates": [
          [
            26.730949406577604,
            58.391760040986725,
            53.241249084472656
          ],
          [
            26.730973696319808,
            58.39175226367975,
            53.23624801635742
          ],
          [
            26.731018303548122,
            58.39173798091731,
            53.15749740600586
          ],
          [
            26.731041719041365,
            58.39173048351333,
            53.162498474121094
          ]
        ]
      }
    },
    {
      "type": "Feature",
      "properties": {
        "id": 5033285,
        "offset": 0,
        "red_duration": 10,
        "green_duration": 8
      },
      "geometry": {
        "type": "LineString",
        "coordinates": [
          [
            26.730907157343935,
            58.39177356870513,
            53.35749816894531
          ],
          [
            26.730926419416267,
            58.39176740121426,
            53.256874084472656
          ],
          [
            26.730949406577604,
            58.391760040986725,
            53.241249084472656
          ]
        ]
      }
    },
    {
      "type": "Feature",
      "properties": {
        "id": 5033283,
        "offset": 0,
        "red_duration": 10,
        "green_duration": 8
      },
      "geometry": {
        "type": "LineString",
        "coordinates": [
          [
            26.731262968556198,
            58.39208574502733,
            53.393123626708984
          ],
          [
            26.731237558781537,
            58.3920951431537,
            53.23749923706055
          ],
          [
            26.731192902783576,
            58.39211194047411,
            53.16812515258789
          ],
          [
            26.73117214896012,
            58.3921193357567,
            53.18874740600586
          ]
        ]
      }
    },
    {
      "type": "Feature",
      "properties": {
        "id": 5033234,
        "offset": 0,
        "red_duration": 10,
        "green_duration": 8
      },
      "geometry": {
        "type": "LineString",
        "coordinates": [
          [
            26.73535596945161,
            58.396593079568916,
            52.4943733215332
          ],
          [
            26.7353806564297,
            58.396586872659256,
            52.471248626708984
          ],
          [
            26.735408876347524,
            58.39657974883309,
            52.46249771118164
          ]
        ]
      }
    },
    {
      "type": "Feature",
      "properties": {
        "id": 5033230,
        "offset": 0,
        "red_duration": 10,
        "green_duration": 8
      },
      "geometry": {
        "type": "LineString",
        "coordinates": [
          [
            26.7357079040251,
            58.39664327347879,
            52.5881233215332
          ],
          [
            26.735724690125465,
            58.396655771278674,
            52.53312301635742
          ],
          [
            26.73574104167092,
            58.39666730290881,
            52.50812530517578
          ],
          [
            26.73575602928035,
            58.39667867974588,
            52.494998931884766
          ],
          [
            26.73577360468021,
            58.396691140264494,
            52.50562286376953
          ]
        ]
      }
    },
    {
      "type": "Feature",
      "properties": {
        "id": 5033231,
        "offset": 0,
        "red_duration": 10,
        "green_duration": 8
      },
      "geometry": {
        "type": "LineString",
        "coordinates": [
          [
            26.735198785509105,
            58.396877847696565,
            51.916873931884766
          ],
          [
            26.73517555684081,
            58.396865313038575,
            51.89875030517578
          ],
          [
            26.735148077046155,
            58.39685093321359,
            51.975624084472656
          ]
        ]
      }
    },
    {
      "type": "Feature",
      "properties": {
        "id": 5033232,
        "offset": 0,
        "red_duration": 10,
        "green_duration": 8
      },
      "geometry": {
        "type": "LineString",
        "coordinates": [
          [
            26.73547386342248,
            58.3969486247522,
            51.988746643066406
          ],
          [
            26.735500600040922,
            58.396942163601935,
            52.022499084472656
          ],
          [
            26.735528082065645,
            58.39693498547777,
            52.07875061035156
          ]
        ]
      }
    },
    {
      "type": "Feature",
      "properties": {
        "id": 5033237,
        "offset": 0,
        "red_duration": 10,
        "green_duration": 8
      },
      "geometry": {
        "type": "LineString",
        "coordinates": [
          [
            26.734785517606607,
            58.38737765603278,
            49.53999710083008
          ],
          [
            26.734798233509323,
            58.38738718368907,
            49.58124923706055
          ],
          [
            26.73481643547659,
            58.3874001820302,
            49.62437438964844
          ]
        ]
      }
    },
    {
      "type": "Feature",
      "properties": {
        "id": 5033236,
        "offset": 0,
        "red_duration": 10,
        "green_duration": 8
      },
      "geometry": {
        "type": "LineString",
        "coordinates": [
          [
            26.735302868811097,
            58.387482205145076,
            49.43312454223633
          ],
          [
            26.735321278977576,
            58.38747282085811,
            49.43124771118164
          ],
          [
            26.735345203870445,
            58.38746065618377,
            49.47624969482422
          ]
        ]
      }
    },
    {
      "type": "Feature",
      "properties": {
        "id": 5033256,
        "offset": 0,
        "red_duration": 10,
        "green_duration": 8
      },
      "geometry": {
        "type": "LineString",
        "coordinates": [
          [
            26.72956024909977,
            58.377638079447884,
            34.63999938964844
          ],
          [
            26.72958385336015,
            58.37764969519516,
            34.610626220703125
          ],
          [
            26.729620066612064,
            58.37766797656681,
            34.55249786376953
          ],
          [
            26.72965935676289,
            58.37768774770275,
            34.486873626708984
          ],
          [
            26.729698813078112,
            58.37770647821843,
            34.40562438964844
          ],
          [
            26.72973623393897,
            58.3777240207554,
            34.461875915527344
          ]
        ]
      }
    },
    {
      "type": "Feature",
      "properties": {
        "id": 5033259,
        "offset": 0,
        "red_duration": 10,
        "green_duration": 8
      },
      "geometry": {
        "type": "LineString",
        "coordinates": [
          [
            26.728451104517035,
            58.37827786678172,
            35.307498931884766
          ],
          [
            26.72842094554698,
            58.37826380077697,
            35.29812240600586
          ],
          [
            26.72840211795712,
            58.37825477379072,
            35.31312561035156
          ],
          [
            26.72838195256303,
            58.37824510537905,
            35.33562469482422
          ],
          [
            26.728361705007092,
            58.378235397565874,
            35.338748931884766
          ],
          [
            26.7283421749883,
            58.37822603377211,
            35.33625030517578
          ],
          [
            26.728304700100104,
            58.37820841679361,
            35.32562255859375
          ],
          [
            26.728270946404912,
            58.378192483431164,
            35.43312454223633
          ]
        ]
      }
    },
    {
      "type": "Feature",
      "properties": {
        "id": 5033269,
        "offset": 0,
        "red_duration": 10,
        "green_duration": 8
      },
      "geometry": {
        "type": "LineString",
        "coordinates": [
          [
            26.72310782120257,
            58.38448664109558,
            35.10749816894531
          ],
          [
            26.723080512592368,
            58.38449647415288,
            35.04874801635742
          ],
          [
            26.723047103671185,
            58.38450871960218,
            35.13812255859375
          ]
        ]
      }
    },
    {
      "type": "Feature",
      "properties": {
        "id": 5033268,
        "offset": 0,
        "red_duration": 10,
        "green_duration": 8
      },
      "geometry": {
        "type": "LineString",
        "coordinates": [
          [
            26.723251312182896,
            58.38445020967586,
            35.055625915527344
          ],
          [
            26.7232018845625,
            58.38445459241274,
            35.05624771118164
          ],
          [
            26.72313421106313,
            58.384460318592495,
            35.162498474121094
          ]
        ]
      }
    },
    {
      "type": "Feature",
      "properties": {
        "id": 5033235,
        "offset": 0,
        "red_duration": 10,
        "green_duration": 8
      },
      "geometry": {
        "type": "LineString",
        "coordinates": [
          [
            26.742658569477403,
            58.4027681587621,
            59.41124725341797
          ],
          [
            26.742679782953385,
            58.40275827454191,
            59.428749084472656
          ],
          [
            26.742701083420595,
            58.40274926772152,
            59.393123626708984
          ],
          [
            26.742662941614974,
            58.40272453196439,
            59.43124771118164
          ],
          [
            26.742684124329703,
            58.402716430487374,
            59.36124801635742
          ],
          [
            26.742707034121043,
            58.40270726584485,
            59.32187271118164
          ]
        ]
      }
    },
    {
      "type": "Feature",
      "properties": {
        "id": 5033238,
        "offset": 0,
        "red_duration": 10,
        "green_duration": 8
      },
      "geometry": {
        "type": "LineString",
        "coordinates": [
          [
            26.742998429060044,
            58.40298728038285,
            59.29437255859375
          ],
          [
            26.742968978752224,
            58.40299844866233,
            59.241249084472656
          ],
          [
            26.742945768493406,
            58.403008586257094,
            59.211246490478516
          ]
        ]
      }
    },
    {
      "type": "Feature",
      "properties": {
        "id": 5033276,
        "offset": 0,
        "red_duration": 10,
        "green_duration": 8
      },
      "geometry": {
        "type": "LineString",
        "coordinates": [
          [
            26.728345833004084,
            58.389467494688525,
            47.803749084472656
          ],
          [
            26.728367373307247,
            58.38946275793472,
            47.83250045776367
          ],
          [
            26.728392908357307,
            58.389457231291985,
            47.80500030517578
          ]
        ]
      }
    },
    {
      "type": "Feature",
      "properties": {
        "id": 5033239,
        "offset": 0,
        "red_duration": 10,
        "green_duration": 8
      },
      "geometry": {
        "type": "LineString",
        "coordinates": [
          [
            26.735528082065645,
            58.39693498547777,
            52.07875061035156
          ],
          [
            26.73555364277609,
            58.39692756810703,
            52.103126525878906
          ],
          [
            26.73557850295423,
            58.39692058633811,
            52.16437530517578
          ]
        ]
      }
    },
    {
      "type": "Feature",
      "properties": {
        "id": 5033281,
        "offset": 0,
        "red_duration": 10,
        "green_duration": 8
      },
      "geometry": {
        "type": "LineString",
        "coordinates": [
          [
            26.72866276644973,
            58.38977163482278,
            49.41562271118164
          ],
          [
            26.72864167327144,
            58.3897787445227,
            49.39812469482422
          ],
          [
            26.728616228194266,
            58.38978643595772,
            49.38062286376953
          ]
        ]
      }
    },
    {
      "type": "Feature",
      "properties": {
        "id": 5033287,
        "offset": 0,
        "red_duration": 10,
        "green_duration": 8
      },
      "geometry": {
        "type": "LineString",
        "coordinates": [
          [
            26.724958469219366,
            58.38074864354931,
            35.26687240600586
          ],
          [
            26.724931518465766,
            58.38074356178426,
            35.270626068115234
          ],
          [
            26.72490630897327,
            58.38073844531361,
            35.23875045776367
          ]
        ]
      }
    },
    {
      "type": "Feature",
      "properties": {
        "id": 5033265,
        "offset": 0,
        "red_duration": 10,
        "green_duration": 8
      },
      "geometry": {
        "type": "LineString",
        "coordinates": [
          [
            26.723236134067005,
            58.38419271854228,
            34.836875915527344
          ],
          [
            26.723268838547533,
            58.384193201156165,
            34.73062515258789
          ],
          [
            26.723301898786815,
            58.38419317289336,
            34.64187240600586
          ]
        ]
      }
    },
    {
      "type": "Feature",
      "properties": {
        "id": 5033251,
        "offset": 0,
        "red_duration": 10,
        "green_duration": 8
      },
      "geometry": {
        "type": "LineString",
        "coordinates": [
          [
            26.729150413999037,
            58.37806945602762,
            35.10499954223633
          ],
          [
            26.729133366952073,
            58.378078765154754,
            35.10187530517578
          ],
          [
            26.72911486154845,
            58.37808985549411,
            35.0787467956543
          ],
          [
            26.729097649732363,
            58.37810032267293,
            35.032501220703125
          ],
          [
            26.729077588167936,
            58.37811193240175,
            34.97749710083008
          ]
        ]
      }
    },
    {
      "type": "Feature",
      "properties": {
        "id": 5033290,
        "offset": 0,
        "red_duration": 10,
        "green_duration": 8
      },
      "geometry": {
        "type": "LineString",
        "coordinates": [
          [
            26.75304801764423,
            58.39714756647473,
            59.117496490478516
          ],
          [
            26.753069301064244,
            58.39712032018311,
            59.09874725341797
          ],
          [
            26.75309192943328,
            58.39709135208449,
            59.05812454223633
          ]
        ]
      }
    },
    {
      "type": "Feature",
      "properties": {
        "id": 5033291,
        "offset": 0,
        "red_duration": 10,
        "green_duration": 8
      },
      "geometry": {
        "type": "LineString",
        "coordinates": [
          [
            26.753715465642152,
            58.39729666093794,
            59.348121643066406
          ],
          [
            26.753737287148272,
            58.3972700537079,
            59.31062316894531
          ],
          [
            26.75376105598162,
            58.397241072027846,
            59.25749969482422
          ]
        ]
      }
    },
    {
      "type": "Feature",
      "properties": {
        "id": 5033292,
        "offset": 0,
        "red_duration": 10,
        "green_duration": 8
      },
      "geometry": {
        "type": "LineString",
        "coordinates": [
          [
            26.754380782255197,
            58.3974471751481,
            59.543121337890625
          ],
          [
            26.75440411360704,
            58.39741952254009,
            59.48999786376953
          ],
          [
            26.75442864812091,
            58.39739044387801,
            59.45499801635742
          ]
        ]
      }
    },
    {
      "type": "Feature",
      "properties": {
        "id": 5033296,
        "offset": 0,
        "red_duration": 10,
        "green_duration": 8
      },
      "geometry": {
        "type": "LineString",
        "coordinates": [
          [
            26.7353688824634,
            58.38723019454804,
            49.89187240600586
          ],
          [
            26.73535574769025,
            58.3872186597924,
            49.82937240600586
          ],
          [
            26.735343346362935,
            58.38720795011631,
            49.86750030517578
          ]
        ]
      }
    },
    {
      "type": "Feature",
      "properties": {
        "id": 5033295,
        "offset": 0,
        "red_duration": 10,
        "green_duration": 8
      },
      "geometry": {
        "type": "LineString",
        "coordinates": [
          [
            26.734835901882022,
            58.38714043638248,
            48.43000030517578
          ],
          [
            26.734819125058955,
            58.387148777179306,
            48.40749740600586
          ],
          [
            26.73480397663652,
            58.38715648595759,
            48.39624786376953
          ]
        ]
      }
    },
    {
      "type": "Feature",
      "properties": {
        "id": 5033301,
        "offset": 0,
        "red_duration": 10,
        "green_duration": 8
      },
      "geometry": {
        "type": "LineString",
        "coordinates": [
          [
            26.72638184453421,
            58.37672658680538,
            41.970001220703125
          ],
          [
            26.726360250580903,
            58.37673740047082,
            41.94687271118164
          ],
          [
            26.726310827210014,
            58.3767608493913,
            41.98187255859375
          ],
          [
            26.726275246087507,
            58.37677929071967,
            42.05125045776367
          ]
        ]
      }
    },
    {
      "type": "Feature",
      "properties": {
        "id": 5033353,
        "offset": 0,
        "red_duration": 10,
        "green_duration": 8
      },
      "geometry": {
        "type": "LineString",
        "coordinates": [
          [
            26.688606120682387,
            58.36050717455944,
            78.07937622070312
          ],
          [
            26.688565420009514,
            58.360530547613585,
            78.02499389648438
          ],
          [
            26.688529116853097,
            58.360551671954326,
            77.95812225341797
          ],
          [
            26.688514295968638,
            58.3605600722745,
            78.01874542236328
          ]
        ]
      }
    },
    {
      "type": "Feature",
      "properties": {
        "id": 5033354,
        "offset": 0,
        "red_duration": 10,
        "green_duration": 8
      },
      "geometry": {
        "type": "LineString",
        "coordinates": [
          [
            26.688212417159342,
            58.36031455435514,
            78.49124908447266
          ],
          [
            26.6882260660671,
            58.36030613880436,
            78.44562530517578
          ],
          [
            26.688260965839458,
            58.36028558783224,
            78.36687469482422
          ],
          [
            26.688277839810173,
            58.36027526250838,
            78.37062072753906
          ]
        ]
      }
    },
    {
      "type": "Feature",
      "properties": {
        "id": 5033679,
        "offset": 0,
        "red_duration": 10,
        "green_duration": 8
      },
      "geometry": {
        "type": "LineString",
        "coordinates": [
          [
            26.718887521326476,
            58.37459115951723,
            61.358123779296875
          ],
          [
            26.718914675592362,
            58.3745970190662,
            61.38812255859375
          ],
          [
            26.718941624845716,
            58.37460283753224,
            61.441871643066406
          ]
        ]
      }
    },
    {
      "type": "Feature",
      "properties": {
        "id": 5033680,
        "offset": 0,
        "red_duration": 10,
        "green_duration": 8
      },
      "geometry": {
        "type": "LineString",
        "coordinates": [
          [
            26.718639041425686,
            58.37485187098015,
            61.6349983215332
          ],
          [
            26.7186140522168,
            58.374844933017144,
            61.627498626708984
          ],
          [
            26.718590688691748,
            58.37483811617473,
            61.64562225341797
          ]
        ]
      }
    },
    {
      "type": "Feature",
      "properties": {
        "id": 5033681,
        "offset": 0,
        "red_duration": 10,
        "green_duration": 8
      },
      "geometry": {
        "type": "LineString",
        "coordinates": [
          [
            26.71856075810818,
            58.37465020538072,
            61.75
          ],
          [
            26.718571611190615,
            58.374643338404226,
            61.72687530517578
          ],
          [
            26.718585054984697,
            58.37463439990289,
            61.68000030517578
          ]
        ]
      }
    },
    {
      "type": "Feature",
      "properties": {
        "id": 5033279,
        "offset": 0,
        "red_duration": 10,
        "green_duration": 8
      },
      "geometry": {
        "type": "LineString",
        "coordinates": [
          [
            26.728196354093683,
            58.389748928749995,
            49.178123474121094
          ],
          [
            26.728182095751542,
            58.3897375605068,
            49.15625
          ],
          [
            26.728168060386476,
            58.38972637003556,
            49.10187530517578
          ]
        ]
      }
    },
    {
      "type": "Feature",
      "properties": {
        "id": 5033233,
        "offset": 0,
        "red_duration": 10,
        "green_duration": 8
      },
      "geometry": {
        "type": "LineString",
        "coordinates": [
          [
            26.73530674597375,
            58.39660570048049,
            52.57374954223633
          ],
          [
            26.735335068726243,
            58.396598390471326,
            52.51124954223633
          ],
          [
            26.73535596945161,
            58.396593079568916,
            52.4943733215332
          ]
        ]
      }
    },
    {
      "type": "Feature",
      "properties": {
        "id": 5033682,
        "offset": 0,
        "red_duration": 10,
        "green_duration": 8
      },
      "geometry": {
        "type": "LineString",
        "coordinates": [
          [
            26.742561908638763,
            58.40288392887352,
            58.986873626708984
          ],
          [
            26.742544738697944,
            58.40287319797646,
            58.94249725341797
          ],
          [
            26.74253231189858,
            58.402864931811834,
            58.92562484741211
          ]
        ]
      }
    },
    {
      "type": "Feature",
      "properties": {
        "id": 5033289,
        "offset": 0,
        "red_duration": 10,
        "green_duration": 8
      },
      "geometry": {
        "type": "LineString",
        "coordinates": [
          [
            26.730197804757008,
            58.37711678427089,
            34.258750915527344
          ],
          [
            26.73017352639083,
            58.37710535636863,
            34.24374771118164
          ],
          [
            26.73014911264368,
            58.377093954683104,
            34.40562438964844
          ]
        ]
      }
    },
    {
      "type": "Feature",
      "properties": {
        "id": 5033758,
        "offset": 0,
        "red_duration": 10,
        "green_duration": 8
      },
      "geometry": {
        "type": "LineString",
        "coordinates": [
          [
            26.70182209980518,
            58.37734805456802,
            63.40937423706055
          ],
          [
            26.701847793871977,
            58.37735796945461,
            63.38374710083008
          ],
          [
            26.701868524619968,
            58.37736579502167,
            63.369998931884766
          ]
        ]
      }
    },
    {
      "type": "Feature",
      "properties": {
        "id": 5033759,
        "offset": 0,
        "red_duration": 10,
        "green_duration": 8
      },
      "geometry": {
        "type": "LineString",
        "coordinates": [
          [
            26.701925647331223,
            58.377589371000994,
            63.40812301635742
          ],
          [
            26.70191252299711,
            58.37760072580102,
            63.408748626708984
          ],
          [
            26.701900486722568,
            58.37761224232274,
            63.44312286376953
          ]
        ]
      }
    },
    {
      "type": "Feature",
      "properties": {
        "id": 5033760,
        "offset": 0,
        "red_duration": 10,
        "green_duration": 8
      },
      "geometry": {
        "type": "LineString",
        "coordinates": [
          [
            26.701388471078715,
            58.37765681978901,
            63.14999771118164
          ],
          [
            26.70136239030042,
            58.37764694670285,
            63.11312484741211
          ],
          [
            26.701345013377487,
            58.3776399476318,
            63.068748474121094
          ]
        ]
      }
    },
    {
      "type": "Feature",
      "properties": {
        "id": 5033761,
        "offset": 0,
        "red_duration": 10,
        "green_duration": 8
      },
      "geometry": {
        "type": "LineString",
        "coordinates": [
          [
            26.701313214671657,
            58.37737191975597,
            63.240623474121094
          ],
          [
            26.701330901473206,
            58.37735905803878,
            63.225624084472656
          ],
          [
            26.701354295082947,
            58.377342046352766,
            63.236873626708984
          ]
        ]
      }
    },
    {
      "type": "Feature",
      "properties": {
        "id": 5033225,
        "offset": 0,
        "red_duration": 10,
        "green_duration": 8
      },
      "geometry": {
        "type": "LineString",
        "coordinates": [
          [
            26.696388946755214,
            58.386928447678336,
            54.022499084472656
          ],
          [
            26.696406791579992,
            58.3869185082327,
            54.01937484741211
          ],
          [
            26.696424041712017,
            58.38690820318179,
            54.080623626708984
          ]
        ]
      }
    },
    {
      "type": "Feature",
      "properties": {
        "id": 5033806,
        "offset": 0,
        "red_duration": 10,
        "green_duration": 8
      },
      "geometry": {
        "type": "LineString",
        "coordinates": [
          [
            26.740281999534993,
            58.37901846068441,
            33.43000030517578
          ],
          [
            26.74026035279953,
            58.3790113621381,
            33.41187286376953
          ],
          [
            26.74022884853228,
            58.37900121900194,
            33.432498931884766
          ]
        ]
      }
    },
    {
      "type": "Feature",
      "properties": {
        "id": 5033808,
        "offset": 0,
        "red_duration": 10,
        "green_duration": 8
      },
      "geometry": {
        "type": "LineString",
        "coordinates": [
          [
            26.740329037134806,
            58.379055991780504,
            33.491249084472656
          ],
          [
            26.740309602706738,
            58.37904720114186,
            33.51187515258789
          ],
          [
            26.740290122687462,
            58.379038389873884,
            33.47062301635742
          ]
        ]
      }
    },
    {
      "type": "Feature",
      "properties": {
        "id": 5033807,
        "offset": 0,
        "red_duration": 10,
        "green_duration": 8
      },
      "geometry": {
        "type": "LineString",
        "coordinates": [
          [
            26.74068727174725,
            58.378796301940774,
            33.56687545776367
          ],
          [
            26.740711724893483,
            58.37880679353626,
            33.54812240600586
          ],
          [
            26.740736225781337,
            58.37881730560431,
            33.57937240600586
          ]
        ]
      }
    },
    {
      "type": "Feature",
      "properties": {
        "id": 5033814,
        "offset": 0,
        "red_duration": 10,
        "green_duration": 8
      },
      "geometry": {
        "type": "LineString",
        "coordinates": [
          [
            26.69070794671006,
            58.36992727549902,
            65.71562194824219
          ],
          [
            26.69073099271661,
            58.369935262513835,
            65.6918716430664
          ],
          [
            26.69075269637562,
            58.36994278430642,
            65.71624755859375
          ]
        ]
      }
    },
    {
      "type": "Feature",
      "properties": {
        "id": 5033793,
        "offset": 0,
        "red_duration": 10,
        "green_duration": 8
      },
      "geometry": {
        "type": "LineString",
        "coordinates": [
          [
            26.69004095167317,
            58.369986851271506,
            65.51750183105469
          ],
          [
            26.69005306704896,
            58.36997453113586,
            65.60624694824219
          ],
          [
            26.690064673382178,
            58.369962828719984,
            65.6918716430664
          ]
        ]
      }
    },
    {
      "type": "Feature",
      "properties": {
        "id": 5033794,
        "offset": 0,
        "red_duration": 10,
        "green_duration": 8
      },
      "geometry": {
        "type": "LineString",
        "coordinates": [
          [
            26.690221430400097,
            58.370237186804275,
            65.13687133789062
          ],
          [
            26.69019782025438,
            58.37022587023535,
            65.1356201171875
          ],
          [
            26.690179617325825,
            58.370217290184044,
            65.13812255859375
          ]
        ]
      }
    },
    {
      "type": "Feature",
      "properties": {
        "id": 5033795,
        "offset": 0,
        "red_duration": 10,
        "green_duration": 8
      },
      "geometry": {
        "type": "LineString",
        "coordinates": [
          [
            26.690819036886193,
            58.37020317072023,
            65.20812225341797
          ],
          [
            26.690805157725972,
            58.3702172073302,
            65.20437622070312
          ],
          [
            26.69079352784241,
            58.37022821121218,
            65.22000122070312
          ]
        ]
      }
    },
    {
      "type": "Feature",
      "properties": {
        "id": 5033792,
        "offset": 0,
        "red_duration": 10,
        "green_duration": 8
      },
      "geometry": {
        "type": "LineString",
        "coordinates": [
          [
            26.690669056373128,
            58.36991379732429,
            65.75875091552734
          ],
          [
            26.69068800067412,
            58.369920362829426,
            65.74312591552734
          ],
          [
            26.69070794671006,
            58.36992727549902,
            65.71562194824219
          ]
        ]
      }
    },
    {
      "type": "Feature",
      "properties": {
        "id": 5033832,
        "offset": 0,
        "red_duration": 10,
        "green_duration": 8
      },
      "geometry": {
        "type": "LineString",
        "coordinates": [
          [
            26.724386443015185,
            58.38178270450446,
            34.95499801635742
          ],
          [
            26.724410705470394,
            58.38178618068998,
            34.861873626708984
          ],
          [
            26.724437297324684,
            58.38179011264202,
            34.828125
          ]
        ]
      }
    },
    {
      "type": "Feature",
      "properties": {
        "id": 5033833,
        "offset": 0,
        "red_duration": 10,
        "green_duration": 8
      },
      "geometry": {
        "type": "LineString",
        "coordinates": [
          [
            26.72426782713257,
            58.38200565187294,
            34.95249938964844
          ],
          [
            26.724241388974463,
            58.382001959784034,
            34.98062515258789
          ],
          [
            26.724219320103536,
            58.381998889760666,
            34.983123779296875
          ]
        ]
      }
    },
    {
      "type": "Feature",
      "properties": {
        "id": 5033704,
        "offset": 0,
        "red_duration": 10,
        "green_duration": 8
      },
      "geometry": {
        "type": "LineString",
        "coordinates": [
          [
            26.724064868147604,
            58.38192875658574,
            35.20375061035156
          ],
          [
            26.724068323943715,
            58.38191274293179,
            35.16937255859375
          ],
          [
            26.724075399817114,
            58.38188783368774,
            35.16875076293945
          ],
          [
            26.724081314961257,
            58.38187332172197,
            35.22374725341797
          ]
        ]
      }
    },
    {
      "type": "Feature",
      "properties": {
        "id": 5033836,
        "offset": 0,
        "red_duration": 10,
        "green_duration": 8
      },
      "geometry": {
        "type": "LineString",
        "coordinates": [
          [
            26.751190350291388,
            58.37754623674557,
            34.166873931884766
          ],
          [
            26.751214689484357,
            58.37754082030146,
            34.18375015258789
          ],
          [
            26.751274604451595,
            58.37752805823392,
            34.125
          ],
          [
            26.7513261627212,
            58.37751670235277,
            34.135623931884766
          ],
          [
            26.75135614749175,
            58.3775098224758,
            34.201873779296875
          ]
        ]
      }
    },
    {
      "type": "Feature",
      "properties": {
        "id": 5033837,
        "offset": 0,
        "red_duration": 10,
        "green_duration": 8
      },
      "geometry": {
        "type": "LineString",
        "coordinates": [
          [
            26.75165463914007,
            58.377681860393956,
            34.27937316894531
          ],
          [
            26.751660323551093,
            58.37769653158843,
            34.29624938964844
          ],
          [
            26.751670794807218,
            58.37772469895761,
            34.29874801635742
          ],
          [
            26.751675616395037,
            58.377739383373225,
            34.40999984741211
          ]
        ]
      }
    },
    {
      "type": "Feature",
      "properties": {
        "id": 5033838,
        "offset": 0,
        "red_duration": 10,
        "green_duration": 8
      },
      "geometry": {
        "type": "LineString",
        "coordinates": [
          [
            26.751504593100247,
            58.377865683495884,
            34.428123474121094
          ],
          [
            26.751478523013354,
            58.377871240420006,
            34.446250915527344
          ],
          [
            26.75142594064922,
            58.377882909215415,
            34.41374969482422
          ],
          [
            26.751397157813194,
            58.377888835622535,
            34.399375915527344
          ]
        ]
      }
    },
    {
      "type": "Feature",
      "properties": {
        "id": 5033839,
        "offset": 0,
        "red_duration": 10,
        "green_duration": 8
      },
      "geometry": {
        "type": "LineString",
        "coordinates": [
          [
            26.75108910669606,
            58.37777057986922,
            34.348751068115234
          ],
          [
            26.751065957751194,
            58.37775712708144,
            34.342498779296875
          ],
          [
            26.751043479057287,
            58.37774362330083,
            34.372501373291016
          ]
        ]
      }
    },
    {
      "type": "Feature",
      "properties": {
        "id": 5033845,
        "offset": 0,
        "red_duration": 10,
        "green_duration": 8
      },
      "geometry": {
        "type": "LineString",
        "coordinates": [
          [
            26.75429224562415,
            58.38090669814593,
            43.57437515258789
          ],
          [
            26.75429949717055,
            58.380919867661575,
            43.57187271118164
          ],
          [
            26.75430555260844,
            58.38092988311034,
            43.548126220703125
          ]
        ]
      }
    },
    {
      "type": "Feature",
      "properties": {
        "id": 5033846,
        "offset": 0,
        "red_duration": 10,
        "green_duration": 8
      },
      "geometry": {
        "type": "LineString",
        "coordinates": [
          [
            26.754306199120634,
            58.380931864884985,
            43.548126220703125
          ],
          [
            26.75431396444751,
            58.38094575526826,
            43.53062438964844
          ],
          [
            26.75432912084795,
            58.38097044951577,
            43.46687316894531
          ],
          [
            26.754334826932393,
            58.380981745929404,
            43.436248779296875
          ]
        ]
      }
    },
    {
      "type": "Feature",
      "properties": {
        "id": 5033840,
        "offset": 0,
        "red_duration": 10,
        "green_duration": 8
      },
      "geometry": {
        "type": "LineString",
        "coordinates": [
          [
            26.753777319823826,
            58.38072318590511,
            42.959999084472656
          ],
          [
            26.753806601634896,
            58.380717266472686,
            42.836875915527344
          ],
          [
            26.75382959749984,
            58.380712548501194,
            42.81187438964844
          ]
        ]
      }
    },
    {
      "type": "Feature",
      "properties": {
        "id": 5033841,
        "offset": 0,
        "red_duration": 10,
        "green_duration": 8
      },
      "geometry": {
        "type": "LineString",
        "coordinates": [
          [
            26.753832086118283,
            58.380712178492004,
            42.81187438964844
          ],
          [
            26.753864056321778,
            58.3807061301689,
            42.76374816894531
          ],
          [
            26.75389146581719,
            58.38070090734432,
            42.795623779296875
          ]
        ]
      }
    },
    {
      "type": "Feature",
      "properties": {
        "id": 5033843,
        "offset": 0,
        "red_duration": 10,
        "green_duration": 8
      },
      "geometry": {
        "type": "LineString",
        "coordinates": [
          [
            26.75341763136359,
            58.381003302686025,
            43.07624816894531
          ],
          [
            26.753410393938026,
            58.3809902936257,
            43.217498779296875
          ],
          [
            26.753395613616416,
            58.380962541663266,
            42.92374801635742
          ],
          [
            26.753388735524034,
            58.380949252109836,
            42.87125015258789
          ]
        ]
      }
    },
    {
      "type": "Feature",
      "properties": {
        "id": 5033842,
        "offset": 0,
        "red_duration": 10,
        "green_duration": 8
      },
      "geometry": {
        "type": "LineString",
        "coordinates": [
          [
            26.753431813954872,
            58.38102874754159,
            43.145626068115234
          ],
          [
            26.75342342418885,
            58.38101441445417,
            43.078125
          ],
          [
            26.75341805011746,
            58.38100430640841,
            43.07624816894531
          ]
        ]
      }
    },
    {
      "type": "Feature",
      "properties": {
        "id": 5033844,
        "offset": 0,
        "red_duration": 10,
        "green_duration": 8
      },
      "geometry": {
        "type": "LineString",
        "coordinates": [
          [
            26.753832997878494,
            58.381173524937246,
            43.69874954223633
          ],
          [
            26.753806357180974,
            58.381175540327575,
            43.6875
          ],
          [
            26.753763339582775,
            58.38117899040143,
            43.616249084472656
          ],
          [
            26.75373389642223,
            58.38118092046132,
            43.65250015258789
          ]
        ]
      }
    },
    {
      "type": "Feature",
      "properties": {
        "id": 5033847,
        "offset": 0,
        "red_duration": 10,
        "green_duration": 8
      },
      "geometry": {
        "type": "LineString",
        "coordinates": [
          [
            26.763080698460637,
            58.37995241857518,
            49.118125915527344
          ],
          [
            26.763102580630523,
            58.379953350679735,
            49.12937545776367
          ],
          [
            26.76312991909586,
            58.37995526503844,
            49.17374801635742
          ]
        ]
      }
    },
    {
      "type": "Feature",
      "properties": {
        "id": 5033852,
        "offset": 0,
        "red_duration": 10,
        "green_duration": 8
      },
      "geometry": {
        "type": "LineString",
        "coordinates": [
          [
            26.76308788467297,
            58.38028910766651,
            49.71500015258789
          ],
          [
            26.763052250263836,
            58.38029232846935,
            49.709373474121094
          ],
          [
            26.763020812493362,
            58.38029489020399,
            49.79437255859375
          ]
        ]
      }
    },
    {
      "type": "Feature",
      "properties": {
        "id": 5033848,
        "offset": 0,
        "red_duration": 10,
        "green_duration": 8
      },
      "geometry": {
        "type": "LineString",
        "coordinates": [
          [
            26.762684441328375,
            58.38014273258009,
            49.42124938964844
          ],
          [
            26.76268168311583,
            58.38012676556097,
            49.42499923706055
          ],
          [
            26.762678453488018,
            58.38010535394133,
            49.38749694824219
          ],
          [
            26.762676253915046,
            58.380091109466335,
            49.394996643066406
          ]
        ]
      }
    },
    {
      "type": "Feature",
      "properties": {
        "id": 5033853,
        "offset": 0,
        "red_duration": 10,
        "green_duration": 8
      },
      "geometry": {
        "type": "LineString",
        "coordinates": [
          [
            26.763464429644067,
            58.38010801431929,
            49.919376373291016
          ],
          [
            26.763466939446204,
            58.38012155180042,
            49.9006233215332
          ],
          [
            26.763472475301427,
            58.38014420346783,
            49.80999755859375
          ],
          [
            26.763475367420675,
            58.380160431203535,
            49.78187561035156
          ]
        ]
      }
    },
    {
      "type": "Feature",
      "properties": {
        "id": 5033854,
        "offset": 0,
        "red_duration": 10,
        "green_duration": 8
      },
      "geometry": {
        "type": "LineString",
        "coordinates": [
          [
            26.74247366665466,
            58.38470681762159,
            45.557498931884766
          ],
          [
            26.74248950461927,
            58.38471734936405,
            45.928123474121094
          ],
          [
            26.742508665771137,
            58.384730695940576,
            46.537498474121094
          ]
        ]
      }
    },
    {
      "type": "Feature",
      "properties": {
        "id": 5033866,
        "offset": 0,
        "red_duration": 10,
        "green_duration": 8
      },
      "geometry": {
        "type": "LineString",
        "coordinates": [
          [
            26.741752078517838,
            58.38491802594464,
            45.74687576293945
          ],
          [
            26.741741089519962,
            58.384909234239274,
            45.70874786376953
          ],
          [
            26.741727819427922,
            58.384898997312945,
            45.69187545776367
          ]
        ]
      }
    },
    {
      "type": "Feature",
      "properties": {
        "id": 5033849,
        "offset": 0,
        "red_duration": 10,
        "green_duration": 8
      },
      "geometry": {
        "type": "LineString",
        "coordinates": [
          [
            26.74178651361631,
            58.384944275623326,
            46.00437545776367
          ],
          [
            26.741771054067325,
            58.38493234971618,
            45.78687286376953
          ],
          [
            26.741752805828284,
            58.38491857495819,
            45.74687576293945
          ]
        ]
      }
    },
    {
      "type": "Feature",
      "properties": {
        "id": 5033850,
        "offset": 0,
        "red_duration": 10,
        "green_duration": 8
      },
      "geometry": {
        "type": "LineString",
        "coordinates": [
          [
            26.74178979059195,
            58.38471864867665,
            44.701873779296875
          ],
          [
            26.741797919074884,
            58.38470955262784,
            44.703125
          ],
          [
            26.74180782397858,
            58.384697597762425,
            44.61312484741211
          ]
        ]
      }
    },
    {
      "type": "Feature",
      "properties": {
        "id": 5033851,
        "offset": 0,
        "red_duration": 10,
        "green_duration": 8
      },
      "geometry": {
        "type": "LineString",
        "coordinates": [
          [
            26.742370170317905,
            58.384941598673954,
            46.98374938964844
          ],
          [
            26.74234589197979,
            58.38495455564832,
            46.98249816894531
          ],
          [
            26.742329271649027,
            58.38496375587593,
            47.03249740600586
          ]
        ]
      }
    },
    {
      "type": "Feature",
      "properties": {
        "id": 5033859,
        "offset": 0,
        "red_duration": 10,
        "green_duration": 8
      },
      "geometry": {
        "type": "LineString",
        "coordinates": [
          [
            26.75340521115499,
            58.37330826145845,
            35.21937561035156
          ],
          [
            26.753420199145342,
            58.373320191035376,
            35.1818733215332
          ],
          [
            26.75343385531809,
            58.37333104933132,
            35.143123626708984
          ]
        ]
      }
    },
    {
      "type": "Feature",
      "properties": {
        "id": 5033860,
        "offset": 0,
        "red_duration": 10,
        "green_duration": 8
      },
      "geometry": {
        "type": "LineString",
        "coordinates": [
          [
            26.7534494948195,
            58.37332867312146,
            35.13624954223633
          ],
          [
            26.753468185268193,
            58.37334305345055,
            35.08250045776367
          ],
          [
            26.753480726975653,
            58.37335426469101,
            35.07624816894531
          ],
          [
            26.75349679301044,
            58.37334916920375,
            35.06999969482422
          ],
          [
            26.753510772237032,
            58.37336198878588,
            35.020626068115234
          ],
          [
            26.75352917154956,
            58.37337696950314,
            34.95624923706055
          ],
          [
            26.753543901731742,
            58.37337198723772,
            34.97624969482422
          ],
          [
            26.753559065326932,
            58.37338429288714,
            34.92937469482422
          ],
          [
            26.75356960132022,
            58.37339385454821,
            34.99749755859375
          ]
        ]
      }
    },
    {
      "type": "Feature",
      "properties": {
        "id": 5033861,
        "offset": 0,
        "red_duration": 10,
        "green_duration": 8
      },
      "geometry": {
        "type": "LineString",
        "coordinates": [
          [
            26.753389572319126,
            58.37355024836098,
            35.020626068115234
          ],
          [
            26.753376286125263,
            58.37355683252022,
            34.98249816894531
          ],
          [
            26.75335144223721,
            58.373570946701605,
            35.01687240600586
          ]
        ]
      }
    },
    {
      "type": "Feature",
      "properties": {
        "id": 5033855,
        "offset": 0,
        "red_duration": 10,
        "green_duration": 8
      },
      "geometry": {
        "type": "LineString",
        "coordinates": [
          [
            26.752819715008876,
            58.37349961505903,
            35.078125
          ],
          [
            26.752808381748682,
            58.373489054065274,
            34.96125030517578
          ],
          [
            26.752796055744504,
            58.373479128952624,
            34.91749954223633
          ]
        ]
      }
    },
    {
      "type": "Feature",
      "properties": {
        "id": 5033856,
        "offset": 0,
        "red_duration": 10,
        "green_duration": 8
      },
      "geometry": {
        "type": "LineString",
        "coordinates": [
          [
            26.75279350612306,
            58.373477674747974,
            34.91749954223633
          ],
          [
            26.752779949031627,
            58.3734663135671,
            34.89812469482422
          ],
          [
            26.752752461062542,
            58.37344568392626,
            34.81749725341797
          ],
          [
            26.752738536439328,
            58.37343381385779,
            34.81812286376953
          ]
        ]
      }
    },
    {
      "type": "Feature",
      "properties": {
        "id": 5033857,
        "offset": 0,
        "red_duration": 10,
        "green_duration": 8
      },
      "geometry": {
        "type": "LineString",
        "coordinates": [
          [
            26.752660788432493,
            58.373453601453775,
            34.791873931884766
          ],
          [
            26.75263013039105,
            58.37344070210308,
            34.738746643066406
          ],
          [
            26.75260575239155,
            58.3734286643747,
            34.77687454223633
          ]
        ]
      }
    },
    {
      "type": "Feature",
      "properties": {
        "id": 5033858,
        "offset": 0,
        "red_duration": 10,
        "green_duration": 8
      },
      "geometry": {
        "type": "LineString",
        "coordinates": [
          [
            26.752982600557434,
            58.37323950089069,
            34.765625
          ],
          [
            26.753012391826385,
            58.373230227626706,
            34.74812316894531
          ],
          [
            26.75307066036191,
            58.37321336951176,
            34.72999954223633
          ],
          [
            26.75312918103155,
            58.37319713624811,
            34.73062515258789
          ],
          [
            26.753171083464274,
            58.37318523352182,
            34.7193717956543
          ]
        ]
      }
    },
    {
      "type": "Feature",
      "properties": {
        "id": 5033862,
        "offset": 0,
        "red_duration": 10,
        "green_duration": 8
      },
      "geometry": {
        "type": "LineString",
        "coordinates": [
          [
            26.75634223924568,
            58.37258178311652,
            35.89500045776367
          ],
          [
            26.756333311128888,
            58.372566738427324,
            35.83250045776367
          ],
          [
            26.756316759825786,
            58.372539644765695,
            35.772499084472656
          ],
          [
            26.75630682421784,
            58.37252422732647,
            35.75812530517578
          ]
        ]
      }
    },
    {
      "type": "Feature",
      "properties": {
        "id": 5033865,
        "offset": 0,
        "red_duration": 10,
        "green_duration": 8
      },
      "geometry": {
        "type": "LineString",
        "coordinates": [
          [
            26.756669394285495,
            58.37256038291202,
            35.83749771118164
          ],
          [
            26.756678326385423,
            58.37257548937042,
            35.787498474121094
          ],
          [
            26.756694044445286,
            58.37260141459002,
            35.73374938964844
          ],
          [
            26.756704440540517,
            58.37261837021926,
            35.75
          ]
        ]
      }
    },
    {
      "type": "Feature",
      "properties": {
        "id": 5033864,
        "offset": 0,
        "red_duration": 10,
        "green_duration": 8
      },
      "geometry": {
        "type": "LineString",
        "coordinates": [
          [
            26.756709525274793,
            58.37252364796609,
            35.8131217956543
          ],
          [
            26.756715689286736,
            58.372535458354825,
            35.82937240600586
          ],
          [
            26.756723037043383,
            58.3725503276617,
            35.82499694824219
          ]
        ]
      }
    },
    {
      "type": "Feature",
      "properties": {
        "id": 5033863,
        "offset": 0,
        "red_duration": 10,
        "green_duration": 8
      },
      "geometry": {
        "type": "LineString",
        "coordinates": [
          [
            26.756506467424504,
            58.37240961018894,
            35.662498474121094
          ],
          [
            26.756526932324547,
            58.3724056251121,
            35.66812515258789
          ],
          [
            26.756551487998482,
            58.37240143581229,
            35.650001525878906
          ]
        ]
      }
    },
    {
      "type": "Feature",
      "properties": {
        "id": 5033873,
        "offset": 0,
        "red_duration": 10,
        "green_duration": 8
      },
      "geometry": {
        "type": "LineString",
        "coordinates": [
          [
            26.76128458956102,
            58.371939809543825,
            36.287498474121094
          ],
          [
            26.761277343964984,
            58.37192314733644,
            36.24625015258789
          ],
          [
            26.76126419426614,
            58.37189512732483,
            36.13874816894531
          ],
          [
            26.761257433996107,
            58.37187901437525,
            36.1193733215332
          ]
        ]
      }
    },
    {
      "type": "Feature",
      "properties": {
        "id": 5033874,
        "offset": 0,
        "red_duration": 10,
        "green_duration": 8
      },
      "geometry": {
        "type": "LineString",
        "coordinates": [
          [
            26.76168251969042,
            58.37192592487322,
            36.55500030517578
          ],
          [
            26.76168897478386,
            58.371940316813465,
            36.55875015258789
          ],
          [
            26.761700422802615,
            58.37196712149766,
            36.56999969482422
          ],
          [
            26.761707377298876,
            58.371983660000126,
            36.618125915527344
          ]
        ]
      }
    },
    {
      "type": "Feature",
      "properties": {
        "id": 5033875,
        "offset": 0,
        "red_duration": 10,
        "green_duration": 8
      },
      "geometry": {
        "type": "LineString",
        "coordinates": [
          [
            26.763041184196275,
            58.371718346510264,
            36.94687271118164
          ],
          [
            26.763031879905633,
            58.371701406458016,
            36.87312316894531
          ],
          [
            26.763018616379902,
            58.37167518799063,
            36.82062530517578
          ],
          [
            26.763012869397564,
            58.371664134175006,
            36.80875015258789
          ]
        ]
      }
    },
    {
      "type": "Feature",
      "properties": {
        "id": 5033876,
        "offset": 0,
        "red_duration": 10,
        "green_duration": 8
      },
      "geometry": {
        "type": "LineString",
        "coordinates": [
          [
            26.763492513274965,
            58.37166267085627,
            37.118751525878906
          ],
          [
            26.763504440840723,
            58.37167856061895,
            37.1662483215332
          ],
          [
            26.763524243218605,
            58.3717032674444,
            37.224998474121094
          ],
          [
            26.763534482839834,
            58.371715739720855,
            37.28562545776367
          ],
          [
            26.763547616978,
            58.37173071911255,
            37.352500915527344
          ]
        ]
      }
    },
    {
      "type": "Feature",
      "properties": {
        "id": 5033878,
        "offset": 0,
        "red_duration": 10,
        "green_duration": 8
      },
      "geometry": {
        "type": "LineString",
        "coordinates": [
          [
            26.763325689660466,
            58.37150286201184,
            37.057498931884766
          ],
          [
            26.763349433504096,
            58.371491905959715,
            37.07374954223633
          ],
          [
            26.76339384842904,
            58.371473156451884,
            37.12062454223633
          ],
          [
            26.763411618367208,
            58.371464562199684,
            37.1662483215332
          ]
        ]
      }
    },
    {
      "type": "Feature",
      "properties": {
        "id": 5033880,
        "offset": 0,
        "red_duration": 10,
        "green_duration": 8
      },
      "geometry": {
        "type": "LineString",
        "coordinates": [
          [
            26.765408508679243,
            58.37099966653908,
            37.734375
          ],
          [
            26.765387719605112,
            58.37098689471699,
            37.65437316894531
          ],
          [
            26.765363171895544,
            58.37097314355914,
            37.6662483215332
          ]
        ]
      }
    },
    {
      "type": "Feature",
      "properties": {
        "id": 5033879,
        "offset": 0,
        "red_duration": 10,
        "green_duration": 8
      },
      "geometry": {
        "type": "LineString",
        "coordinates": [
          [
            26.765448379184434,
            58.37102495620661,
            37.86437225341797
          ],
          [
            26.765430190364953,
            58.37101250766568,
            37.766876220703125
          ],
          [
            26.76541079035839,
            58.371000469290664,
            37.734375
          ]
        ]
      }
    },
    {
      "type": "Feature",
      "properties": {
        "id": 5033881,
        "offset": 0,
        "red_duration": 10,
        "green_duration": 8
      },
      "geometry": {
        "type": "LineString",
        "coordinates": [
          [
            26.765550997996606,
            58.37073813596642,
            37.56562423706055
          ],
          [
            26.76557991655216,
            58.37073013624139,
            37.520626068115234
          ],
          [
            26.76562709487178,
            58.37071645532813,
            37.49812316894531
          ],
          [
            26.76565622233212,
            58.37070866321356,
            37.463748931884766
          ]
        ]
      }
    },
    {
      "type": "Feature",
      "properties": {
        "id": 5033882,
        "offset": 0,
        "red_duration": 10,
        "green_duration": 8
      },
      "geometry": {
        "type": "LineString",
        "coordinates": [
          [
            26.765962437938366,
            58.370774276748364,
            38.006248474121094
          ],
          [
            26.76598123913306,
            58.37078449279812,
            38.015625
          ],
          [
            26.766001716265222,
            58.37079534746031,
            38.05125045776367
          ]
        ]
      }
    },
    {
      "type": "Feature",
      "properties": {
        "id": 5033883,
        "offset": 0,
        "red_duration": 10,
        "green_duration": 8
      },
      "geometry": {
        "type": "LineString",
        "coordinates": [
          [
            26.765984928772394,
            58.37080664306049,
            38.057498931884766
          ],
          [
            26.766002231513394,
            58.37081616213311,
            38.08124923706055
          ],
          [
            26.766023078167176,
            58.37082824365338,
            38.11000061035156
          ],
          [
            26.76604544546945,
            58.37084039939191,
            38.143123626708984
          ],
          [
            26.766062999025547,
            58.370850185955796,
            38.19687271118164
          ]
        ]
      }
    },
    {
      "type": "Feature",
      "properties": {
        "id": 5033884,
        "offset": 0,
        "red_duration": 10,
        "green_duration": 8
      },
      "geometry": {
        "type": "LineString",
        "coordinates": [
          [
            26.765880262697138,
            58.371089668291695,
            38.303749084472656
          ],
          [
            26.765850023730202,
            58.371097909145675,
            38.24562454223633
          ],
          [
            26.765797636950136,
            58.371111234453394,
            38.196876525878906
          ],
          [
            26.765768467375818,
            58.37111904854631,
            38.22249984741211
          ]
        ]
      }
    },
    {
      "type": "Feature",
      "properties": {
        "id": 5033877,
        "offset": 0,
        "red_duration": 10,
        "green_duration": 8
      },
      "geometry": {
        "type": "LineString",
        "coordinates": [
          [
            26.76353838969772,
            58.371622958076564,
            37.068748474121094
          ],
          [
            26.763547022371213,
            58.371633532376165,
            37.09749984741211
          ],
          [
            26.763556611150623,
            58.37164527781709,
            37.098751068115234
          ]
        ]
      }
    },
    {
      "type": "Feature",
      "properties": {
        "id": 5033915,
        "offset": 0,
        "red_duration": 10,
        "green_duration": 8
      },
      "geometry": {
        "type": "LineString",
        "coordinates": [
          [
            26.767098602220216,
            58.370028556422966,
            38.129371643066406
          ],
          [
            26.76707344248925,
            58.37002032881175,
            38.044376373291016
          ],
          [
            26.767042718976327,
            58.370010177459974,
            38.014373779296875
          ]
        ]
      }
    },
    {
      "type": "Feature",
      "properties": {
        "id": 5033916,
        "offset": 0,
        "red_duration": 10,
        "green_duration": 8
      },
      "geometry": {
        "type": "LineString",
        "coordinates": [
          [
            26.76738666840267,
            58.36984896899038,
            38.06562423706055
          ],
          [
            26.76741221254569,
            58.36985647925577,
            38.11499786376953
          ],
          [
            26.767441969662855,
            58.36986563642801,
            38.25562286376953
          ]
        ]
      }
    },
    {
      "type": "Feature",
      "properties": {
        "id": 5033917,
        "offset": 0,
        "red_duration": 10,
        "green_duration": 8
      },
      "geometry": {
        "type": "LineString",
        "coordinates": [
          [
            26.768035849967166,
            58.369007897814555,
            36.717498779296875
          ],
          [
            26.76800229728242,
            58.36900136819616,
            36.63687515258789
          ],
          [
            26.767977989986424,
            58.36899661488269,
            36.650001525878906
          ]
        ]
      }
    },
    {
      "type": "Feature",
      "properties": {
        "id": 5033918,
        "offset": 0,
        "red_duration": 10,
        "green_duration": 8
      },
      "geometry": {
        "type": "LineString",
        "coordinates": [
          [
            26.768184321968196,
            58.36888736654738,
            36.703125
          ],
          [
            26.768209712031183,
            58.368891785335514,
            36.75
          ],
          [
            26.768246809738642,
            58.368898705705135,
            36.9006233215332
          ]
        ]
      }
    },
    {
      "type": "Feature",
      "properties": {
        "id": 5033919,
        "offset": 0,
        "red_duration": 10,
        "green_duration": 8
      },
      "geometry": {
        "type": "LineString",
        "coordinates": [
          [
            26.76612317752298,
            58.37127683442382,
            38.52000045776367
          ],
          [
            26.766145800438085,
            58.37127162439411,
            38.5
          ],
          [
            26.76619882516935,
            58.3712595423202,
            38.41187286376953
          ],
          [
            26.76622740355187,
            58.371253191022355,
            38.38687515258789
          ]
        ]
      }
    },
    {
      "type": "Feature",
      "properties": {
        "id": 5033920,
        "offset": 0,
        "red_duration": 10,
        "green_duration": 8
      },
      "geometry": {
        "type": "LineString",
        "coordinates": [
          [
            26.766160372022956,
            58.37140232590363,
            38.615623474121094
          ],
          [
            26.766135618255134,
            58.3714078087093,
            38.5568733215332
          ],
          [
            26.766081133541196,
            58.37141976801972,
            38.491249084472656
          ],
          [
            26.766050153321874,
            58.37142606332613,
            38.553123474121094
          ]
        ]
      }
    },
    {
      "type": "Feature",
      "properties": {
        "id": 5033921,
        "offset": 0,
        "red_duration": 10,
        "green_duration": 8
      },
      "geometry": {
        "type": "LineString",
        "coordinates": [
          [
            26.76998928725257,
            58.375624412800626,
            49.198123931884766
          ],
          [
            26.770009269090828,
            58.37561991921699,
            49.1974983215332
          ],
          [
            26.770061616380136,
            58.37560878319273,
            49.192501068115234
          ],
          [
            26.770086298379915,
            58.37560296477031,
            49.26874923706055
          ]
        ]
      }
    },
    {
      "type": "Feature",
      "properties": {
        "id": 5033922,
        "offset": 0,
        "red_duration": 10,
        "green_duration": 8
      },
      "geometry": {
        "type": "LineString",
        "coordinates": [
          [
            26.770056400699023,
            58.37577549156567,
            49.67250061035156
          ],
          [
            26.770034842353965,
            58.37578002261994,
            49.66874694824219
          ],
          [
            26.769986262073107,
            58.37579091230941,
            49.62687301635742
          ],
          [
            26.769960537536228,
            58.375797237017,
            49.6506233215332
          ]
        ]
      }
    },
    {
      "type": "Feature",
      "properties": {
        "id": 5033924,
        "offset": 0,
        "red_duration": 10,
        "green_duration": 8
      },
      "geometry": {
        "type": "LineString",
        "coordinates": [
          [
            26.77075561357228,
            58.37651176109942,
            51.8068733215332
          ],
          [
            26.77077721153178,
            58.3765074174661,
            51.85187530517578
          ],
          [
            26.77082632442951,
            58.376497254006594,
            51.96249771118164
          ],
          [
            26.770858016374916,
            58.376491216311436,
            52.053123474121094
          ]
        ]
      }
    },
    {
      "type": "Feature",
      "properties": {
        "id": 5033923,
        "offset": 0,
        "red_duration": 10,
        "green_duration": 8
      },
      "geometry": {
        "type": "LineString",
        "coordinates": [
          [
            26.770733437233307,
            58.37657569608347,
            51.791873931884766
          ],
          [
            26.770705169838557,
            58.37658098172284,
            51.751251220703125
          ],
          [
            26.77065608224961,
            58.37659014170245,
            51.623748779296875
          ],
          [
            26.77063264332328,
            58.37659459397649,
            51.66937255859375
          ]
        ]
      }
    },
    {
      "type": "Feature",
      "properties": {
        "id": 5033925,
        "offset": 0,
        "red_duration": 10,
        "green_duration": 8
      },
      "geometry": {
        "type": "LineString",
        "coordinates": [
          [
            26.721030829729592,
            58.39229137423422,
            53.21437454223633
          ],
          [
            26.721046374027026,
            58.39230427247626,
            53.19624710083008
          ],
          [
            26.72106446530383,
            58.392320452881634,
            53.195621490478516
          ]
        ]
      }
    },
    {
      "type": "Feature",
      "properties": {
        "id": 5033928,
        "offset": 0,
        "red_duration": 10,
        "green_duration": 8
      },
      "geometry": {
        "type": "LineString",
        "coordinates": [
          [
            26.720636775721243,
            58.392247346750224,
            52.87999725341797
          ],
          [
            26.72066012163055,
            58.392238550154296,
            52.88062286376953
          ],
          [
            26.720683972438756,
            58.39222898391931,
            52.95124816894531
          ]
        ]
      }
    },
    {
      "type": "Feature",
      "properties": {
        "id": 5033927,
        "offset": 0,
        "red_duration": 10,
        "green_duration": 8
      },
      "geometry": {
        "type": "LineString",
        "coordinates": [
          [
            26.72096740509663,
            58.39246337141854,
            53.12999725341797
          ],
          [
            26.72095164300592,
            58.392469297346736,
            53.106876373291016
          ],
          [
            26.720925225031934,
            58.392480468415755,
            53.09000015258789
          ]
        ]
      }
    },
    {
      "type": "Feature",
      "properties": {
        "id": 5033926,
        "offset": 0,
        "red_duration": 10,
        "green_duration": 8
      },
      "geometry": {
        "type": "LineString",
        "coordinates": [
          [
            26.720553047545135,
            58.39246038466171,
            53.071250915527344
          ],
          [
            26.72053424716605,
            58.392445357350226,
            53.024375915527344
          ],
          [
            26.720520091927362,
            58.392433482241145,
            52.97374725341797
          ]
        ]
      }
    },
    {
      "type": "Feature",
      "properties": {
        "id": 5033929,
        "offset": 0,
        "red_duration": 10,
        "green_duration": 8
      },
      "geometry": {
        "type": "LineString",
        "coordinates": [
          [
            26.717861209248163,
            58.39342148908728,
            52.50187301635742
          ],
          [
            26.717878717984643,
            58.39343397613078,
            52.467498779296875
          ],
          [
            26.717895047897663,
            58.39344614374194,
            52.43687438964844
          ]
        ]
      }
    },
    {
      "type": "Feature",
      "properties": {
        "id": 5033930,
        "offset": 0,
        "red_duration": 10,
        "green_duration": 8
      },
      "geometry": {
        "type": "LineString",
        "coordinates": [
          [
            26.717810175309427,
            58.39360428012084,
            52.319374084472656
          ],
          [
            26.71778927684718,
            58.39361084783525,
            52.26625061035156
          ],
          [
            26.717787587579892,
            58.39361137675565,
            52.26625061035156
          ],
          [
            26.717771330383368,
            58.393616466986074,
            52.2193717956543
          ]
        ]
      }
    },
    {
      "type": "Feature",
      "properties": {
        "id": 5033931,
        "offset": 0,
        "red_duration": 10,
        "green_duration": 8
      },
      "geometry": {
        "type": "LineString",
        "coordinates": [
          [
            26.71754627220079,
            58.393555171948414,
            52.320621490478516
          ],
          [
            26.717528767130236,
            58.39354637692166,
            52.26749801635742
          ],
          [
            26.717505787845727,
            58.393533369405226,
            52.31749725341797
          ]
        ]
      }
    },
    {
      "type": "Feature",
      "properties": {
        "id": 5033934,
        "offset": 0,
        "red_duration": 10,
        "green_duration": 8
      },
      "geometry": {
        "type": "LineString",
        "coordinates": [
          [
            26.70917121148247,
            58.398443985871126,
            49.646873474121094
          ],
          [
            26.709143752444312,
            58.39843827236854,
            49.62874984741211
          ],
          [
            26.70911658455661,
            58.39843186117964,
            49.61312484741211
          ]
        ]
      }
    },
    {
      "type": "Feature",
      "properties": {
        "id": 5033933,
        "offset": 0,
        "red_duration": 10,
        "green_duration": 8
      },
      "geometry": {
        "type": "LineString",
        "coordinates": [
          [
            26.709218056630167,
            58.398454598882715,
            49.666873931884766
          ],
          [
            26.70919667508528,
            58.398449488093235,
            49.65999984741211
          ],
          [
            26.70917121148247,
            58.398443985871126,
            49.646873474121094
          ]
        ]
      }
    },
    {
      "type": "Feature",
      "properties": {
        "id": 5033935,
        "offset": 0,
        "red_duration": 10,
        "green_duration": 8
      },
      "geometry": {
        "type": "LineString",
        "coordinates": [
          [
            26.70944326477078,
            58.398207511921996,
            49.67250061035156
          ],
          [
            26.709476183608167,
            58.39821598333939,
            49.6818733215332
          ],
          [
            26.70950923527204,
            58.3982236249212,
            49.70124816894531
          ]
        ]
      }
    },
    {
      "type": "Feature",
      "properties": {
        "id": 5033932,
        "offset": 0,
        "red_duration": 10,
        "green_duration": 8
      },
      "geometry": {
        "type": "LineString",
        "coordinates": [
          [
            26.70959740641184,
            58.39840548861295,
            49.877498626708984
          ],
          [
            26.709585095015207,
            58.398414949572796,
            49.84937286376953
          ],
          [
            26.709568379148386,
            58.398427641432335,
            49.89999771118164
          ]
        ]
      }
    },
    {
      "type": "Feature",
      "properties": {
        "id": 5033936,
        "offset": 0,
        "red_duration": 10,
        "green_duration": 8
      },
      "geometry": {
        "type": "LineString",
        "coordinates": [
          [
            26.708400356861766,
            58.40080169247807,
            46.52000045776367
          ],
          [
            26.708428630485514,
            58.40080164079423,
            46.439998626708984
          ],
          [
            26.708459981173867,
            58.40080169486747,
            46.423126220703125
          ]
        ]
      }
    },
    {
      "type": "Feature",
      "properties": {
        "id": 5033937,
        "offset": 0,
        "red_duration": 10,
        "green_duration": 8
      },
      "geometry": {
        "type": "LineString",
        "coordinates": [
          [
            26.708347216072347,
            58.40110176499021,
            45.75749969482422
          ],
          [
            26.708316103640147,
            58.40110220796814,
            45.6974983215332
          ],
          [
            26.708288309029438,
            58.40110255775498,
            45.665000915527344
          ]
        ]
      }
    },
    {
      "type": "Feature",
      "properties": {
        "id": 5033938,
        "offset": 0,
        "red_duration": 10,
        "green_duration": 8
      },
      "geometry": {
        "type": "LineString",
        "coordinates": [
          [
            26.708403909106245,
            58.40115867133977,
            45.65250015258789
          ],
          [
            26.70837717402623,
            58.40115874841679,
            45.65374755859375
          ],
          [
            26.708351039378435,
            58.401158823757385,
            45.646873474121094
          ]
        ]
      }
    },
    {
      "type": "Feature",
      "properties": {
        "id": 5033940,
        "offset": 0,
        "red_duration": 10,
        "green_duration": 8
      },
      "geometry": {
        "type": "LineString",
        "coordinates": [
          [
            26.7084173889046,
            58.40218109235499,
            44.76749801635742
          ],
          [
            26.708448052745666,
            58.40218044081184,
            44.72687530517578
          ],
          [
            26.70847973289375,
            58.4021795094057,
            44.7287483215332
          ]
        ]
      }
    },
    {
      "type": "Feature",
      "properties": {
        "id": 5033939,
        "offset": 0,
        "red_duration": 10,
        "green_duration": 8
      },
      "geometry": {
        "type": "LineString",
        "coordinates": [
          [
            26.708353076171196,
            58.40244071263212,
            44.68812561035156
          ],
          [
            26.708322206643896,
            58.402441262624805,
            44.65749740600586
          ],
          [
            26.70829206892678,
            58.4024412238536,
            44.61874771118164
          ]
        ]
      }
    }
  ]
}